{
	"credit": "Made by Poloskun_ http://www.youtube.com/c/Enchig",
	"parent": "phantom",
	"texture_size": [64, 64],
	"textures": {
		"0": "entity/phantom",
		"particle": "entity/phantom"
	},
	"elements": [
		{
			"from": [3, 1, 0],
			"to": [10, 4, 5],
			"rotation": {"angle": 0, "axis": "y", "origin": [11, 9, 8]},
			"faces": {
				"north": {"uv": [1.25, 1.25, 3, 2], "texture": "#0"},
				"east": {"uv": [0, 1.25, 1.25, 2], "texture": "#0"},
				"south": {"uv": [4.25, 1.25, 6, 2], "texture": "#0"},
				"west": {"uv": [3, 1.25, 4.25, 2], "texture": "#0"},
				"up": {"uv": [1.25, 0, 3, 1.25], "rotation": 180, "texture": "#0"},
				"down": {"uv": [3, 0, 4.75, 1.25], "texture": "#0"}
			}
		},
		{
			"from": [4, 2, 5],
			"to": [9, 5, 14],
			"rotation": {"angle": 0, "axis": "y", "origin": [12, 10, 13]},
			"faces": {
				"north": {"uv": [2.25, 4.25, 3.5, 5], "texture": "#0"},
				"east": {"uv": [0, 4.25, 2.25, 5], "texture": "#0"},
				"south": {"uv": [5.75, 4.25, 7, 5], "texture": "#0"},
				"west": {"uv": [3.5, 4.25, 5.75, 5], "texture": "#0"},
				"up": {"uv": [2.25, 2, 3.5, 4.25], "rotation": 180, "texture": "#0"},
				"down": {"uv": [3.5, 2, 4.75, 4.25], "rotation": 180, "texture": "#0"}
			}
		},
		{
			"from": [-2, 3, 5],
			"to": [4, 5, 14],
			"rotation": {"angle": 0, "axis": "z", "origin": [6, 11, 13]},
			"faces": {
				"north": {"uv": [8, 5.25, 9.5, 5.75], "texture": "#0"},
				"east": {"uv": [9.5, 5.25, 11.75, 5.75], "texture": "#0"},
				"south": {"uv": [13.25, 5.25, 11.75, 5.75], "rotation": 180, "texture": "#0"},
				"west": {"uv": [5.75, 5.25, 8, 5.75], "texture": "#0"},
				"up": {"uv": [8, 3, 9.5, 5.25], "rotation": 180, "texture": "#0"},
				"down": {"uv": [11, 3, 9.5, 5.25], "texture": "#0"}
			}
		},
		{
			"from": [9, 3, 5],
			"to": [15, 5, 14],
			"rotation": {"angle": 0, "axis": "y", "origin": [6, 11, 13]},
			"faces": {
				"north": {"uv": [9.5, 5.25, 8, 5.75], "texture": "#0"},
				"east": {"uv": [9.75, 11.5, 12, 12], "texture": "#0"},
				"south": {"uv": [11.75, 5.25, 13.25, 5.75], "rotation": 180, "texture": "#0"},
				"west": {"uv": [5.75, 5.25, 8, 5.75], "texture": "#missing"},
				"up": {"uv": [9.5, 3, 8, 5.25], "rotation": 180, "texture": "#0"},
				"down": {"uv": [9.5, 3, 11, 5.25], "texture": "#0"}
			}
		},
		{
			"from": [5, 3, 14],
			"to": [8, 5, 20],
			"rotation": {"angle": 0, "axis": "y", "origin": [13, 11, 22]},
			"faces": {
				"north": {"uv": [2.25, 6.5, 3, 7], "texture": "#0"},
				"east": {"uv": [3, 6.5, 4.5, 7], "texture": "#0"},
				"south": {"uv": [4.5, 6.5, 5.25, 7], "texture": "#0"},
				"west": {"uv": [0.75, 6.5, 2.25, 7], "texture": "#0"},
				"up": {"uv": [2.25, 5, 3, 6.5], "texture": "#0"},
				"down": {"uv": [3, 5, 3.75, 6.5], "rotation": 180, "texture": "#0"}
			}
		},
		{
			"from": [6, 4, 20],
			"to": [7, 5, 26],
			"rotation": {"angle": 0, "axis": "y", "origin": [14, 12, 28]},
			"faces": {
				"north": {"uv": [2.5, 8.75, 3, 9], "texture": "#0"},
				"east": {"uv": [3, 8.75, 4.5, 9], "texture": "#0"},
				"south": {"uv": [2.5, 8.75, 2.75, 9], "rotation": 180, "texture": "#0"},
				"west": {"uv": [1, 8.75, 2.5, 9], "texture": "#0"},
				"up": {"uv": [2.5, 7.25, 2.75, 8.75], "texture": "#0"},
				"down": {"uv": [2.75, 7.25, 3, 8.75], "rotation": 180, "texture": "#0"}
			}
		},
		{
			"from": [-15, 4, 5],
			"to": [-2, 5, 14],
			"rotation": {"angle": 0, "axis": "z", "origin": [6, 11, 13]},
			"faces": {
				"north": {"uv": [6.25, 8.25, 9.5, 8.5], "texture": "#0"},
				"east": {"uv": [4, 8.25, 6.25, 8.5], "texture": "#0"},
				"south": {"uv": [10, 8.75, 13.25, 9], "texture": "#0"},
				"west": {"uv": [9.25, 8.25, 11.5, 8.5], "texture": "#0"},
				"up": {"uv": [6.25, 6, 9.5, 8.25], "rotation": 180, "texture": "#0"},
				"down": {"uv": [12.75, 6, 9.5, 8.25], "texture": "#0"}
			}
		},
		{
			"from": [15, 4, 5],
			"to": [28, 5, 14],
			"rotation": {"angle": 0, "axis": "y", "origin": [23, 12, 13]},
			"faces": {
				"north": {"uv": [6.25, 8.25, 9.5, 8.5], "texture": "#0"},
				"east": {"uv": [1, 13.75, 3.25, 14], "texture": "#0"},
				"south": {"uv": [10, 8.75, 13.25, 9], "texture": "#0"},
				"west": {"uv": [4, 8.25, 6.25, 8.5], "texture": "#0"},
				"up": {"uv": [9.5, 6, 6.25, 8.25], "rotation": 180, "texture": "#0"},
				"down": {"uv": [9.5, 6, 12.75, 8.25], "texture": "#0"}
			}
		}
	],
	"display": {
		"thirdperson_righthand": {
			"rotation": [81, -29, -45],
			"translation": [8.5, -5.25, 21]
		},
		"thirdperson_lefthand": {
			"rotation": [81, -29, -45],
			"translation": [8.5, -5.25, 21]
		},
		"firstperson_righthand": {
			"rotation": [25, 0, 0],
			"translation": [8.5, 17.25, 0],
			"scale": [0.5, 0.5, 0.5]
		},
		"firstperson_lefthand": {
			"rotation": [25, 0, 0],
			"translation": [6.5, 17.25, 0],
			"scale": [0.5, 0.5, 0.5]
		},
		"ground": {
			"translation": [0, 2, 0],
			"scale": [0.5, 0.5, 0.5]
		},
		"gui": {
			"rotation": [45, 140, 0],
			"translation": [-0.75, 0.5, 0],
			"scale": [0.35, 0.35, 0.35]
		},
		"head": {
			"rotation": [0, 0, -25],
			"translation": [15, 16.75, -1],
			"scale": [1.2, 1.2, 1.2]
		},
		"fixed": {
			"rotation": [-90, 0, 0],
			"translation": [1, -3.5, -4.5],
			"scale": [1.2, 1.2, 1.2]
		}
	}
}