{
  "variants":{
    "facing=east,honey_level=0": {"y": 90,"model": "block/beehive"},
    "facing=east,honey_level=1": {"y": 90,"model": "block/beehive/beehive_filled_1"},
    "facing=east,honey_level=2": {"y": 90,"model": "block/beehive/beehive_filled_2"},
    "facing=east,honey_level=3": {"y": 90,"model": "block/beehive/beehive_filled_3"},
    "facing=east,honey_level=4": {"y": 90,"model": "block/beehive/beehive_filled_4"},
    "facing=east,honey_level=5": {"y": 90,"model": "block/beehive_honey"},
    "facing=north,honey_level=0": {"model": "block/beehive"},
    "facing=north,honey_level=1": {"model": "block/beehive/beehive_filled_1"},
    "facing=north,honey_level=2": {"model": "block/beehive/beehive_filled_2"},
    "facing=north,honey_level=3": {"model": "block/beehive/beehive_filled_3"},
    "facing=north,honey_level=4": {"model": "block/beehive/beehive_filled_4"},
    "facing=north,honey_level=5": {"model": "block/beehive_honey"},
    "facing=south,honey_level=0": {"y": 180,"model": "block/beehive"},
    "facing=south,honey_level=1": {"y": 180,"model": "block/beehive/beehive_filled_1"},
    "facing=south,honey_level=2": {"y": 180,"model": "block/beehive/beehive_filled_2"},
    "facing=south,honey_level=3": {"y": 180,"model": "block/beehive/beehive_filled_3"},
    "facing=south,honey_level=4": {"y": 180,"model": "block/beehive/beehive_filled_4"},
    "facing=south,honey_level=5": {"y": 180,"model": "block/beehive_honey"},
    "facing=west,honey_level=0": {"y": 270,"model": "block/beehive"},
    "facing=west,honey_level=1": {"y": 270,"model": "block/beehive/beehive_filled_1"},
    "facing=west,honey_level=2": {"y": 270,"model": "block/beehive/beehive_filled_2"},
    "facing=west,honey_level=3": {"y": 270,"model": "block/beehive/beehive_filled_3"},
    "facing=west,honey_level=4": {"y": 270,"model": "block/beehive/beehive_filled_4"},
    "facing=west,honey_level=5": {"y": 270,"model": "block/beehive_honey"}
  }
}