{
    "variants":{
        "":[
            {"model": "block/cactus/cactus_0", "weight": 20},
            {"model": "block/cactus/cactus_1", "weight": 5},
            {"model": "block/cactus/cactus_1", "weight": 5, "y": 90},
            {"model": "block/cactus/cactus_1", "weight": 5, "y": 180},
            {"model": "block/cactus/cactus_1", "weight": 5, "y": 270},
            {"model": "block/cactus/cactus_2", "weight": 3}, 
            {"model": "block/cactus/cactus_2", "weight": 3, "y": 90},
            {"model": "block/cactus/cactus_2", "weight": 3, "y": 180},
            {"model": "block/cactus/cactus_2", "weight": 3, "y": 270},
            {"model": "block/cactus/cactus_3", "weight": 1}, 
            {"model": "block/cactus/cactus_3", "weight": 1, "y": 90},
            {"model": "block/cactus/cactus_3", "weight": 1, "y": 180},
            {"model": "block/cactus/cactus_3", "weight": 1, "y": 270},
            {"model": "block/cactus/cactus_4", "weight": 5}, 
            {"model": "block/cactus/cactus_4", "weight": 5, "y": 90},
            {"model": "block/cactus/cactus_4", "weight": 5, "y": 180},
            {"model": "block/cactus/cactus_4", "weight": 5, "y": 270},
            {"model": "block/cactus/cactus_5", "weight": 3}, 
            {"model": "block/cactus/cactus_5", "weight": 3, "y": 90},
            {"model": "block/cactus/cactus_5", "weight": 3, "y": 180},
            {"model": "block/cactus/cactus_5", "weight": 3, "y": 270},
            {"model": "block/cactus/cactus_6", "weight": 1}, 
            {"model": "block/cactus/cactus_6", "weight": 1, "y": 90},
            {"model": "block/cactus/cactus_6", "weight": 1, "y": 180},
            {"model": "block/cactus/cactus_6", "weight": 1, "y": 270}
        ]
    }
}