{
    "variants": {
        "facing=east":[
            {"model": "minecraft:block/jack_o_lantern/0", "y": 90},
	        {"model": "minecraft:block/jack_o_lantern/1", "y": 90},
	        {"model": "minecraft:block/jack_o_lantern/2", "y": 90},
            {"model": "minecraft:block/jack_o_lantern/3", "y": 90},
            {"model": "minecraft:block/jack_o_lantern/4", "y": 90},
            {"model": "minecraft:block/jack_o_lantern/5", "y": 90},
            {"model": "minecraft:block/jack_o_lantern/6", "y": 90},
            {"model": "minecraft:block/jack_o_lantern/7", "y": 90},
            {"model": "minecraft:block/jack_o_lantern/8", "y": 90}
        ],
        "facing=north":[
            {"model": "minecraft:block/jack_o_lantern/0"},
            {"model": "minecraft:block/jack_o_lantern/1"},
            {"model": "minecraft:block/jack_o_lantern/2"},
            {"model": "minecraft:block/jack_o_lantern/3"},
            {"model": "minecraft:block/jack_o_lantern/4"},
            {"model": "minecraft:block/jack_o_lantern/5"},
            {"model": "minecraft:block/jack_o_lantern/6"},
            {"model": "minecraft:block/jack_o_lantern/7"},
            {"model": "minecraft:block/jack_o_lantern/8"}
        ],    
        "facing=south":[
            {"model": "minecraft:block/jack_o_lantern/0", "y": 180},
            {"model": "minecraft:block/jack_o_lantern/1", "y": 180},
            {"model": "minecraft:block/jack_o_lantern/2", "y": 180},
            {"model": "minecraft:block/jack_o_lantern/3", "y": 180},
            {"model": "minecraft:block/jack_o_lantern/4", "y": 180},
            {"model": "minecraft:block/jack_o_lantern/5", "y": 180},
            {"model": "minecraft:block/jack_o_lantern/6", "y": 180},
            {"model": "minecraft:block/jack_o_lantern/7", "y": 180},
            {"model": "minecraft:block/jack_o_lantern/8", "y": 180}
        ],
        "facing=west":[
            {"model": "minecraft:block/jack_o_lantern/0", "y": 270},
            {"model": "minecraft:block/jack_o_lantern/1", "y": 270},
            {"model": "minecraft:block/jack_o_lantern/2", "y": 270},
            {"model": "minecraft:block/jack_o_lantern/3", "y": 270},
            {"model": "minecraft:block/jack_o_lantern/4", "y": 270},
            {"model": "minecraft:block/jack_o_lantern/5", "y": 270},
            {"model": "minecraft:block/jack_o_lantern/6", "y": 270},
            {"model": "minecraft:block/jack_o_lantern/7", "y": 270},
            {"model": "minecraft:block/jack_o_lantern/8", "y": 270}
        ]  
    }
}