{
	"credit": "Made by Poloskun_ http://www.youtube.com/c/Enchig",
	"texture_size": [128, 64],
	"textures": {
		"0": "custom/christmas/snowman",
		"particle": "custom/christmas/snowman"
	},
	"elements": [
		{
			"from": [2, 0, 2],
			"to": [14, 9, 14],
			"faces": {
				"north": {"uv": [0, 5, 2.5, 8.75], "texture": "#0"},
				"east": {"uv": [0, 5, 2.5, 8.75], "texture": "#0"},
				"south": {"uv": [0, 5, 2.5, 8.75], "texture": "#0"},
				"west": {"uv": [0, 5, 2.5, 8.75], "texture": "#0"},
				"up": {"uv": [0, 0, 2.5, 5], "texture": "#0"},
				"down": {"uv": [0, 8.75, 2.5, 13.75], "texture": "#0"}
			}
		},
		{
			"from": [-10, 0.1, -10],
			"to": [23, 0.1, 23],
			"faces": {
				"north": {"uv": [0, 0, 1, 1], "texture": "#missing"},
				"east": {"uv": [0, 0, 1, 1], "texture": "#missing"},
				"south": {"uv": [0, 0, 1, 1], "texture": "#missing"},
				"west": {"uv": [0, 0, 1, 1], "texture": "#missing"},
				"up": {"uv": [16, 10.25, 10.875, 0], "texture": "#0"},
				"down": {"uv": [16, 0, 10.875, 10.25], "texture": "#0"}
			}
		},
		{
			"from": [-1.5, 0, -4.75],
			"to": [7.5, 7, 4.25],
			"rotation": {"angle": -45, "axis": "y", "origin": [0, 0, 0]},
			"faces": {
				"north": {"uv": [2.625, 7, 4.625, 4], "texture": "#0"},
				"east": {"uv": [2.625, 7, 4.625, 4], "texture": "#0"},
				"south": {"uv": [2.625, 7, 4.625, 4], "texture": "#0"},
				"west": {"uv": [2.625, 7, 4.625, 4], "texture": "#0"},
				"up": {"uv": [2.625, 7, 4.625, 11], "texture": "#0"},
				"down": {"uv": [2.625, 0, 4.625, 4], "texture": "#0"}
			}
		},
		{
			"from": [-2.5, 0.75, 6.5],
			"to": [4.5, 7.75, 13.5],
			"rotation": {"angle": 22.5, "axis": "z", "origin": [0, -0.1, 0]},
			"faces": {
				"north": {"uv": [4.75, 3, 6.25, 6], "texture": "#0"},
				"east": {"uv": [4.75, 0, 6.25, 3], "texture": "#0"},
				"south": {"uv": [6.25, 3, 4.75, 6], "texture": "#0"},
				"west": {"uv": [7.75, 3, 9.25, 6], "texture": "#0"},
				"up": {"uv": [6.25, 0, 7.75, 3], "texture": "#0"},
				"down": {"uv": [6.25, 6, 7.75, 9], "texture": "#0"}
			}
		},
		{
			"from": [-3.4, 3.65, 9.4],
			"to": [-0.4, 4.9, 10.65],
			"rotation": {"angle": 45, "axis": "z", "origin": [0, -0.1, 0]},
			"faces": {
				"north": {"uv": [4.75, 6.5, 5.375, 7], "texture": "#0"},
				"south": {"uv": [5.375, 6.5, 4.75, 7], "texture": "#0"},
				"west": {"uv": [5.375, 6.5, 5.625, 7], "texture": "#0"},
				"up": {"uv": [5.375, 6, 4.75, 6.5], "texture": "#0"},
				"down": {"uv": [0, 0, 1, 1], "texture": "#missing"}
			}
		},
		{
			"from": [3.75, 2, -2],
			"to": [11.65, 8.25, 6.2],
			"rotation": {"angle": -22.5, "axis": "x", "origin": [0, -0.5, 0]},
			"faces": {
				"north": {"uv": [9.125, 13.5, 10.625, 16], "texture": "#0"},
				"east": {"uv": [9.125, 13.5, 10.625, 16], "texture": "#0"},
				"south": {"uv": [9.125, 13.5, 10.625, 16], "texture": "#0"},
				"west": {"uv": [9.125, 13.5, 10.625, 16], "texture": "#0"},
				"up": {"uv": [9.125, 10.5, 10.625, 13.5], "texture": "#0"},
				"down": {"uv": [9.125, 10.5, 10.625, 13.5], "texture": "#0"}
			}
		},
		{
			"from": [0.65, 2, -5.2],
			"to": [14.8, 2, 9.4],
			"rotation": {"angle": -22.5, "axis": "x", "origin": [0, -0.5, 0]},
			"faces": {
				"north": {"uv": [0, 0, 1, 1], "texture": "#missing"},
				"east": {"uv": [0, 0, 1, 1], "texture": "#missing"},
				"south": {"uv": [0, 0, 1, 1], "texture": "#missing"},
				"west": {"uv": [0, 0, 1, 1], "texture": "#missing"},
				"up": {"uv": [6.375, 10.5, 9.125, 16], "texture": "#0"},
				"down": {"uv": [6.375, 10.5, 9.125, 16], "texture": "#0"}
			}
		},
		{
			"from": [10, 9.5, 1.5],
			"to": [10, 20.5, 8.5],
			"rotation": {"angle": 22.5, "axis": "x", "origin": [0, 0, 0]},
			"faces": {
				"north": {"uv": [0, 0, 1, 1], "rotation": 180, "texture": "#missing"},
				"east": {"uv": [4.75, 11.25, 2.5, 13.75], "rotation": 90, "texture": "#0"},
				"south": {"uv": [0, 0, 1, 1], "texture": "#missing"},
				"west": {"uv": [4.75, 13.75, 2.5, 11.25], "rotation": 90, "texture": "#0"},
				"up": {"uv": [0, 0, 1, 1], "rotation": 180, "texture": "#missing"},
				"down": {"uv": [0, 0, 1, 1], "texture": "#missing"}
			}
		},
		{
			"from": [6.1, -0.1, 5.5],
			"to": [17.1, 3.9, 16.5],
			"rotation": {"angle": 0, "axis": "y", "origin": [0.6, 0, 6]},
			"faces": {
				"north": {"uv": [13.875, 14.5, 16, 16], "texture": "#0"},
				"east": {"uv": [13.875, 14.5, 16, 16], "texture": "#0"},
				"south": {"uv": [13.875, 14.5, 16, 16], "texture": "#0"},
				"west": {"uv": [13.875, 14.5, 16, 16], "texture": "#0"},
				"up": {"uv": [13.875, 10.25, 16, 14.5], "texture": "#0"},
				"down": {"uv": [11.75, 10.25, 13.875, 14.5], "texture": "#0"}
			}
		},
		{
			"from": [6.7, 5.6, 15],
			"to": [10.7, 5.6, 19],
			"rotation": {"angle": 22.5, "axis": "x", "origin": [0.6, 0, 6]},
			"faces": {
				"north": {"uv": [0, 0, 1, 1], "rotation": 90, "texture": "#missing"},
				"east": {"uv": [0, 0, 1, 1], "rotation": 270, "texture": "#missing"},
				"south": {"uv": [0, 0, 1, 1], "rotation": 90, "texture": "#missing"},
				"west": {"uv": [0, 0, 1, 1], "rotation": 90, "texture": "#missing"},
				"up": {"uv": [10.875, 16, 11.75, 14], "rotation": 180, "texture": "#0"},
				"down": {"uv": [11.75, 16, 10.875, 14], "texture": "#0"}
			}
		}
	],
	"display": {
		"thirdperson_righthand": {
			"rotation": [53, -126, 0],
			"translation": [0, 0.5, 1],
			"scale": [0.24, 0.24, 0.24]
		},
		"thirdperson_lefthand": {
			"rotation": [53, 118, 0],
			"translation": [0, 0.5, 1],
			"scale": [0.24, 0.24, 0.24]
		},
		"firstperson_righthand": {
			"rotation": [-20, -4, 0],
			"translation": [5.5, 2.25, 0],
			"scale": [0.27, 0.27, 0.27]
		},
		"firstperson_lefthand": {
			"rotation": [-20, 177, 0],
			"translation": [5.5, 2.25, 0],
			"scale": [0.27, 0.27, 0.27]
		},
		"ground": {
			"translation": [0, 1.75, 0],
			"scale": [0.4, 0.4, 0.4]
		},
		"gui": {
			"rotation": [30, 126, 0],
			"translation": [0.5, 2, 0],
			"scale": [0.46, 0.46, 0.46]
		},
		"head": {
			"rotation": [0, 90, 0],
			"translation": [0, -26, 0],
			"scale": [2.11, 2.11, 2.11]
		},
		"fixed": {
			"rotation": [-90, 0, 0],
			"translation": [1.75, 0, -7.5],
			"scale": [0.92, 0.92, 0.92]
		}
	}
}