{
	"credit": "Made by Poloskun_ http://www.youtube.com/c/Enchig",
	"texture_size": [64, 64],
	"textures": {
		"0": "custom/decor/books",
		"particle": "custom/decor/books"
	},
	"elements": [
		{
			"from": [11, 0, 3],
			"to": [11, 2, 13],
			"rotation": {"angle": 0, "axis": "y", "origin": [7, 8, 7]},
			"faces": {
				"east": {"uv": [9, 3, 8.5, 5.5], "rotation": 270, "texture": "#0"},
				"south": {"uv": [0, 0, 0, 0.125], "texture": "#missing"},
				"west": {"uv": [8.5, 3, 9, 5.5], "rotation": 90, "texture": "#0"},
				"up": {"uv": [0, 0, 0, 0.625], "texture": "#missing"},
				"down": {"uv": [0, 0, 0, 0.625], "texture": "#missing"}
			}
		},
		{
			"from": [5, 0, 3],
			"to": [11, 0, 13],
			"rotation": {"angle": 0, "axis": "y", "origin": [7, 8, 7]},
			"faces": {
				"east": {"uv": [0, 0, 0.625, 0], "texture": "#missing"},
				"south": {"uv": [0, 0, 0.375, 0], "texture": "#missing"},
				"west": {"uv": [0, 0, 0.625, 0], "texture": "#missing"},
				"up": {"uv": [8.5, 3, 7, 5.5], "rotation": 180, "texture": "#0"},
				"down": {"uv": [7, 3, 8.5, 5.5], "texture": "#0"}
			}
		},
		{
			"from": [5, 2, 3],
			"to": [11, 2, 13],
			"rotation": {"angle": 0, "axis": "y", "origin": [7, 8, 7]},
			"faces": {
				"east": {"uv": [0, 0, 0.625, 0], "texture": "#missing"},
				"south": {"uv": [0, 0, 0.375, 0], "texture": "#missing"},
				"west": {"uv": [0, 0, 0.625, 0], "texture": "#missing"},
				"up": {"uv": [8.5, 3, 7, 5.5], "rotation": 180, "texture": "#0"},
				"down": {"uv": [7, 3, 8.5, 5.5], "texture": "#0"}
			}
		},
		{
			"from": [5.99, 0.01, 4],
			"to": [10.99, 1.99, 12],
			"faces": {
				"north": {"uv": [0.5, 11, 1.75, 11.5], "texture": "#0"},
				"east": {"uv": [0.25, 11.25, 0.75, 13.25], "rotation": 90, "texture": "#0"},
				"south": {"uv": [0.5, 11, 1.75, 11.5], "texture": "#0"},
				"west": {"uv": [0.25, 11.25, 0.75, 13.25], "rotation": 90, "texture": "#0"},
				"up": {"uv": [0.5, 11.25, 1.75, 13.25], "texture": "#0"},
				"down": {"uv": [2, 11.25, 3.25, 13.25], "texture": "#0"}
			}
		},
		{
			"from": [10, 2.01, 2.75],
			"to": [10, 4.01, 12.75],
			"rotation": {"angle": 45, "axis": "y", "origin": [7, 8, 7]},
			"faces": {
				"east": {"uv": [2.25, 3, 1.75, 5.5], "rotation": 270, "texture": "#0"},
				"south": {"uv": [0, 0, 0, 0.125], "texture": "#missing"},
				"west": {"uv": [1.75, 3, 2.25, 5.5], "rotation": 90, "texture": "#0"},
				"up": {"uv": [0, 0, 0, 0.625], "texture": "#missing"},
				"down": {"uv": [0, 0, 0, 0.625], "texture": "#missing"}
			}
		},
		{
			"from": [4, 4.01, 2.75],
			"to": [10, 4.01, 12.75],
			"rotation": {"angle": 45, "axis": "y", "origin": [7, 8, 7]},
			"faces": {
				"east": {"uv": [0, 0, 0.625, 0], "texture": "#missing"},
				"south": {"uv": [0, 0, 0.375, 0], "texture": "#missing"},
				"west": {"uv": [0, 0, 0.625, 0], "texture": "#missing"},
				"up": {"uv": [1.75, 3, 0.25, 5.5], "rotation": 180, "texture": "#0"},
				"down": {"uv": [0.25, 3, 1.75, 5.5], "texture": "#0"}
			}
		},
		{
			"from": [4, 2.01, 2.75],
			"to": [10, 2.01, 12.75],
			"rotation": {"angle": 45, "axis": "y", "origin": [7, 8, 7]},
			"faces": {
				"east": {"uv": [0, 0, 0.625, 0], "texture": "#missing"},
				"south": {"uv": [0, 0, 0.375, 0], "texture": "#missing"},
				"west": {"uv": [0, 0, 0.625, 0], "texture": "#missing"},
				"up": {"uv": [1.75, 3, 0.25, 5.5], "rotation": 180, "texture": "#0"},
				"down": {"uv": [0.25, 3, 1.75, 5.5], "texture": "#0"}
			}
		},
		{
			"from": [4.99, 2.02, 3.75],
			"to": [9.99, 4, 11.75],
			"rotation": {"angle": 45, "axis": "y", "origin": [7, 8, 7]},
			"faces": {
				"north": {"uv": [0.5, 11, 1.75, 11.5], "texture": "#0"},
				"east": {"uv": [0.25, 11.25, 0.75, 13.25], "rotation": 90, "texture": "#0"},
				"south": {"uv": [0.5, 11, 1.75, 11.5], "texture": "#0"},
				"west": {"uv": [0.25, 11.25, 0.75, 13.25], "rotation": 90, "texture": "#0"},
				"up": {"uv": [0.5, 11.25, 1.75, 13.25], "texture": "#0"},
				"down": {"uv": [2, 11.25, 3.25, 13.25], "texture": "#0"}
			}
		}
	],
	"display": {
		"thirdperson_righthand": {
			"rotation": [75, -180, 0],
			"translation": [-0.5, 4.5, 6.25],
			"scale": [0.91, 0.91, 0.91]
		},
		"thirdperson_lefthand": {
			"rotation": [75, -180, 0],
			"translation": [-0.5, 4.5, 6.25],
			"scale": [0.91, 0.91, 0.91]
		},
		"firstperson_righthand": {
			"rotation": [-175, 23, 0],
			"translation": [12.75, -11, -10.75],
			"scale": [1.02, 1.02, 1.02]
		},
		"firstperson_lefthand": {
			"rotation": [-175, 23, 0],
			"translation": [12.75, -11, -10.75],
			"scale": [1.02, 1.02, 1.02]
		},
		"ground": {
			"translation": [0, 7.5, 0]
		},
		"gui": {
			"rotation": [33, -180, -180],
			"translation": [0.75, -6.25, 0],
			"scale": [1.24, 1.24, 1.24]
		},
		"fixed": {
			"rotation": [-90, 0, 0],
			"translation": [0, 0, -16.05],
			"scale": [2, 2, 2]
		}
	},
	"groups": [
		{
			"name": "group",
			"origin": [8, 8, 8],
			"color": 0,
			"children": [0, 1, 2, 3]
		},
		{
			"name": "group",
			"origin": [8, 8, 8],
			"color": 0,
			"children": [4, 5, 6, 7]
		}
	]
}