{
	"credit": "Made by Poloskun_ http://www.youtube.com/c/Enchig",
	"parent": "block/cube_column",
	"textures": {
		"0": "custom/decorations/cooking_pot",
		"1": "block/water_still",
		"particle": "custom/decorations/cooking_pot"
	},
	"elements": [
		{
			"from": [12, 0, 2],
			"to": [14, 10, 14],
			"rotation": {"angle": 0, "axis": "y", "origin": [8, 0, 8]},
			"faces": {
				"north": {"uv": [5, 0, 6, 5], "texture": "#0"},
				"east": {"uv": [6, 0, 12, 5], "texture": "#0"},
				"south": {"uv": [0, 0, 1, 5], "texture": "#0"},
				"west": {"uv": [0, 0.5, 6, 5], "texture": "#0"},
				"up": {"uv": [5, 5, 6, 11], "texture": "#0"},
				"down": {"uv": [6, 5, 7, 11], "rotation": 180, "texture": "#0"}
			}
		},
		{
			"from": [2, 0, 2],
			"to": [4, 10, 14],
			"rotation": {"angle": 0, "axis": "y", "origin": [8, 0, 8]},
			"faces": {
				"north": {"uv": [0, 0, 1, 5], "texture": "#0"},
				"east": {"uv": [0, 0.5, 6, 5], "texture": "#0"},
				"south": {"uv": [5, 0, 6, 5], "texture": "#0"},
				"west": {"uv": [6, 0, 12, 5], "texture": "#0"},
				"up": {"uv": [0, 5, 1, 11], "texture": "#0"},
				"down": {"uv": [11, 5, 12, 11], "rotation": 180, "texture": "#0"}
			}
		},
		{
			"from": [4, 0, 2],
			"to": [12, 10, 4],
			"rotation": {"angle": 0, "axis": "y", "origin": [8, 0, 8]},
			"faces": {
				"north": {"uv": [1, 0, 5, 5], "texture": "#0"},
				"east": {"uv": [0, 0, 1, 5], "texture": "#0"},
				"south": {"uv": [1, 0.5, 5, 5], "texture": "#0"},
				"west": {"uv": [5, 0, 6, 5], "texture": "#0"},
				"up": {"uv": [1, 5, 5, 6], "texture": "#0"},
				"down": {"uv": [7, 5, 11, 6], "rotation": 180, "texture": "#0"}
			}
		},
		{
			"from": [4, 0, 4],
			"to": [12, 2, 12],
			"rotation": {"angle": 0, "axis": "y", "origin": [8, 0, 8]},
			"faces": {
				"north": {"uv": [1, 0, 5, 5], "texture": "#0"},
				"east": {"uv": [0, 0, 1, 5], "texture": "#0"},
				"south": {"uv": [0, 0, 6, 5], "texture": "#0"},
				"west": {"uv": [5, 0, 6, 5], "texture": "#0"},
				"up": {"uv": [7, 6, 11, 10], "texture": "#0"},
				"down": {"uv": [7, 6, 11, 10], "rotation": 90, "texture": "#0"}
			}
		},
		{
			"from": [4, 2, 4],
			"to": [12, 9, 12],
			"rotation": {"angle": 0, "axis": "y", "origin": [8, 0, 8]},
			"faces": {
				"up": {"uv": [4, 4, 12, 12], "texture": "#1", "tintindex": 0}
			}
		},
		{
			"from": [4, 0, 12],
			"to": [12, 10, 14],
			"rotation": {"angle": 0, "axis": "y", "origin": [8, 0, 8]},
			"faces": {
				"north": {"uv": [1, 0.5, 5, 5], "texture": "#0"},
				"east": {"uv": [0, 0, 1, 5], "texture": "#0"},
				"south": {"uv": [1, 0, 5, 5], "texture": "#0"},
				"west": {"uv": [5, 0, 6, 5], "texture": "#0"},
				"up": {"uv": [1, 10, 5, 11], "texture": "#0"},
				"down": {"uv": [7, 10, 11, 11], "rotation": 180, "texture": "#0"}
			}
		},
		{
			"name": "handle right",
			"from": [14, 7, 5],
			"to": [16, 9, 11],
			"rotation": {"angle": 0, "axis": "y", "origin": [14, 8, 8]},
			"faces": {
				"north": {"uv": [4, 11, 5, 12], "texture": "#0"},
				"east": {"uv": [1, 12, 4, 13], "texture": "#0"},
				"south": {"uv": [0, 11, 1, 12], "texture": "#0"},
				"west": {"uv": [1, 12, 4, 13], "texture": "#0"},
				"up": {"uv": [1, 11, 4, 12], "rotation": 90, "texture": "#0"},
				"down": {"uv": [1, 11, 4, 12], "rotation": 90, "texture": "#0"}
			}
		},
		{
			"name": "handle right",
			"from": [0, 7, 5],
			"to": [2, 9, 11],
			"rotation": {"angle": 0, "axis": "y", "origin": [14, 8, 8]},
			"faces": {
				"north": {"uv": [4, 11, 5, 12], "texture": "#0"},
				"east": {"uv": [1, 12, 4, 13], "texture": "#0"},
				"south": {"uv": [0, 11, 1, 12], "texture": "#0"},
				"west": {"uv": [1, 12, 4, 13], "texture": "#0"},
				"up": {"uv": [1, 11, 4, 12], "rotation": 90, "texture": "#0"},
				"down": {"uv": [1, 11, 4, 12], "rotation": 90, "texture": "#0"}
			}
		}
	],
	"display": {
		"thirdperson_righthand": {
			"rotation": [66, 45, 0],
			"translation": [0, 3.25, 0.25],
			"scale": [0.38, 0.38, 0.38]
		},
		"thirdperson_lefthand": {
			"rotation": [56, 0, 0],
			"translation": [-6, -0.25, -0.25],
			"scale": [0.72, 0.72, 0.72]
		},
		"firstperson_righthand": {
			"rotation": [-10, -66, 0],
			"translation": [0.25, 2.5, 0],
			"scale": [0.37, 0.37, 0.37]
		},
		"firstperson_lefthand": {
			"rotation": [-21, 0, 0],
			"translation": [-9.25, 0, -0.75],
			"scale": [0.48, 0.48, 0.48]
		},
		"ground": {
			"translation": [0, 2.25, 0],
			"scale": [0.3, 0.3, 0.3]
		},
		"gui": {
			"rotation": [29, 134, 0],
			"translation": [0, 1.75, 0],
			"scale": [0.73, 0.73, 0.73]
		},
		"head": {
			"rotation": [-180, 0, 0],
			"translation": [0, 4, 0],
			"scale": [1.51, 1.51, 1.51]
		},
		"fixed": {
			"rotation": [-90, 0, 0],
			"translation": [0, 0, -15.75],
			"scale": [2, 2, 2]
		}
	},
	"groups": [
		{
			"name": "group",
			"origin": [8, 0, 8],
			"color": 0,
			"children": [0, 1, 2, 3, 4, 5, 6, 7]
		}
	]
}