{
	"credit": "Made by Poloskun_ http://www.youtube.com/c/Enchig",
	"texture_size": [64, 64],
	"textures": {
		"0": "custom/furniture/tables/acacia_table",
		"particle": "custom/furniture/tables/acacia_table"
	},
	"elements": [
		{
			"from": [12, 0, 12],
			"to": [14, 14, 14],
			"rotation": {"angle": 0, "axis": "y", "origin": [0, 8, 0]},
			"faces": {
				"north": {"uv": [7.5, 9, 8, 12.5], "texture": "#0"},
				"east": {"uv": [8, 9, 7.5, 12.5], "texture": "#0"},
				"south": {"uv": [7.5, 9, 8, 12.5], "texture": "#0"},
				"west": {"uv": [8, 9, 7.5, 12.5], "texture": "#0"},
				"down": {"uv": [7.75, 12.25, 8, 12.5], "texture": "#0"}
			}
		},
		{
			"from": [12, 0, 2],
			"to": [14, 14, 4],
			"rotation": {"angle": 0, "axis": "y", "origin": [0, 8, 0]},
			"faces": {
				"north": {"uv": [8, 9, 7.5, 12.5], "texture": "#0"},
				"east": {"uv": [7.5, 9, 8, 12.5], "texture": "#0"},
				"south": {"uv": [8, 9, 7.5, 12.5], "texture": "#0"},
				"west": {"uv": [7.5, 9, 8, 12.5], "texture": "#0"},
				"down": {"uv": [7.75, 12.25, 8, 12.5], "texture": "#0"}
			}
		},
		{
			"from": [2, 0, 2],
			"to": [4, 14, 4],
			"rotation": {"angle": 0, "axis": "y", "origin": [0, 8, 0]},
			"faces": {
				"north": {"uv": [7.5, 9, 8, 12.5], "texture": "#0"},
				"east": {"uv": [8, 9, 7.5, 12.5], "texture": "#0"},
				"south": {"uv": [7.5, 9, 8, 12.5], "texture": "#0"},
				"west": {"uv": [8, 9, 7.5, 12.5], "texture": "#0"},
				"down": {"uv": [7.75, 12.25, 8, 12.5], "texture": "#0"}
			}
		},
		{
			"from": [2, 0, 12],
			"to": [4, 14, 14],
			"rotation": {"angle": 0, "axis": "y", "origin": [0, 8, 0]},
			"faces": {
				"north": {"uv": [8, 9, 7.5, 12.5], "texture": "#0"},
				"east": {"uv": [7.5, 9, 8, 12.5], "texture": "#0"},
				"south": {"uv": [8, 9, 7.5, 12.5], "texture": "#0"},
				"west": {"uv": [7.5, 9, 8, 12.5], "texture": "#0"},
				"down": {"uv": [7.75, 12.25, 8, 12.5], "texture": "#0"}
			}
		},
		{
			"from": [4, 6, 3],
			"to": [12, 13, 3],
			"rotation": {"angle": 0, "axis": "y", "origin": [0, 8, 0]},
			"faces": {
				"north": {"uv": [5, 8.5, 3, 10.25], "texture": "#0"},
				"east": {"uv": [8.75, 0.5, 9.25, 4], "texture": "#missing"},
				"south": {"uv": [3, 8.5, 5, 10.25], "texture": "#0"},
				"west": {"uv": [8.75, 0.5, 9.25, 4], "texture": "#missing"},
				"up": {"uv": [8.75, 3.5, 9.25, 4], "texture": "#missing"},
				"down": {"uv": [8.75, 3.5, 9.25, 4], "texture": "#missing"}
			}
		},
		{
			"from": [4, 6, 13],
			"to": [12, 13, 13],
			"rotation": {"angle": 0, "axis": "y", "origin": [0, 8, 0]},
			"faces": {
				"north": {"uv": [5, 8.5, 3, 10.25], "texture": "#0"},
				"east": {"uv": [8.75, 0.5, 9.25, 4], "texture": "#missing"},
				"south": {"uv": [3, 8.5, 5, 10.25], "texture": "#0"},
				"west": {"uv": [8.75, 0.5, 9.25, 4], "texture": "#missing"},
				"up": {"uv": [8.75, 3.5, 9.25, 4], "texture": "#missing"},
				"down": {"uv": [8.75, 3.5, 9.25, 4], "texture": "#missing"}
			}
		},
		{
			"from": [3, 6, 4],
			"to": [3, 13, 12],
			"rotation": {"angle": 0, "axis": "y", "origin": [0, 8, 0]},
			"faces": {
				"north": {"uv": [8.75, 0.5, 9.25, 4], "texture": "#missing"},
				"east": {"uv": [3, 8.5, 5, 10.25], "texture": "#0"},
				"south": {"uv": [8.75, 0.5, 9.25, 4], "texture": "#missing"},
				"west": {"uv": [5, 8.5, 3, 10.25], "texture": "#0"},
				"up": {"uv": [8.75, 3.5, 9.25, 4], "rotation": 270, "texture": "#missing"},
				"down": {"uv": [8.75, 3.5, 9.25, 4], "rotation": 90, "texture": "#missing"}
			}
		},
		{
			"from": [13, 6, 4],
			"to": [13, 13, 12],
			"rotation": {"angle": 0, "axis": "y", "origin": [0, 8, 0]},
			"faces": {
				"north": {"uv": [8.75, 0.5, 9.25, 4], "texture": "#missing"},
				"east": {"uv": [3, 8.5, 5, 10.25], "texture": "#0"},
				"south": {"uv": [8.75, 0.5, 9.25, 4], "texture": "#missing"},
				"west": {"uv": [5, 8.5, 3, 10.25], "texture": "#0"},
				"up": {"uv": [8.75, 3.5, 9.25, 4], "rotation": 270, "texture": "#missing"},
				"down": {"uv": [8.75, 3.5, 9.25, 4], "rotation": 90, "texture": "#missing"}
			}
		},
		{
			"from": [0, 13, 0],
			"to": [16, 16, 16],
			"faces": {
				"north": {"uv": [2, 8.5, 6, 7.75], "texture": "#0"},
				"east": {"uv": [7.75, 0, 8.5, 4], "rotation": 90, "texture": "#0"},
				"south": {"uv": [2, 8.5, 6, 7.75], "texture": "#0"},
				"west": {"uv": [7.75, 4, 8.5, 0], "rotation": 90, "texture": "#0"},
				"up": {"uv": [0, 0, 4, 4], "texture": "#0"},
				"down": {"uv": [0, 0, 4, 4], "rotation": 180, "texture": "#0"}
			}
		}
	],
	"display": {
		"thirdperson_righthand": {
			"rotation": [60, 45, 0],
			"translation": [0, 3.25, 0.25],
			"scale": [0.36, 0.36, 0.36]
		},
		"thirdperson_lefthand": {
			"rotation": [59, 0, 0],
			"translation": [-5.5, 1, -5],
			"scale": [0.7, 0.7, 0.7]
		},
		"firstperson_righthand": {
			"rotation": [-10, -66, 0],
			"translation": [0.25, 0.5, 0],
			"scale": [0.37, 0.37, 0.37]
		},
		"firstperson_lefthand": {
			"rotation": [-10, 0, 0],
			"translation": [-10.5, -17.75, -21.25],
			"scale": [1.22, 1, 1]
		},
		"ground": {
			"translation": [0, 2.25, 0],
			"scale": [0.26, 0.26, 0.26]
		},
		"gui": {
			"rotation": [29, 135, 0],
			"translation": [0, -0.5, 0],
			"scale": [0.63, 0.63, 0.63]
		},
		"head": {
			"translation": [0, 14.25, 0]
		},
		"fixed": {
			"rotation": [-90, 0, 0],
			"translation": [0, 0, -15.75],
			"scale": [2, 2, 2]
		}
	}
}