{
	"credit": "Made by Poloskun_ http://www.youtube.com/c/Enchig",
	"parent": "block/cube_column",
	"texture_size": [16, 32],
	"textures": {
		"0": "custom/furniture/chairs/padding",
		"1": "custom/furniture/chairs/spruce",
		"particle": "custom/furniture/chairs/padding"
	},
	"elements": [
		{
			"from": [12, 0, 12],
			"to": [14, 8, 14],
			"rotation": {"angle": 0, "axis": "y", "origin": [15, 17, 7]},
			"faces": {
				"north": {"uv": [1, 0, 0, 4], "texture": "#1"},
				"east": {"uv": [0, 0, 1, 4], "texture": "#1"},
				"south": {"uv": [1, 0, 0, 4], "texture": "#1"},
				"west": {"uv": [0, 0, 1, 4], "texture": "#1"},
				"down": {"uv": [0, 4.5, 1, 5.5], "texture": "#1"}
			}
		},
		{
			"from": [1, 8, 1],
			"to": [15, 10, 15],
			"rotation": {"angle": 0, "axis": "y", "origin": [15, 17, 7]},
			"faces": {
				"north": {"uv": [0, 9, 1, 16], "rotation": 270, "texture": "#1"},
				"east": {"uv": [0, 9, 1, 16], "rotation": 270, "texture": "#1"},
				"south": {"uv": [0, 9, 1, 16], "rotation": 270, "texture": "#1"},
				"west": {"uv": [0, 9, 1, 16], "rotation": 270, "texture": "#1"},
				"down": {"uv": [8, 9, 15, 16], "rotation": 180, "texture": "#1"}
			}
		},
		{
			"from": [1, 10, 1],
			"to": [15, 12, 15],
			"rotation": {"angle": 0, "axis": "y", "origin": [15, 17, 7]},
			"faces": {
				"north": {"uv": [0, 15, 14, 16], "texture": "#0", "tintindex": 0},
				"east": {"uv": [0, 15, 14, 16], "texture": "#0", "tintindex": 0},
				"south": {"uv": [0, 15, 14, 16], "texture": "#0", "tintindex": 0},
				"west": {"uv": [0, 15, 14, 16], "texture": "#0", "tintindex": 0},
				"up": {"uv": [0, 9, 14, 16], "texture": "#0", "tintindex": 0}
			}
		},
		{
			"from": [2, 0, 12],
			"to": [4, 8, 14],
			"rotation": {"angle": 0, "axis": "y", "origin": [15, 17, 7]},
			"faces": {
				"north": {"uv": [0, 0, 1, 4], "texture": "#1"},
				"east": {"uv": [1, 0, 0, 4], "texture": "#1"},
				"south": {"uv": [0, 0, 1, 4], "texture": "#1"},
				"west": {"uv": [1, 0, 0, 4], "texture": "#1"},
				"down": {"uv": [0, 4.5, 1, 5.5], "texture": "#1"}
			}
		},
		{
			"from": [3, 4, 3],
			"to": [13, 7, 13],
			"rotation": {"angle": 0, "axis": "y", "origin": [8, 7, 8]},
			"faces": {
				"north": {"uv": [7, 14.5, 2, 16], "texture": "#1"},
				"east": {"uv": [7, 14.5, 2, 16], "texture": "#1"},
				"south": {"uv": [7, 14.5, 2, 16], "texture": "#1"},
				"west": {"uv": [7, 14.5, 2, 16], "texture": "#1"}
			}
		},
		{
			"from": [13, 7, 13],
			"to": [3, 4, 3],
			"rotation": {"angle": 0, "axis": "y", "origin": [8, 7, 8]},
			"faces": {
				"north": {"uv": [7, 16, 2, 14.5], "texture": "#1"},
				"east": {"uv": [7, 16, 2, 14.5], "texture": "#1"},
				"south": {"uv": [7, 16, 2, 14.5], "texture": "#1"},
				"west": {"uv": [7, 16, 2, 14.5], "texture": "#1"}
			}
		},
		{
			"from": [2, 0, 2],
			"to": [4, 8, 4],
			"rotation": {"angle": 0, "axis": "y", "origin": [15, 17, 7]},
			"faces": {
				"north": {"uv": [1, 0, 0, 4], "texture": "#1"},
				"east": {"uv": [0, 0, 1, 4], "texture": "#1"},
				"south": {"uv": [1, 0, 0, 4], "texture": "#1"},
				"west": {"uv": [0, 0, 1, 4], "texture": "#1"},
				"down": {"uv": [0, 4.5, 1, 5.5], "texture": "#1"}
			}
		},
		{
			"from": [12, 0, 2],
			"to": [14, 8, 4],
			"rotation": {"angle": 0, "axis": "y", "origin": [15, 17, 7]},
			"faces": {
				"north": {"uv": [0, 0, 1, 4], "texture": "#1"},
				"east": {"uv": [1, 0, 0, 4], "texture": "#1"},
				"south": {"uv": [0, 0, 1, 4], "texture": "#1"},
				"west": {"uv": [1, 0, 0, 4], "texture": "#1"},
				"down": {"uv": [0, 4.5, 1, 5.5], "texture": "#1"}
			}
		}
	],
	"display": {
		"thirdperson_righthand": {
			"rotation": [66, 45, 0],
			"translation": [0, 3.25, 0.25],
			"scale": [0.38, 0.38, 0.38]
		},
		"thirdperson_lefthand": {
			"rotation": [46, 0, 0],
			"translation": [-5.5, 1, -2],
			"scale": [0.72, 0.72, 0.72]
		},
		"firstperson_righthand": {
			"rotation": [-10, -66, 0],
			"translation": [0.25, 1.25, 0],
			"scale": [0.37, 0.37, 0.37]
		},
		"firstperson_lefthand": {
			"rotation": [-23, 0, 0],
			"translation": [-9.25, -1, -0.75],
			"scale": [0.5, 0.5, 0.5]
		},
		"ground": {
			"translation": [0, 2.25, 0],
			"scale": [0.26, 0.26, 0.26]
		},
		"gui": {
			"rotation": [29, 134, 0],
			"translation": [0, 0.75, 0],
			"scale": [0.68, 0.68, 0.68]
		},
		"head": {
			"translation": [0, 14.25, 0]
		},
		"fixed": {
			"rotation": [-90, 0, 0],
			"translation": [0, 0, -15.75],
			"scale": [2, 2, 2]
		}
	}
}