{
	"credit": "Made by Poloskun_ http://www.youtube.com/c/Enchig",
	"ambientocclusion": false,
	"textures": {
		"arm": "block/cactus/cactus_arm_side",
		"arm_side": "block/cactus/cactus_arm",
		"bottom": "block/cactus/cactus_bottom",
		"particle": "block/cactus/cactus_side",
		"side": "block/cactus/cactus_side",
		"top": "block/cactus/cactus_top"
	},
	"elements": [
		{
			"name": "stem_top",
			"from": [1, 0, 1],
			"to": [15, 16, 15],
			"faces": {
				"up": {"uv": [1, 1, 15, 15], "texture": "#top", "cullface": "up"},
				"down": {"uv": [1, 1, 15, 15], "texture": "#bottom", "cullface": "down"}
			}
		},
		{
			"name": "stem_side",
			"from": [1, 0, 2],
			"to": [15, 16, 14],
			"rotation": {"angle": 0, "axis": "y", "origin": [8, 8, 7]},
			"faces": {
				"north": {"uv": [1, 0, 15, 16], "texture": "#arm"},
				"south": {"uv": [1, 0, 15, 16], "texture": "#side"}
			}
		},
		{
			"name": "stem_side",
			"from": [2, 0, 1],
			"to": [14, 16, 15],
			"rotation": {"angle": 0, "axis": "y", "origin": [7, 8, 8]},
			"faces": {
				"east": {"uv": [1, 0, 15, 16], "texture": "#side"},
				"west": {"uv": [1, 0, 15, 16], "texture": "#side"}
			}
		},
		{
			"from": [5, 4, -5],
			"to": [11, 15, -1],
			"faces": {
				"north": {"uv": [0, 0, 6, 11], "texture": "#arm_side"},
				"south": {"uv": [0, 0, 6, 11], "texture": "#arm_side"}
			}
		},
		{
			"from": [6, 4, -1],
			"to": [10, 8, 2],
			"faces": {
				"east": {"uv": [4, 11, 7, 15], "rotation": 180, "texture": "#arm_side"},
				"west": {"uv": [4, 11, 7, 15], "texture": "#arm_side"},
				"up": {"uv": [4, 11, 7, 15], "rotation": 90, "texture": "#arm_side"},
				"down": {"uv": [4, 11, 7, 15], "rotation": 270, "texture": "#arm_side"}
			}
		},
		{
			"from": [6, 4, -6],
			"to": [10, 15, 0],
			"faces": {
				"east": {"uv": [12, 0, 6, 11], "texture": "#arm_side"},
				"west": {"uv": [6, 0, 12, 11], "texture": "#arm_side"},
				"up": {"uv": [12, 10, 16, 16], "texture": "#arm_side"},
				"down": {"uv": [12, 10, 16, 16], "texture": "#arm_side"}
			}
		}
	],
	"display": {
		"thirdperson_righthand": {
			"rotation": [40, 45, 0],
			"translation": [0, 2, 0.5],
			"scale": [0.29, 0.29, 0.29]
		},
		"thirdperson_lefthand": {
			"rotation": [40, 45, 0],
			"translation": [0, 2, 0.5],
			"scale": [0.29, 0.29, 0.29]
		},
		"firstperson_righthand": {
			"rotation": [0, -65, 0],
			"translation": [0.75, -0.75, 0],
			"scale": [0.43, 0.43, 0.43]
		},
		"ground": {
			"scale": [0.23, 0.23, 0.23]
		},
		"gui": {
			"rotation": [30, 45, 0],
			"translation": [0.5, 0, 0],
			"scale": [0.62, 0.62, 0.62]
		}
	},
	"groups": [
		0,
		1,
		2,
		{
			"name": "group",
			"origin": [14, 12, 2],
			"color": 0,
			"children": [3, 4, 5]
		}
	]
}