{
	"credit": "Made by Poloskun_ http://www.youtube.com/c/Enchig",
	"textures": {
		"0": "./sculk",
		"particle": "./sculk"
	},
	"elements": [
		{
			"from": [8, -2, -4],
			"to": [8, 9, 4],
			"faces": {
				"north": {"uv": [0, 0, 0, 12], "texture": "#missing"},
				"east": {"uv": [8, 2, 16, 13], "texture": "#0"},
				"south": {"uv": [0, 0, 0, 12], "texture": "#missing"},
				"west": {"uv": [0, 2, 8, 13], "texture": "#0"},
				"up": {"uv": [0, 0, 0, 16], "texture": "#missing"},
				"down": {"uv": [0, 0, 0, 16], "texture": "#missing"}
			}
		},
		{
			"from": [8, -2, 12],
			"to": [8, 9, 20],
			"faces": {
				"north": {"uv": [0, 0, 0, 12], "texture": "#missing"},
				"east": {"uv": [0, 2, 8, 13], "texture": "#0"},
				"south": {"uv": [0, 0, 0, 12], "texture": "#missing"},
				"west": {"uv": [8, 2, 16, 13], "texture": "#0"},
				"up": {"uv": [0, 0, 0, 16], "texture": "#missing"},
				"down": {"uv": [0, 0, 0, 16], "texture": "#missing"}
			}
		}
	],
	"gui_light": "front",
	"display": {
		"thirdperson_righthand": {
			"rotation": [0, -90, 0],
			"translation": [0, 4, 0],
			"scale": [1, 0.5, 0.5]
		},
		"thirdperson_lefthand": {
			"rotation": [0, -90, 0],
			"translation": [0, 4, 0],
			"scale": [1, 0.5, 0.5]
		},
		"firstperson_righthand": {
			"rotation": [0, -90, 0],
			"translation": [2.75, 3.25, 0],
			"scale": [1, 0.5, 0.5]
		},
		"firstperson_lefthand": {
			"rotation": [0, -90, 0],
			"translation": [2.75, 3.25, 0],
			"scale": [1, 0.5, 0.5]
		},
		"ground": {
			"translation": [0, 6.25, 0],
			"scale": [0.38, 0.38, 0.38]
		},
		"gui": {
			"rotation": [0, -90, 0],
			"translation": [0, 2.75, 0],
			"scale": [1, 0.65, 0.65]
		},
		"head": {
			"rotation": [0, -90, 0],
			"translation": [0, 12.25, 0],
			"scale": [1, 1.6, 1.6]
		},
		"fixed": {
			"rotation": [0, -90, 0],
			"translation": [0, 8.25, -0.75],
			"scale": [1.82, 1.82, 1.82]
		}
	}
}