{
	"credit": "Made by Poloskun_ http://www.youtube.com/c/Enchig",
	"textures": {
		"0": "./racoon_hat",
		"particle": "./racoon_hat"
	},
	"elements": [
		{
			"from": [3, 0, 3],
			"to": [13, 5, 13],
			"faces": {
				"north": {"uv": [0, 0, 5, 2.5], "texture": "#0"},
				"east": {"uv": [0, 0, 5, 2.5], "texture": "#0"},
				"south": {"uv": [0, 0, 5, 2.5], "texture": "#0"},
				"west": {"uv": [0, 0, 5, 2.5], "texture": "#0"},
				"up": {"uv": [5, 2.5, 10, 7.5], "texture": "#0"},
				"down": {"uv": [0, 2.5, 5, 7.5], "texture": "#0"}
			}
		},
		{
			"from": [1, -8, 5],
			"to": [4, 3, 8],
			"rotation": {"angle": 22.5, "axis": "x", "origin": [1.51398, -2.50697, 5.49297]},
			"faces": {
				"north": {"uv": [10, 2, 11.5, 7.5], "texture": "#0"},
				"east": {"uv": [10, 2, 11.5, 7.5], "texture": "#0"},
				"south": {"uv": [10, 2, 11.5, 7.5], "texture": "#0"},
				"west": {"uv": [10, 2, 11.5, 7.5], "texture": "#0"},
				"up": {"uv": [5, 0, 6.5, 1.5], "rotation": 180, "texture": "#0"},
				"down": {"uv": [6.5, 0, 8, 1.5], "rotation": 90, "texture": "#0"}
			}
		}
	],
	"display": {
		"thirdperson_righthand": {
			"rotation": [50, 0, 0],
			"translation": [0, 1.75, 2],
			"scale": [0.56, 0.56, 0.56]
		},
		"thirdperson_lefthand": {
			"rotation": [50, -180, 0],
			"translation": [0, 1.75, 2],
			"scale": [0.56, 0.56, 0.56]
		},
		"firstperson_righthand": {
			"rotation": [0, -18, 0],
			"translation": [13.5, 0.5, -10.75]
		},
		"firstperson_lefthand": {
			"rotation": [0, 163, 0],
			"translation": [13.5, 0.5, -13]
		},
		"ground": {
			"translation": [0, 4.5, 0],
			"scale": [0.31, 0.31, 0.31]
		},
		"gui": {
			"rotation": [30, -136, 0],
			"translation": [0, 5.5, 0],
			"scale": [0.83, 0.83, 0.83]
		},
		"head": {
			"translation": [0, 14, 0],
			"scale": [1.6, 1.62734, 1.6]
		},
		"fixed": {
			"rotation": [-90, 0, 0],
			"translation": [0, 0, -16],
			"scale": [2, 2, 2]
		}
	}
}