{
	"credit": "Made by Poloskun_ http://www.youtube.com/c/Enchig",
	"texture_size": [64, 32],
	"textures": {
		"0": "./bicorn",
		"particle": "./bicorn"
	},
	"elements": [
		{
			"from": [4, 5, 4.5],
			"to": [12, 8, 11.5],
			"rotation": {"angle": 0, "axis": "y", "origin": [12, 13, 12]},
			"faces": {
				"north": {"uv": [2, 7.5, 4, 9], "texture": "#0"},
				"east": {"uv": [2, 7.5, 4, 9], "texture": "#0"},
				"south": {"uv": [2, 7.5, 4, 9], "texture": "#0"},
				"west": {"uv": [2, 7.5, 4, 9], "texture": "#0"},
				"up": {"uv": [11.25, 7, 9.25, 3], "texture": "#0"}
			}
		},
		{
			"from": [4, 6, 3.5],
			"to": [12, 7, 4.5],
			"rotation": {"angle": 0, "axis": "y", "origin": [12, 13, 11]},
			"faces": {
				"north": {"uv": [2, 8, 4, 8.5], "texture": "#0"},
				"east": {"uv": [3.75, 8, 4, 8.5], "texture": "#0"},
				"west": {"uv": [3.75, 8, 4, 8.5], "texture": "#0"},
				"up": {"uv": [2, 8, 4, 8.5], "texture": "#0"}
			}
		},
		{
			"from": [3.12, 5.92, 1],
			"to": [12.87, 9.92, 15],
			"rotation": {"angle": 0, "axis": "z", "origin": [3.5, 7, 7]},
			"faces": {
				"east": {"uv": [12.5, 2.5, 16, 4.5], "texture": "#0"},
				"west": {"uv": [12.5, 2.5, 16, 4.5], "texture": "#0"}
			}
		},
		{
			"from": [12.82, 9.92, 15],
			"to": [3.07, 5.92, 1],
			"rotation": {"angle": 0, "axis": "z", "origin": [3.5, 7, 7]},
			"faces": {
				"east": {"uv": [12.5, 4.5, 16, 2.5], "texture": "#0"},
				"west": {"uv": [12.5, 4.5, 16, 2.5], "texture": "#0"}
			}
		},
		{
			"from": [4, 6, 11.5],
			"to": [12, 7, 12.5],
			"rotation": {"angle": 0, "axis": "y", "origin": [12, 13, 11]},
			"faces": {
				"east": {"uv": [3.75, 8, 4, 8.5], "texture": "#0"},
				"south": {"uv": [2, 8, 4, 8.5], "texture": "#0"},
				"west": {"uv": [3.75, 8, 4, 8.5], "texture": "#0"},
				"up": {"uv": [2, 8, 4, 8.5], "texture": "#0"}
			}
		},
		{
			"from": [3.5, 5, 1],
			"to": [12.5, 5, 15],
			"rotation": {"angle": 0, "axis": "y", "origin": [8, 0, 6]},
			"faces": {
				"up": {"uv": [6.75, 7, 4.5, 0], "texture": "#0"},
				"down": {"uv": [9, 0, 6.75, 7], "texture": "#0"}
			}
		},
		{
			"from": [12.5, 5, 1],
			"to": [12.5, 6, 15],
			"rotation": {"angle": -22.5, "axis": "z", "origin": [12.5, 5, 7]},
			"faces": {
				"east": {"uv": [12.5, 4.5, 16, 5], "texture": "#0"},
				"west": {"uv": [12.5, 4.5, 16, 5], "texture": "#0"}
			}
		},
		{
			"from": [3.5, 5, 1],
			"to": [3.5, 6, 15],
			"rotation": {"angle": 22.5, "axis": "z", "origin": [3.5, 5, 7]},
			"faces": {
				"east": {"uv": [12.5, 4.5, 16, 5], "texture": "#0"},
				"west": {"uv": [12.5, 4.5, 16, 5], "texture": "#0"}
			}
		},
		{
			"from": [3.5, 5, 1],
			"to": [12.5, 5, 15],
			"rotation": {"angle": 0, "axis": "y", "origin": [8, 0, 6]},
			"faces": {
				"up": {"uv": [2.25, 7, 0, 0], "texture": "#0", "tintindex": 0},
				"down": {"uv": [4.5, 7, 2.25, 0], "texture": "#0", "tintindex": 0}
			}
		},
		{
			"from": [12.5, 5, 1],
			"to": [12.5, 6, 15],
			"rotation": {"angle": -22.5, "axis": "z", "origin": [12.5, 5, 7]},
			"faces": {
				"east": {"uv": [12.5, 2, 16, 2.5], "texture": "#0", "tintindex": 0},
				"west": {"uv": [12.5, 2, 16, 2.5], "texture": "#0", "tintindex": 0}
			}
		},
		{
			"from": [3.5, 5, 1],
			"to": [3.5, 6, 15],
			"rotation": {"angle": 22.5, "axis": "z", "origin": [3.5, 5, 7]},
			"faces": {
				"east": {"uv": [12.5, 2, 16, 2.5], "texture": "#0", "tintindex": 0},
				"west": {"uv": [12.5, 2, 16, 2.5], "texture": "#0", "tintindex": 0}
			}
		},
		{
			"from": [3.12, 5.92, 1],
			"to": [12.87, 9.92, 15],
			"rotation": {"angle": 0, "axis": "z", "origin": [3.5, 7, 7]},
			"faces": {
				"east": {"uv": [12.5, 0, 16, 2], "texture": "#0", "tintindex": 0},
				"west": {"uv": [12.5, 0, 16, 2], "texture": "#0", "tintindex": 0}
			}
		},
		{
			"from": [12.87, 9.92, 15],
			"to": [3.12, 5.92, 1],
			"rotation": {"angle": 0, "axis": "z", "origin": [3.5, 7, 7]},
			"faces": {
				"east": {"uv": [12.5, 2, 16, 0], "texture": "#0", "tintindex": 0},
				"west": {"uv": [12.5, 2, 16, 0], "texture": "#0", "tintindex": 0}
			}
		},
		{
			"from": [4, 5, 4.5],
			"to": [12, 8, 11.5],
			"rotation": {"angle": 0, "axis": "y", "origin": [12, 13, 12]},
			"faces": {
				"east": {"uv": [0, 7.5, 2, 9], "texture": "#0", "tintindex": 0},
				"west": {"uv": [0, 7.5, 2, 9], "texture": "#0", "tintindex": 0}
			}
		},
		{
			"from": [4, 5, 3.5],
			"to": [12, 6, 4.5],
			"rotation": {"angle": 0, "axis": "y", "origin": [12, 13, 11]},
			"faces": {
				"north": {"uv": [0, 8.5, 2, 9], "texture": "#0", "tintindex": 0},
				"east": {"uv": [1.75, 8.5, 2, 9], "texture": "#0", "tintindex": 0},
				"west": {"uv": [1.75, 8.5, 2, 9], "texture": "#0", "tintindex": 0}
			}
		},
		{
			"from": [4, 5, 11.5],
			"to": [12, 6, 12.5],
			"rotation": {"angle": 0, "axis": "y", "origin": [12, 13, 11]},
			"faces": {
				"east": {"uv": [1.75, 8.5, 2, 9], "texture": "#0", "tintindex": 0},
				"south": {"uv": [0, 8.5, 2, 9], "texture": "#0", "tintindex": 0},
				"west": {"uv": [1.75, 8.5, 2, 9], "texture": "#0", "tintindex": 0}
			}
		},
		{
			"from": [8, 6.5, 10],
			"to": [8, 14.5, 20],
			"rotation": {"angle": 0, "axis": "y", "origin": [16, 15, 18]},
			"faces": {
				"east": {"uv": [2.5, 12, 0, 16], "texture": "#0", "tintindex": 0},
				"west": {"uv": [0, 12, 2.5, 16], "texture": "#0", "tintindex": 0}
			}
		}
	],
	"display": {
		"thirdperson_righthand": {
			"rotation": [57, 54, 0],
			"translation": [0, 4, -0.25],
			"scale": [0.73, 0.73, 0.73]
		},
		"thirdperson_lefthand": {
			"rotation": [57, 54, 0],
			"translation": [0, 4, -0.25],
			"scale": [0.73, 0.73, 0.73]
		},
		"firstperson_righthand": {
			"rotation": [0, 22, 0],
			"translation": [0, 1.5, 0],
			"scale": [0.6, 0.6, 0.6]
		},
		"firstperson_lefthand": {
			"rotation": [0, 22, 0],
			"translation": [0, 1.5, 0],
			"scale": [0.6, 0.6, 0.6]
		},
		"ground": {
			"translation": [0, 1.75, 0],
			"scale": [0.37, 0.37, 0.37]
		},
		"gui": {
			"rotation": [30, 135, 0],
			"scale": [0.82, 0.82, 0.82]
		},
		"head": {
			"rotation": [0, 90, 0],
			"translation": [0, 9.25, 0],
			"scale": [1.91, 1.91, 1.91]
		},
		"fixed": {
			"rotation": [-90, 90, 0],
			"translation": [0, 0, -6.5],
			"scale": [1.93, 1.93, 1.93]
		}
	},
	"groups": [
		{
			"name": "group",
			"origin": [12, 13, 11],
			"color": 0,
			"children": [0, 1, 2, 3, 4, 5, 6, 7]
		},
		{
			"name": "group",
			"origin": [16, 15, 18],
			"color": 0,
			"children": [8, 9, 10, 11, 12, 13, 14, 15, 16]
		}
	]
}