{
	"credit": "Made by Poloskun_ http://www.youtube.com/c/Enchig",
	"texture_size": [64, 64],
	"textures": {
		"0": "custom/decor/books",
		"particle": "custom/decor/books"
	},
	"elements": [
		{
			"from": [7, 0, 3],
			"to": [9, 0, 13],
			"rotation": {"angle": 0, "axis": "z", "origin": [7, 8, 7]},
			"faces": {
				"east": {"uv": [0, 0, 0, 0.625], "rotation": 90, "texture": "#missing"},
				"south": {"uv": [0, 0, 0, 0.125], "rotation": 90, "texture": "#missing"},
				"west": {"uv": [0, 0, 0, 0.625], "rotation": 90, "texture": "#missing"},
				"up": {"uv": [1.75, 0.25, 2.25, 2.75], "rotation": 180, "texture": "#0"},
				"down": {"uv": [2.25, 0.25, 1.75, 2.75], "texture": "#0"}
			}
		},
		{
			"from": [1, 0, 3],
			"to": [7, 0, 13],
			"rotation": {"angle": 0, "axis": "y", "origin": [7, 8, 7]},
			"faces": {
				"east": {"uv": [0, 0, 0.625, 0], "texture": "#missing"},
				"south": {"uv": [0, 0, 0.375, 0], "texture": "#missing"},
				"west": {"uv": [0, 0, 0.625, 0], "texture": "#missing"},
				"up": {"uv": [1.75, 0.25, 0.25, 2.75], "rotation": 180, "texture": "#0"},
				"down": {"uv": [0.25, 0.25, 1.75, 2.75], "texture": "#0"}
			}
		},
		{
			"from": [9, 0, 3],
			"to": [15, 0, 13],
			"rotation": {"angle": 0, "axis": "z", "origin": [7, 8, 7]},
			"faces": {
				"east": {"uv": [0, 0, 0.625, 0], "rotation": 180, "texture": "#missing"},
				"south": {"uv": [0, 0, 0.375, 0], "rotation": 180, "texture": "#missing"},
				"west": {"uv": [0, 0, 0.625, 0], "rotation": 180, "texture": "#missing"},
				"up": {"uv": [0.25, 0.25, 1.75, 2.75], "rotation": 180, "texture": "#0"},
				"down": {"uv": [1.75, 0.25, 0.25, 2.75], "texture": "#0"}
			}
		},
		{
			"from": [2.99, 0.01, 4],
			"to": [7.99, 0.99, 12],
			"faces": {
				"north": {"uv": [0.5, 11.25, 1.75, 11.5], "texture": "#0"},
				"east": {"uv": [1.75, 11.25, 2, 13.25], "rotation": 90, "texture": "#0"},
				"south": {"uv": [0.5, 11.25, 1.75, 11.5], "texture": "#0"},
				"west": {"uv": [0.5, 11.25, 0.75, 13.25], "rotation": 90, "texture": "#0"},
				"up": {"uv": [0.5, 11.25, 1.75, 13.25], "texture": "#0"},
				"down": {"uv": [2, 11.25, 3.25, 13.25], "texture": "#0"}
			}
		},
		{
			"from": [1.99, 3.99, 4],
			"to": [6.99, 3.99, 12],
			"rotation": {"angle": -22.5, "axis": "z", "origin": [0, 0, 0]},
			"faces": {
				"north": {"uv": [0.5, 11.25, 1.75, 11.5], "texture": "#0"},
				"east": {"uv": [1.75, 11.25, 2, 13.25], "rotation": 90, "texture": "#0"},
				"south": {"uv": [0.5, 11.25, 1.75, 11.5], "texture": "#0"},
				"west": {"uv": [0.5, 11.25, 0.75, 13.25], "rotation": 90, "texture": "#0"},
				"up": {"uv": [0.5, 11.25, 1.75, 13.25], "texture": "#0"},
				"down": {"uv": [2, 11.25, 3.25, 13.25], "texture": "#0"}
			}
		},
		{
			"from": [7.99, 0.01, 4],
			"to": [12.99, 0.99, 12],
			"faces": {
				"north": {"uv": [0.5, 11.25, 1.75, 11.5], "texture": "#0"},
				"east": {"uv": [1.75, 11.25, 2, 13.25], "rotation": 90, "texture": "#0"},
				"south": {"uv": [0.5, 11.25, 1.75, 11.5], "texture": "#0"},
				"west": {"uv": [0.5, 11.25, 0.75, 13.25], "rotation": 90, "texture": "#0"},
				"up": {"uv": [2, 11.25, 3.25, 13.25], "texture": "#0"},
				"down": {"uv": [2, 11.25, 3.25, 13.25], "texture": "#0"}
			}
		},
		{
			"from": [7.74, -2.1, 4],
			"to": [12.74, -2.1, 12],
			"rotation": {"angle": 22.5, "axis": "z", "origin": [0, 0, 0]},
			"faces": {
				"north": {"uv": [0.5, 11.25, 1.75, 11.5], "texture": "#0"},
				"east": {"uv": [1.75, 11.25, 2, 13.25], "rotation": 90, "texture": "#0"},
				"south": {"uv": [0.5, 11.25, 1.75, 11.5], "texture": "#0"},
				"west": {"uv": [0.5, 11.25, 0.75, 13.25], "rotation": 90, "texture": "#0"},
				"up": {"uv": [2, 11.25, 3.25, 13.25], "texture": "#0"},
				"down": {"uv": [2, 11.25, 3.25, 13.25], "texture": "#0"}
			}
		}
	],
	"display": {
		"thirdperson_righthand": {
			"rotation": [84, -180, 0],
			"translation": [-0.25, 2.5, 7.25],
			"scale": [0.91, 0.91, 0.91]
		},
		"thirdperson_lefthand": {
			"rotation": [88, 0, 0],
			"translation": [-5.5, 2.5, 7.25],
			"scale": [0.91, 0.91, 0.91]
		},
		"firstperson_righthand": {
			"rotation": [-125, 23, 149],
			"translation": [14.75, -2, -10.75],
			"scale": [1.02, 1.02, 1.02]
		},
		"firstperson_lefthand": {
			"rotation": [30, 0, 0],
			"translation": [-9.25, 1.75, -5.5]
		},
		"ground": {
			"translation": [0, 7.5, 0]
		},
		"gui": {
			"rotation": [110, -180, -33],
			"translation": [-5.25, -2.75, 0],
			"scale": [1.24, 1.24, 1.24]
		},
		"fixed": {
			"rotation": [-90, 0, 0],
			"translation": [0, 0, -16.26],
			"scale": [2, 2, 2]
		}
	},
	"groups": [
		{
			"name": "group",
			"origin": [8, 8, 8],
			"color": 0,
			"children": [0, 1, 2, 3, 4, 5, 6]
		}
	]
}