{
	"credit": "Made by Poloskun_ http://www.youtube.com/c/Enchig",
	"textures": {
		"0": "./cap",
		"particle": "./cap"
	},
	"elements": [
		{
			"from": [4, 1, 1],
			"to": [12, 1, 7],
			"rotation": {"angle": 0, "axis": "y", "origin": [8, 0, 8]},
			"faces": {
				"up": {"uv": [8, 4, 12, 7], "rotation": 180, "texture": "#0", "tintindex": 0},
				"down": {"uv": [8, 7, 12, 4], "rotation": 180, "texture": "#0", "tintindex": 0}
			}
		},
		{
			"from": [4, 1, 7],
			"to": [12, 4, 15],
			"rotation": {"angle": 0, "axis": "y", "origin": [8, 0, 8]},
			"faces": {
				"north": {"uv": [4, 0, 0, 1.5], "texture": "#0", "tintindex": 0},
				"east": {"uv": [4, 0, 0, 1.5], "texture": "#0", "tintindex": 0},
				"south": {"uv": [8, 0, 4, 1.5], "texture": "#0", "tintindex": 0},
				"west": {"uv": [4, 0, 0, 1.5], "texture": "#0", "tintindex": 0},
				"up": {"uv": [8, 0, 12, 4], "texture": "#0", "tintindex": 0}
			}
		},
		{
			"from": [12, 4, 15],
			"to": [4, 1, 7],
			"faces": {
				"north": {"uv": [8, 0, 4, 1.5], "rotation": 180, "texture": "#0", "tintindex": 0},
				"east": {"uv": [4, 0, 0, 1.5], "rotation": 180, "texture": "#0", "tintindex": 0},
				"south": {"uv": [4, 0, 0, 1.5], "rotation": 180, "texture": "#0", "tintindex": 0},
				"west": {"uv": [4, 0, 0, 1.5], "rotation": 180, "texture": "#0", "tintindex": 0},
				"down": {"uv": [8, 0, 12, 4], "texture": "#0", "tintindex": 0}
			}
		}
	],
	"display": {
		"thirdperson_righthand": {
			"rotation": [0, -180, 0],
			"translation": [0, 3.5, -2.5],
			"scale": [0.77, 0.77, 0.77]
		},
		"thirdperson_lefthand": {
			"rotation": [0, -180, 0],
			"translation": [0, 3.5, -2.5],
			"scale": [0.77, 0.77, 0.77]
		},
		"firstperson_righthand": {
			"rotation": [-19, -180, 0],
			"translation": [5.25, 2, -9.25]
		},
		"firstperson_lefthand": {
			"rotation": [-19, -180, 0],
			"translation": [5.25, 2, -9.25]
		},
		"ground": {
			"translation": [0, 3, 0],
			"scale": [0.3, 0.3, 0.3]
		},
		"gui": {
			"rotation": [34, 134, 0],
			"translation": [-0.25, 4, 0]
		},
		"head": {
			"translation": [0, 16, -5.75],
			"scale": [1.82, 1.82, 1.82]
		},
		"fixed": {
			"rotation": [-90, 0, 0],
			"translation": [0, 0, -12.75],
			"scale": [1.71, 1.71, 1.71]
		}
	},
	"groups": [
		{
			"name": "group",
			"origin": [8, 8, 8],
			"color": 0,
			"children": [0, 1, 2]
		}
	]
}