{
	"credit": "Made by Poloskun_ http://www.youtube.com/c/Enchig",
	"texture_size": [32, 32],
	"textures": {
		"0": "custom/decorations/brazier",
		"particle": "custom/decorations/brazier"
	},
	"elements": [
		{
			"from": [1, 6, 1],
			"to": [1, 17, 15],
			"faces": {
				"east": {"uv": [7, 0, 0, 5.5], "texture": "#0"},
				"west": {"uv": [0, 0, 7, 5.5], "texture": "#0"},
				"up": {"uv": [0, 0, 0, 15], "texture": "#missing"},
				"down": {"uv": [0, 0, 0, 15], "texture": "#missing"}
			}
		},
		{
			"from": [15, 6, 1],
			"to": [15, 17, 15],
			"faces": {
				"east": {"uv": [0, 0, 7, 5.5], "texture": "#0"},
				"west": {"uv": [7, 0, 0, 5.5], "texture": "#0"},
				"up": {"uv": [0, 0, 0, 15], "texture": "#missing"},
				"down": {"uv": [0, 0, 0, 15], "texture": "#missing"}
			}
		},
		{
			"from": [1, 6, 1],
			"to": [15, 17, 1],
			"faces": {
				"north": {"uv": [0, 0, 7, 5.5], "texture": "#0"},
				"south": {"uv": [7, 0, 0, 5.5], "texture": "#0"},
				"up": {"uv": [0, 0, 0, 15], "rotation": 90, "texture": "#missing"},
				"down": {"uv": [0, 0, 0, 15], "rotation": 270, "texture": "#missing"}
			}
		},
		{
			"from": [1, 6, 1],
			"to": [15, 6, 15],
			"faces": {
				"up": {"uv": [0, 5.5, 7, 12.5], "rotation": 270, "texture": "#0"},
				"down": {"uv": [0, 5.5, 7, 12.5], "rotation": 270, "texture": "#0"}
			}
		},
		{
			"from": [1, 7, 1],
			"to": [15, 7, 15],
			"faces": {
				"up": {"uv": [9, 2, 16, 9], "rotation": 270, "texture": "#0"}
			}
		},
		{
			"from": [1, 6, 15],
			"to": [15, 17, 15],
			"faces": {
				"north": {"uv": [7, 0, 0, 5.5], "texture": "#0"},
				"south": {"uv": [0, 0, 7, 5.5], "texture": "#0"},
				"up": {"uv": [0, 0, 0, 15], "rotation": 90, "texture": "#missing"},
				"down": {"uv": [0, 0, 0, 15], "rotation": 270, "texture": "#missing"}
			}
		},
		{
			"from": [-1.75, 0, 7],
			"to": [0.25, 8, 9],
			"rotation": {"angle": -45, "axis": "z", "origin": [0, 0, 0]},
			"faces": {
				"north": {"uv": [8.5, 8, 7.5, 12.5], "texture": "#0"},
				"east": {"uv": [7.5, 8, 8.5, 12.5], "texture": "#0"},
				"south": {"uv": [8.5, 8, 7.5, 12.5], "texture": "#0"},
				"west": {"uv": [7.5, 8, 8.5, 12.5], "texture": "#0"},
				"up": {"uv": [8, 7.5, 8.5, 8], "texture": "#0"},
				"down": {"uv": [8, 12, 8.5, 12.5], "texture": "#0"}
			}
		},
		{
			"from": [11, -11.25, 7],
			"to": [13, -3.25, 9],
			"rotation": {"angle": 45, "axis": "z", "origin": [0, 0, 0]},
			"faces": {
				"north": {"uv": [8.5, 8, 7.5, 12.5], "texture": "#0"},
				"east": {"uv": [7.5, 8, 8.5, 12.5], "texture": "#0"},
				"south": {"uv": [8.5, 8, 7.5, 12.5], "texture": "#0"},
				"west": {"uv": [7.5, 8, 8.5, 12.5], "texture": "#0"},
				"up": {"uv": [8, 7.5, 8.5, 8], "texture": "#0"},
				"down": {"uv": [8, 12, 8.5, 12.5], "texture": "#0"}
			}
		},
		{
			"from": [7, -5.65685, 13.40685],
			"to": [9, 2.34315, 15.40685],
			"rotation": {"angle": -45, "axis": "x", "origin": [8, 0, 8]},
			"faces": {
				"north": {"uv": [7.5, 8, 8.5, 12.5], "texture": "#0"},
				"east": {"uv": [8.5, 8, 7.5, 12.5], "texture": "#0"},
				"south": {"uv": [7.5, 8, 8.5, 12.5], "texture": "#0"},
				"west": {"uv": [8.5, 8, 7.5, 12.5], "texture": "#0"},
				"up": {"uv": [8, 7.5, 8.5, 8], "rotation": 270, "texture": "#0"},
				"down": {"uv": [8, 12, 8.5, 12.5], "rotation": 90, "texture": "#0"}
			}
		},
		{
			"from": [7, -5.84315, 0.40685],
			"to": [9, 2.15685, 2.40685],
			"rotation": {"angle": 45, "axis": "x", "origin": [8, 0, 8]},
			"faces": {
				"north": {"uv": [7.5, 8, 8.5, 12.5], "texture": "#0"},
				"east": {"uv": [8.5, 8, 7.5, 12.5], "texture": "#0"},
				"south": {"uv": [7.5, 8, 8.5, 12.5], "texture": "#0"},
				"west": {"uv": [8.5, 8, 7.5, 12.5], "texture": "#0"},
				"up": {"uv": [8, 7.5, 8.5, 8], "rotation": 270, "texture": "#0"},
				"down": {"uv": [8, 12, 8.5, 12.5], "rotation": 90, "texture": "#0"}
			}
		}
	],
	"display": {
		"thirdperson_righthand": {
			"rotation": [55, 45, 0],
			"translation": [0, 2, -0.25],
			"scale": [0.37, 0.37, 0.37]
		},
		"thirdperson_lefthand": {
			"rotation": [55, 45, 0],
			"translation": [0, 2, -0.25],
			"scale": [0.37, 0.37, 0.37]
		},
		"firstperson_righthand": {
			"rotation": [-10, -66, 0],
			"translation": [0.25, 1.25, 0],
			"scale": [0.37, 0.37, 0.37]
		},
		"firstperson_lefthand": {
			"rotation": [-10, -66, 0],
			"translation": [0.25, 1.25, 0],
			"scale": [0.37, 0.37, 0.37]
		},
		"ground": {
			"translation": [0, 3, 0],
			"scale": [0.28, 0.28, 0.28]
		},
		"gui": {
			"rotation": [29, -45, 0],
			"translation": [0, -0.75, 0],
			"scale": [0.62, 0.62, 0.62]
		},
		"head": {
			"translation": [0, -15.25, 0],
			"scale": [2.2, 2.2, 2.2]
		},
		"fixed": {
			"rotation": [-90, 0, 0],
			"translation": [0, 0, -15.5],
			"scale": [2, 2, 2]
		}
	}
}