{
	"credit": "Made by Poloskun_ http://www.youtube.com/c/Enchig",
	"parent": "block/cube_column",
	"textures": {
		"0": "custom/decorations/cell",
		"particle": "custom/decorations/cell"
	},
	"elements": [
		{
			"from": [8, 16, 5],
			"to": [8, 19, 11],
			"rotation": {"angle": 45, "axis": "y", "origin": [8, 16, 8]},
			"faces": {
				"north": {"uv": [0, 0, 0, 16], "texture": "#missing"},
				"east": {"uv": [6.5, 7, 9.5, 8.5], "texture": "#0"},
				"south": {"uv": [0, 0, 0, 16], "texture": "#missing"},
				"west": {"uv": [6.5, 7, 9.5, 8.5], "texture": "#0"}
			}
		},
		{
			"from": [5, 16, 8],
			"to": [11, 19, 8],
			"rotation": {"angle": 45, "axis": "y", "origin": [8, 16, 8]},
			"faces": {
				"north": {"uv": [6.5, 7, 9.5, 8.5], "texture": "#0"},
				"east": {"uv": [0, 0, 0, 16], "texture": "#missing"},
				"south": {"uv": [6.5, 7, 9.5, 8.5], "texture": "#0"},
				"west": {"uv": [0, 0, 0, 16], "texture": "#missing"}
			}
		},
		{
			"from": [2, 0, 2],
			"to": [14, 16, 14],
			"faces": {
				"north": {"uv": [0, 6, 6, 14], "texture": "#0"},
				"east": {"uv": [0, 6, 6, 14], "texture": "#0"},
				"south": {"uv": [0, 6, 6, 14], "texture": "#0"},
				"west": {"uv": [0, 6, 6, 14], "texture": "#0"},
				"up": {"uv": [0, 0, 6, 6], "texture": "#0"},
				"down": {"uv": [6, 0, 12, 6], "texture": "#0"}
			}
		},
		{
			"from": [14, 16, 14],
			"to": [2, 0, 2],
			"faces": {
				"north": {"uv": [0, 14, 6, 6], "texture": "#0"},
				"east": {"uv": [0, 14, 6, 6], "texture": "#0"},
				"south": {"uv": [0, 14, 6, 6], "texture": "#0"},
				"west": {"uv": [0, 14, 6, 6], "texture": "#0"},
				"up": {"uv": [6, 0, 12, 6], "texture": "#0"},
				"down": {"uv": [0, 0, 6, 6], "texture": "#0"}
			}
		}
	],
	"display": {
		"thirdperson_righthand": {
			"rotation": [74, 0, 0],
			"translation": [0, -3.25, -6.5],
			"scale": [0.67, 0.67, 0.67]
		},
		"thirdperson_lefthand": {
			"rotation": [51, 0, 0],
			"translation": [-5.75, 3.25, 1.5],
			"scale": [0.71, 0.71, 0.71]
		},
		"firstperson_righthand": {
			"rotation": [9, 1, 0],
			"translation": [0.25, 0, 2],
			"scale": [0.4, 0.4, 0.4]
		},
		"firstperson_lefthand": {
			"rotation": [-12, 0, 0],
			"translation": [-9.25, 1.25, 2],
			"scale": [0.4, 0.4, 0.4]
		},
		"ground": {
			"translation": [0, 4, 0],
			"scale": [0.51, 0.51, 0.51]
		},
		"gui": {
			"rotation": [29, -135, 0],
			"translation": [0, -0.25, 0],
			"scale": [0.66, 0.66, 0.66]
		},
		"head": {
			"translation": [0, 14.65, 0],
			"scale": [1.01, 1.01, 1.01]
		},
		"fixed": {
			"rotation": [-90, 0, 0],
			"translation": [0, 0, -14.8],
			"scale": [2, 2, 2]
		}
	},
	"groups": [
		{
			"name": "group",
			"origin": [8, 8, 8],
			"color": 0,
			"children": [0, 1, 2, 3]
		}
	]
}