{
	"credit": "Made by Poloskun_ http://www.youtube.com/c/Enchig",
	"parent": "block/cube_column",
	"texture_size": [32, 16],
	"textures": {
		"0": "custom/decorations/cell",
		"1": "entity/chicken",
		"particle": "custom/decorations/cell"
	},
	"elements": [
		{
			"from": [8, 16, 5],
			"to": [8, 19, 11],
			"rotation": {"angle": 45, "axis": "y", "origin": [8, 16, 8]},
			"faces": {
				"north": {"uv": [0, 0, 0, 16], "texture": "#missing"},
				"east": {"uv": [6.5, 7, 9.5, 8.5], "texture": "#0"},
				"south": {"uv": [0, 0, 0, 16], "texture": "#missing"},
				"west": {"uv": [6.5, 7, 9.5, 8.5], "texture": "#0"}
			}
		},
		{
			"from": [5, 16, 8],
			"to": [11, 19, 8],
			"rotation": {"angle": 45, "axis": "y", "origin": [8, 16, 8]},
			"faces": {
				"north": {"uv": [6.5, 7, 9.5, 8.5], "texture": "#0"},
				"east": {"uv": [0, 0, 0, 16], "texture": "#missing"},
				"south": {"uv": [6.5, 7, 9.5, 8.5], "texture": "#0"},
				"west": {"uv": [0, 0, 0, 16], "texture": "#missing"}
			}
		},
		{
			"from": [2, 0, 2],
			"to": [14, 16, 14],
			"faces": {
				"north": {"uv": [0, 6, 6, 14], "texture": "#0"},
				"east": {"uv": [0, 6, 6, 14], "texture": "#0"},
				"south": {"uv": [0, 6, 6, 14], "texture": "#0"},
				"west": {"uv": [0, 6, 6, 14], "texture": "#0"},
				"up": {"uv": [0, 0, 6, 6], "texture": "#0"},
				"down": {"uv": [6, 0, 12, 6], "texture": "#0"}
			}
		},
		{
			"from": [14, 16, 14],
			"to": [2, 0, 2],
			"faces": {
				"north": {"uv": [0, 14, 6, 6], "texture": "#0"},
				"east": {"uv": [0, 14, 6, 6], "texture": "#0"},
				"south": {"uv": [0, 14, 6, 6], "texture": "#0"},
				"west": {"uv": [0, 14, 6, 6], "texture": "#0"},
				"up": {"uv": [6, 0, 12, 6], "texture": "#0"},
				"down": {"uv": [0, 0, 6, 6], "texture": "#0"}
			}
		},
		{
			"name": "chin",
			"from": [7, 8.25, 3.25],
			"to": [9, 10.25, 5.25],
			"faces": {
				"north": {"uv": [4, 3, 5, 4], "texture": "#1"},
				"east": {"uv": [4, 3, 5, 4], "texture": "#1"},
				"south": {"uv": [4, 3, 5, 4], "texture": "#1"},
				"west": {"uv": [4, 3, 5, 4], "texture": "#1"},
				"up": {"uv": [4, 3, 5, 4], "texture": "#1"},
				"down": {"uv": [4, 3, 5, 4], "texture": "#1"}
			}
		},
		{
			"name": "left_leg",
			"from": [5, 0.25, 8.25],
			"to": [8, 0.25, 11.25],
			"faces": {
				"north": {"uv": [16.5, 2, 18, 4], "texture": "#missing"},
				"east": {"uv": [52, 3, 58, 8], "texture": "#missing"},
				"south": {"uv": [70, 3, 76, 8], "texture": "#missing"},
				"west": {"uv": [16.5, 2, 18, 4], "texture": "#missing"},
				"up": {"uv": [8, 1.5, 8.75, 0], "texture": "#1"},
				"down": {"uv": [8, 0, 8.75, 1.5], "texture": "#1"}
			}
		},
		{
			"name": "head",
			"from": [6, 8.25, 4.25],
			"to": [10, 14.25, 7.25],
			"faces": {
				"north": {"uv": [0.75, 1.5, 1.75, 4.5], "texture": "#1"},
				"east": {"uv": [0, 1.5, 0.75, 4.5], "texture": "#1"},
				"south": {"uv": [2.5, 1.5, 3.5, 4.5], "texture": "#1"},
				"west": {"uv": [1.75, 1.5, 2.5, 4.5], "texture": "#1"},
				"up": {"uv": [1.75, 0, 0.75, 1.5], "texture": "#1"},
				"down": {"uv": [1.75, 0, 2.75, 1.5], "texture": "#1"}
			}
		},
		{
			"name": "rotation",
			"from": [5, 4.25, 5.75],
			"to": [11, 10.25, 13.75],
			"rotation": {"angle": 0, "axis": "y", "origin": [8, 9, 10]},
			"faces": {
				"north": {"uv": [1.5, 4.5, 3, 7.5], "texture": "#1"},
				"east": {"uv": [0, 7.5, 1.5, 11.5], "rotation": 90, "texture": "#1"},
				"south": {"uv": [3, 4.5, 4.5, 7.5], "texture": "#1"},
				"west": {"uv": [3, 7.5, 4.5, 11.5], "rotation": 270, "texture": "#1"},
				"up": {"uv": [6, 11.5, 4.5, 7.5], "rotation": 180, "texture": "#1"},
				"down": {"uv": [1.5, 7.5, 3, 11.5], "rotation": 180, "texture": "#1"}
			}
		},
		{
			"name": "left_leg",
			"from": [8, 0.25, 8.25],
			"to": [11, 0.25, 11.25],
			"faces": {
				"north": {"uv": [16.5, 2, 18, 4], "texture": "#missing"},
				"east": {"uv": [52, 3, 58, 8], "texture": "#missing"},
				"south": {"uv": [70, 3, 76, 8], "texture": "#missing"},
				"west": {"uv": [16.5, 2, 18, 4], "texture": "#missing"},
				"up": {"uv": [8, 1.5, 8.75, 0], "texture": "#1"},
				"down": {"uv": [8, 0, 8.75, 1.5], "texture": "#1"}
			}
		},
		{
			"name": "left_leg",
			"from": [9, 0.25, 11.25],
			"to": [10, 5.25, 11.25],
			"faces": {
				"north": {"uv": [9, 4, 9.25, 1.5], "texture": "#1"},
				"east": {"uv": [52, 3, 58, 8], "texture": "#missing"},
				"south": {"uv": [9, 4, 9.25, 1.5], "texture": "#1"},
				"west": {"uv": [16.5, 2, 18, 4], "texture": "#missing"},
				"up": {"uv": [16, 1.5, 17.5, 0], "texture": "#missing"},
				"down": {"uv": [16, 0, 17.5, 1.5], "texture": "#missing"}
			}
		},
		{
			"name": "left_leg",
			"from": [6, 0.25, 11.25],
			"to": [7, 5.25, 11.25],
			"faces": {
				"north": {"uv": [9, 4, 9.25, 1.5], "texture": "#1"},
				"east": {"uv": [52, 3, 58, 8], "texture": "#missing"},
				"south": {"uv": [9, 4, 9.25, 1.5], "texture": "#1"},
				"west": {"uv": [16.5, 2, 18, 4], "texture": "#missing"},
				"up": {"uv": [16, 1.5, 17.5, 0], "texture": "#missing"},
				"down": {"uv": [16, 0, 17.5, 1.5], "texture": "#missing"}
			}
		},
		{
			"name": "right_wing",
			"from": [11, 6.25, 6.75],
			"to": [12, 10.25, 12.75],
			"faces": {
				"north": {"uv": [7.75, 9.5, 8, 11.5], "texture": "#1"},
				"east": {"uv": [6, 9.5, 7.5, 11.5], "texture": "#1"},
				"south": {"uv": [6, 9.5, 6.25, 11.5], "texture": "#1"},
				"west": {"uv": [7.75, 9.5, 9.25, 11.5], "texture": "#1"},
				"up": {"uv": [7.75, 9.5, 8, 6.5], "texture": "#1"},
				"down": {"uv": [7.5, 6.5, 7.75, 9.5], "texture": "#1"}
			}
		},
		{
			"name": "right_wing",
			"from": [4, 6.25, 6.75],
			"to": [5, 10.25, 12.75],
			"faces": {
				"north": {"uv": [7.75, 9.5, 8, 11.5], "texture": "#1"},
				"east": {"uv": [9.25, 9.5, 7.75, 11.5], "texture": "#1"},
				"south": {"uv": [6, 9.5, 6.25, 11.5], "texture": "#1"},
				"west": {"uv": [7.5, 9.5, 6, 11.5], "texture": "#1"},
				"up": {"uv": [7.75, 9.5, 8, 6.5], "texture": "#1"},
				"down": {"uv": [7.5, 6.5, 7.75, 9.5], "texture": "#1"}
			}
		},
		{
			"name": "bill",
			"from": [6, 10.25, 2.25],
			"to": [10, 12.25, 4.25],
			"faces": {
				"north": {"uv": [4, 1, 5, 2], "texture": "#1"},
				"east": {"uv": [3.5, 1, 4, 2], "texture": "#1"},
				"south": {"uv": [5.5, 1, 6.5, 2], "texture": "#1"},
				"west": {"uv": [5, 1, 5.5, 2], "texture": "#1"},
				"up": {"uv": [4, 1, 5, 0], "texture": "#1"},
				"down": {"uv": [5, 0, 6, 1], "texture": "#1"}
			}
		}
	],
	"display": {
		"thirdperson_righthand": {
			"rotation": [74, 0, 0],
			"translation": [0, -3.25, -6.5],
			"scale": [0.67, 0.67, 0.67]
		},
		"thirdperson_lefthand": {
			"rotation": [51, 0, 0],
			"translation": [-5.75, 3.25, 1.5],
			"scale": [0.71, 0.71, 0.71]
		},
		"firstperson_righthand": {
			"rotation": [9, 1, 0],
			"translation": [0.25, 0, 2],
			"scale": [0.4, 0.4, 0.4]
		},
		"firstperson_lefthand": {
			"rotation": [-12, 0, 0],
			"translation": [-9.25, 1.25, 2],
			"scale": [0.4, 0.4, 0.4]
		},
		"ground": {
			"translation": [0, 4, 0],
			"scale": [0.51, 0.51, 0.51]
		},
		"gui": {
			"rotation": [29, -135, 0],
			"translation": [0, -0.25, 0],
			"scale": [0.66, 0.66, 0.66]
		},
		"head": {
			"translation": [0, 14.65, 0],
			"scale": [1.01, 1.01, 1.01]
		},
		"fixed": {
			"rotation": [-90, 0, 0],
			"translation": [0, 0, -14.8],
			"scale": [2, 2, 2]
		}
	},
	"groups": [
		{
			"name": "group",
			"origin": [8, 8, 8],
			"color": 0,
			"children": [0, 1, 2, 3]
		},
		{
			"name": "group",
			"origin": [8, 8, 8],
			"color": 0,
			"children": [4, 5, 6, 7, 8, 9, 10, 11, 12, 13]
		}
	]
}