{
	"credit": "Made by Poloskun_ http://www.youtube.com/c/Enchig",
	"parent": "block/cube_column",
	"textures": {
		"0": "custom/decorations/cell",
		"1": "entity/bee/bee_angry",
		"particle": "custom/decorations/cell"
	},
	"elements": [
		{
			"from": [8, 16, 5],
			"to": [8, 19, 11],
			"rotation": {"angle": 45, "axis": "y", "origin": [8, 16, 8]},
			"faces": {
				"north": {"uv": [0, 0, 0, 16], "texture": "#missing"},
				"east": {"uv": [6.5, 7, 9.5, 8.5], "texture": "#0"},
				"south": {"uv": [0, 0, 0, 16], "texture": "#missing"},
				"west": {"uv": [6.5, 7, 9.5, 8.5], "texture": "#0"}
			}
		},
		{
			"from": [5, 16, 8],
			"to": [11, 19, 8],
			"rotation": {"angle": 45, "axis": "y", "origin": [8, 16, 8]},
			"faces": {
				"north": {"uv": [6.5, 7, 9.5, 8.5], "texture": "#0"},
				"east": {"uv": [0, 0, 0, 16], "texture": "#missing"},
				"south": {"uv": [6.5, 7, 9.5, 8.5], "texture": "#0"},
				"west": {"uv": [0, 0, 0, 16], "texture": "#missing"}
			}
		},
		{
			"from": [2, 0, 2],
			"to": [14, 16, 14],
			"faces": {
				"north": {"uv": [0, 6, 6, 14], "texture": "#0"},
				"east": {"uv": [0, 6, 6, 14], "texture": "#0"},
				"south": {"uv": [0, 6, 6, 14], "texture": "#0"},
				"west": {"uv": [0, 6, 6, 14], "texture": "#0"},
				"up": {"uv": [0, 0, 6, 6], "texture": "#0"},
				"down": {"uv": [6, 0, 12, 6], "texture": "#0"}
			}
		},
		{
			"from": [14, 16, 14],
			"to": [2, 0, 2],
			"faces": {
				"north": {"uv": [0, 14, 6, 6], "texture": "#0"},
				"east": {"uv": [0, 14, 6, 6], "texture": "#0"},
				"south": {"uv": [0, 14, 6, 6], "texture": "#0"},
				"west": {"uv": [0, 14, 6, 6], "texture": "#0"},
				"up": {"uv": [6, 0, 12, 6], "texture": "#0"},
				"down": {"uv": [0, 0, 6, 6], "texture": "#0"}
			}
		},
		{
			"from": [4.5, 2, 3],
			"to": [11.5, 9, 13],
			"rotation": {"angle": 0, "axis": "y", "origin": [12.5, 10, 11]},
			"faces": {
				"north": {"uv": [2.5, 2.5, 4.25, 4.25], "texture": "#1"},
				"east": {"uv": [0, 2.5, 2.5, 4.25], "texture": "#1"},
				"south": {"uv": [6.75, 2.5, 8.5, 4.25], "texture": "#1"},
				"west": {"uv": [4.25, 2.5, 6.75, 4.25], "texture": "#1"},
				"up": {"uv": [2.5, 0, 4.25, 2.5], "rotation": 180, "texture": "#1"},
				"down": {"uv": [4.25, 0, 6, 2.5], "texture": "#1"}
			}
		},
		{
			"from": [8, 5, 13],
			"to": [8, 6, 15],
			"rotation": {"angle": 0, "axis": "y", "origin": [16, 13, 21]},
			"faces": {
				"north": {"uv": [13, 9, 14, 10], "texture": "#missing"},
				"east": {"uv": [6.5, 2.25, 7, 2.5], "texture": "#1"},
				"south": {"uv": [13, 9, 14, 10], "texture": "#missing"},
				"west": {"uv": [6.5, 2.25, 7, 2.5], "texture": "#1"},
				"up": {"uv": [13, 9, 14, 10], "texture": "#missing"},
				"down": {"uv": [13, 9, 14, 10], "texture": "#missing"}
			}
		},
		{
			"from": [6.5, 7, 0],
			"to": [6.5, 9, 3],
			"rotation": {"angle": 0, "axis": "y", "origin": [14.5, 15, 8]},
			"faces": {
				"north": {"uv": [1, 3, 2.5, 5], "texture": "#missing"},
				"east": {"uv": [0.5, 0.75, 1.25, 1.25], "texture": "#1"},
				"south": {"uv": [1, 3, 2.5, 5], "texture": "#missing"},
				"west": {"uv": [1.5, 1.5, 2.25, 2], "texture": "#1"},
				"up": {"uv": [1, 3, 2.5, 5], "texture": "#missing"},
				"down": {"uv": [1, 3, 2.5, 5], "texture": "#missing"}
			}
		},
		{
			"from": [9.5, 7, 0],
			"to": [9.5, 9, 3],
			"rotation": {"angle": 0, "axis": "y", "origin": [14.5, 15, 8]},
			"faces": {
				"north": {"uv": [1, 3, 2.5, 5], "texture": "#missing"},
				"east": {"uv": [0.5, 0.75, 1.25, 1.25], "texture": "#1"},
				"south": {"uv": [1, 3, 2.5, 5], "texture": "#missing"},
				"west": {"uv": [1.5, 1.5, 2.25, 2], "texture": "#1"},
				"up": {"uv": [1, 3, 2.5, 5], "texture": "#missing"},
				"down": {"uv": [1, 3, 2.5, 5], "texture": "#missing"}
			}
		},
		{
			"from": [6.5, 2.75, 3],
			"to": [7.5, 4.75, 3],
			"rotation": {"angle": -22.5, "axis": "x", "origin": [14.5, 10.75, 11]},
			"faces": {
				"north": {"uv": [7.5, 0.25, 7.75, 0.75], "texture": "#1"},
				"east": {"uv": [15, 1, 15.5, 3], "texture": "#missing"},
				"south": {"uv": [7.5, 0.25, 7.75, 0.75], "texture": "#1"},
				"west": {"uv": [15, 1, 15.5, 3], "texture": "#missing"},
				"up": {"uv": [15, 1, 15.5, 3], "texture": "#missing"},
				"down": {"uv": [15, 1, 15.5, 3], "texture": "#missing"}
			}
		},
		{
			"from": [8.5, 2.75, 3],
			"to": [9.5, 4.75, 3],
			"rotation": {"angle": -22.5, "axis": "x", "origin": [14.5, 10.75, 11]},
			"faces": {
				"north": {"uv": [7.5, 0.25, 7.75, 0.75], "texture": "#1"},
				"east": {"uv": [15, 1, 15.5, 3], "texture": "#missing"},
				"south": {"uv": [7.5, 0.25, 7.75, 0.75], "texture": "#1"},
				"west": {"uv": [15, 1, 15.5, 3], "texture": "#missing"},
				"up": {"uv": [15, 1, 15.5, 3], "texture": "#missing"},
				"down": {"uv": [15, 1, 15.5, 3], "texture": "#missing"}
			}
		},
		{
			"from": [9.5, 2.75, 6],
			"to": [10.5, 4.75, 6],
			"rotation": {"angle": -22.5, "axis": "x", "origin": [13.5, 10.75, 14]},
			"faces": {
				"north": {"uv": [7.5, 0.25, 7.75, 0.75], "texture": "#1"},
				"east": {"uv": [15, 1, 15.5, 3], "texture": "#missing"},
				"south": {"uv": [7.5, 0.25, 7.75, 0.75], "texture": "#1"},
				"west": {"uv": [15, 1, 15.5, 3], "texture": "#missing"},
				"up": {"uv": [15, 1, 15.5, 3], "texture": "#missing"},
				"down": {"uv": [15, 1, 15.5, 3], "texture": "#missing"}
			}
		},
		{
			"from": [5.5, 2.75, 6],
			"to": [6.5, 4.75, 6],
			"rotation": {"angle": -22.5, "axis": "x", "origin": [13.5, 10.75, 14]},
			"faces": {
				"north": {"uv": [7.5, 0.25, 7.75, 0.75], "texture": "#1"},
				"east": {"uv": [15, 1, 15.5, 3], "texture": "#missing"},
				"south": {"uv": [7.5, 0.25, 7.75, 0.75], "texture": "#1"},
				"west": {"uv": [15, 1, 15.5, 3], "texture": "#missing"},
				"up": {"uv": [15, 1, 15.5, 3], "texture": "#missing"},
				"down": {"uv": [15, 1, 15.5, 3], "texture": "#missing"}
			}
		},
		{
			"from": [5.5, 2.75, 8],
			"to": [6.5, 4.75, 8],
			"rotation": {"angle": -22.5, "axis": "x", "origin": [13.5, 10.75, 16]},
			"faces": {
				"north": {"uv": [7.5, 0.25, 7.75, 0.75], "texture": "#1"},
				"east": {"uv": [15, 1, 15.5, 3], "texture": "#missing"},
				"south": {"uv": [7.5, 0.25, 7.75, 0.75], "texture": "#1"},
				"west": {"uv": [15, 1, 15.5, 3], "texture": "#missing"},
				"up": {"uv": [15, 1, 15.5, 3], "texture": "#missing"},
				"down": {"uv": [15, 1, 15.5, 3], "texture": "#missing"}
			}
		},
		{
			"from": [9.5, 2.75, 8],
			"to": [10.5, 4.75, 8],
			"rotation": {"angle": -22.5, "axis": "x", "origin": [13.5, 10.75, 16]},
			"faces": {
				"north": {"uv": [7.5, 0.25, 7.75, 0.75], "texture": "#1"},
				"east": {"uv": [15, 1, 15.5, 3], "texture": "#missing"},
				"south": {"uv": [7.5, 0.25, 7.75, 0.75], "texture": "#1"},
				"west": {"uv": [15, 1, 15.5, 3], "texture": "#missing"},
				"up": {"uv": [15, 1, 15.5, 3], "texture": "#missing"},
				"down": {"uv": [15, 1, 15.5, 3], "texture": "#missing"}
			}
		},
		{
			"from": [7.75, 2.75, 5],
			"to": [7.75, 9.75, 11],
			"rotation": {"angle": -22.5, "axis": "z", "origin": [4.25, 16.75, 13]},
			"faces": {
				"north": {"uv": [7.5, 24, 11, 30], "rotation": 270, "texture": "#missing"},
				"east": {"uv": [2, 4.5, 3.75, 6], "rotation": 270, "texture": "#1"},
				"south": {"uv": [7.5, 24, 11, 30], "rotation": 90, "texture": "#missing"},
				"west": {"uv": [2, 4.5, 3.75, 6], "rotation": 180, "texture": "#1"},
				"up": {"uv": [7.5, 24, 11, 30], "rotation": 90, "texture": "#missing"},
				"down": {"uv": [7.5, 24, 11, 30], "rotation": 90, "texture": "#missing"}
			}
		},
		{
			"from": [7.75, -0.25, 5],
			"to": [7.75, 6.75, 11],
			"rotation": {"angle": 22.5, "axis": "z", "origin": [4.25, 16.75, 13]},
			"faces": {
				"north": {"uv": [7.5, 24, 11, 30], "rotation": 270, "texture": "#missing"},
				"east": {"uv": [2, 4.5, 3.75, 6], "rotation": 270, "texture": "#1"},
				"south": {"uv": [7.5, 24, 11, 30], "rotation": 90, "texture": "#missing"},
				"west": {"uv": [3.75, 4.5, 2, 6], "rotation": 90, "texture": "#1"},
				"up": {"uv": [7.5, 24, 11, 30], "rotation": 90, "texture": "#missing"},
				"down": {"uv": [7.5, 24, 11, 30], "rotation": 90, "texture": "#missing"}
			}
		}
	],
	"display": {
		"thirdperson_righthand": {
			"rotation": [74, 0, 0],
			"translation": [0, -3.25, -6.5],
			"scale": [0.67, 0.67, 0.67]
		},
		"thirdperson_lefthand": {
			"rotation": [51, 0, 0],
			"translation": [-5.75, 3.25, 1.5],
			"scale": [0.71, 0.71, 0.71]
		},
		"firstperson_righthand": {
			"rotation": [9, 1, 0],
			"translation": [0.25, 0, 2],
			"scale": [0.4, 0.4, 0.4]
		},
		"firstperson_lefthand": {
			"rotation": [-12, 0, 0],
			"translation": [-9.25, 1.25, 2],
			"scale": [0.4, 0.4, 0.4]
		},
		"ground": {
			"translation": [0, 4, 0],
			"scale": [0.51, 0.51, 0.51]
		},
		"gui": {
			"rotation": [29, -135, 0],
			"translation": [0, -0.25, 0],
			"scale": [0.66, 0.66, 0.66]
		},
		"head": {
			"translation": [0, 14.65, 0],
			"scale": [1.01, 1.01, 1.01]
		},
		"fixed": {
			"rotation": [-90, 0, 0],
			"translation": [0, 0, -14.8],
			"scale": [2, 2, 2]
		}
	},
	"groups": [
		{
			"name": "group",
			"origin": [8, 8, 8],
			"color": 0,
			"children": [0, 1, 2, 3]
		},
		{
			"name": "group",
			"origin": [8, 8, 8],
			"color": 0,
			"children": [4, 5, 6, 7, 8, 9, 10, 11, 12, 13, 14, 15]
		}
	]
}