{
	"credit": "Made by Poloskun_ http://www.youtube.com/c/Enchig",
	"parent": "block/cube_column",
	"texture_size": [32, 32],
	"textures": {
		"0": "custom/decorations/cell",
		"1": "entity/slime/slime",
		"particle": "custom/decorations/cell"
	},
	"elements": [
		{
			"from": [14, 16, 14],
			"to": [2, 0, 2],
			"faces": {
				"north": {"uv": [0, 14, 6, 6], "texture": "#0"},
				"east": {"uv": [0, 14, 6, 6], "texture": "#0"},
				"south": {"uv": [0, 14, 6, 6], "texture": "#0"},
				"west": {"uv": [0, 14, 6, 6], "texture": "#0"},
				"up": {"uv": [6, 0, 12, 6], "texture": "#0"},
				"down": {"uv": [0, 0, 6, 6], "texture": "#0"}
			}
		},
		{
			"from": [5, 16, 8],
			"to": [11, 19, 8],
			"rotation": {"angle": 45, "axis": "y", "origin": [8, 16, 8]},
			"faces": {
				"north": {"uv": [6.5, 7, 9.5, 8.5], "texture": "#0"},
				"south": {"uv": [6.5, 7, 9.5, 8.5], "texture": "#0"}
			}
		},
		{
			"from": [2, 0, 2],
			"to": [14, 16, 14],
			"faces": {
				"north": {"uv": [0, 6, 6, 14], "texture": "#0"},
				"east": {"uv": [0, 6, 6, 14], "texture": "#0"},
				"south": {"uv": [0, 6, 6, 14], "texture": "#0"},
				"west": {"uv": [0, 6, 6, 14], "texture": "#0"},
				"up": {"uv": [0, 0, 6, 6], "texture": "#0"},
				"down": {"uv": [6, 0, 12, 6], "texture": "#0"}
			}
		},
		{
			"from": [8, 16, 5],
			"to": [8, 19, 11],
			"rotation": {"angle": 45, "axis": "y", "origin": [8, 16, 8]},
			"faces": {
				"east": {"uv": [6.5, 7, 9.5, 8.5], "texture": "#0"},
				"west": {"uv": [6.5, 7, 9.5, 8.5], "texture": "#0"}
			}
		},
		{
			"name": "mouth",
			"from": [8, 2.25, 4.5],
			"to": [9, 3.25, 5.5],
			"faces": {
				"north": {"uv": [9, 1.5, 8.75, 2], "texture": "#1"},
				"east": {"uv": [9, 1.5, 8.75, 2], "texture": "#1"},
				"south": {"uv": [9, 1.5, 8.75, 2], "texture": "#1"},
				"west": {"uv": [9, 1.5, 8.75, 2], "texture": "#1"},
				"up": {"uv": [9, 1.5, 8.75, 2], "texture": "#1"},
				"down": {"uv": [9, 1.5, 8.75, 2], "texture": "#1"}
			}
		},
		{
			"name": "left_eye",
			"from": [9.3, 4.25, 4.5],
			"to": [11.3, 6.25, 6.5],
			"faces": {
				"north": {"uv": [8.75, 1, 9.25, 2], "texture": "#1"},
				"east": {"uv": [9, 1, 9.5, 2], "texture": "#1"},
				"south": {"uv": [9, 1, 9.5, 2], "texture": "#1"},
				"west": {"uv": [9, 1, 9.5, 2], "texture": "#1"},
				"up": {"uv": [9, 1, 9.5, 2], "texture": "#1"},
				"down": {"uv": [9, 1, 9.5, 2], "texture": "#1"}
			}
		},
		{
			"name": "right_eye",
			"from": [4.7, 4.25, 4.5],
			"to": [6.7, 6.25, 6.5],
			"faces": {
				"north": {"uv": [8.25, 3, 8.75, 4], "texture": "#1"},
				"east": {"uv": [8.75, 3, 9.25, 4], "rotation": 90, "texture": "#1"},
				"south": {"uv": [8.75, 3, 9.25, 4], "rotation": 90, "texture": "#1"},
				"west": {"uv": [8.75, 3, 9.25, 4], "rotation": 90, "texture": "#1"},
				"up": {"uv": [8.75, 3, 9.25, 4], "rotation": 90, "texture": "#1"},
				"down": {"uv": [8.75, 3, 9.25, 4], "rotation": 90, "texture": "#1"}
			}
		},
		{
			"name": "body",
			"from": [5, 1.25, 5],
			"to": [11, 7.25, 11],
			"faces": {
				"north": {"uv": [1.5, 8, 3, 11], "texture": "#1"},
				"east": {"uv": [1.5, 11, 3, 14], "texture": "#1"},
				"south": {"uv": [0, 11, 1.5, 14], "texture": "#1"},
				"west": {"uv": [3, 8, 4.5, 11], "texture": "#1"},
				"up": {"uv": [3, 11, 4.5, 14], "texture": "#1"},
				"down": {"uv": [4.5, 11, 6, 14], "texture": "#1"}
			}
		},
		{
			"name": "body",
			"from": [4, 0.25, 4],
			"to": [12, 8.25, 12],
			"faces": {
				"north": {"uv": [2, 4, 4, 8], "texture": "#1"},
				"east": {"uv": [0, 4, 2, 8], "texture": "#1"},
				"south": {"uv": [6, 4, 8, 8], "texture": "#1"},
				"west": {"uv": [4, 4, 6, 8], "texture": "#1"},
				"up": {"uv": [2, 0, 4, 4], "texture": "#1"},
				"down": {"uv": [4, 0, 6, 4], "texture": "#1"}
			}
		}
	],
	"display": {
		"thirdperson_righthand": {
			"rotation": [74, 0, 0],
			"translation": [0, -3.25, -6.5],
			"scale": [0.67, 0.67, 0.67]
		},
		"thirdperson_lefthand": {
			"rotation": [51, 0, 0],
			"translation": [-5.75, 3.25, 1.5],
			"scale": [0.71, 0.71, 0.71]
		},
		"firstperson_righthand": {
			"rotation": [9, 1, 0],
			"translation": [0.25, 0, 2],
			"scale": [0.4, 0.4, 0.4]
		},
		"firstperson_lefthand": {
			"rotation": [-12, 0, 0],
			"translation": [-9.25, 1.25, 2],
			"scale": [0.4, 0.4, 0.4]
		},
		"ground": {
			"translation": [0, 2.25, 0],
			"scale": [0.51, 0.51, 0.51]
		},
		"gui": {
			"rotation": [29, -45, 0],
			"translation": [0, -0.25, 0],
			"scale": [0.66, 0.66, 0.66]
		},
		"head": {
			"translation": [0, 14.65, 0],
			"scale": [1.01, 1.01, 1.01]
		},
		"fixed": {
			"rotation": [-90, 0, 0],
			"translation": [0, 0, -14.8],
			"scale": [2, 2, 2]
		}
	},
	"groups": [
		{
			"name": "group",
			"origin": [8, 8, 8],
			"color": 0,
			"children": [0, 1, 2, 3]
		},
		{
			"name": "group",
			"origin": [8, 8, 8],
			"color": 0,
			"children": [4, 5, 6, 7, 8]
		}
	]
}