{
	"credit": "Made by Poloskun_ http://www.youtube.com/c/Enchig",
	"parent": "block/cube_column",
	"textures": {
		"0": "custom/decorations/cell",
		"1": "entity/parrot/parrot_green",
		"particle": "custom/decorations/cell"
	},
	"elements": [
		{
			"from": [14, 16, 14],
			"to": [2, 0, 2],
			"faces": {
				"north": {"uv": [0, 14, 6, 6], "texture": "#0"},
				"east": {"uv": [0, 14, 6, 6], "texture": "#0"},
				"south": {"uv": [0, 14, 6, 6], "texture": "#0"},
				"west": {"uv": [0, 14, 6, 6], "texture": "#0"},
				"up": {"uv": [6, 0, 12, 6], "texture": "#0"},
				"down": {"uv": [0, 0, 6, 6], "texture": "#0"}
			}
		},
		{
			"from": [5, 16, 8],
			"to": [11, 19, 8],
			"rotation": {"angle": 45, "axis": "y", "origin": [8, 16, 8]},
			"faces": {
				"north": {"uv": [6.5, 7, 9.5, 8.5], "texture": "#0"},
				"south": {"uv": [6.5, 7, 9.5, 8.5], "texture": "#0"}
			}
		},
		{
			"from": [2, 0, 2],
			"to": [14, 16, 14],
			"faces": {
				"north": {"uv": [0, 6, 6, 14], "texture": "#0"},
				"east": {"uv": [0, 6, 6, 14], "texture": "#0"},
				"south": {"uv": [0, 6, 6, 14], "texture": "#0"},
				"west": {"uv": [0, 6, 6, 14], "texture": "#0"},
				"up": {"uv": [0, 0, 6, 6], "texture": "#0"},
				"down": {"uv": [6, 0, 12, 6], "texture": "#0"}
			}
		},
		{
			"from": [8, 16, 5],
			"to": [8, 19, 11],
			"rotation": {"angle": 45, "axis": "y", "origin": [8, 16, 8]},
			"faces": {
				"east": {"uv": [6.5, 7, 9.5, 8.5], "texture": "#0"},
				"west": {"uv": [6.5, 7, 9.5, 8.5], "texture": "#0"}
			}
		},
		{
			"name": "tail",
			"from": [6.5, 2.44373, 8.85419],
			"to": [9.5, 3.44373, 12.85419],
			"rotation": {"angle": 22.5, "axis": "x", "origin": [8, 3.25, 11]},
			"faces": {
				"north": {"uv": [11.5, 0.5, 13, 1], "rotation": 90, "texture": "#1"},
				"east": {"uv": [11, 1, 11.5, 3], "rotation": 90, "texture": "#1"},
				"south": {"uv": [11.5, 2.5, 13, 3], "texture": "#1"},
				"west": {"uv": [11, 1, 11.5, 3], "rotation": 270, "texture": "#1"},
				"up": {"uv": [11.5, 1, 13, 3], "texture": "#1"},
				"down": {"uv": [11.5, 1, 13, 3], "rotation": 180, "texture": "#1"}
			}
		},
		{
			"name": "right_leg",
			"from": [6.5, 0.25, 7.5],
			"to": [7.5, 0.25, 8.5],
			"rotation": {"angle": 0, "axis": "y", "origin": [0, 0.25, 0]},
			"faces": {
				"north": {"uv": [7.5, 19, 8, 21], "texture": "#missing"},
				"east": {"uv": [7, 19, 7.5, 21], "texture": "#missing"},
				"south": {"uv": [8.5, 19, 9, 21], "texture": "#missing"},
				"west": {"uv": [8, 19, 8.5, 21], "texture": "#missing"},
				"up": {"uv": [8.5, 9.5, 9, 10], "texture": "#1"},
				"down": {"uv": [8.5, 9.5, 9, 10], "texture": "#1"}
			}
		},
		{
			"name": "left_leg",
			"from": [6.5, 0.25, 8.5],
			"to": [7.5, 2.25, 8.5],
			"rotation": {"angle": 0, "axis": "y", "origin": [0, 0.25, 0]},
			"faces": {
				"north": {"uv": [8.5, 9.5, 9, 10], "texture": "#1"},
				"east": {"uv": [7, 19, 7.5, 21], "texture": "#missing"},
				"south": {"uv": [8.5, 9.5, 9, 10], "texture": "#1"},
				"west": {"uv": [8, 19, 8.5, 21], "texture": "#missing"},
				"up": {"uv": [8, 19, 7.5, 18], "texture": "#missing"},
				"down": {"uv": [8.5, 18, 8, 19], "texture": "#missing"}
			}
		},
		{
			"name": "right_leg",
			"from": [8.5, 0.25, 7.5],
			"to": [9.5, 0.25, 8.5],
			"rotation": {"angle": 0, "axis": "y", "origin": [0, 0.25, 0]},
			"faces": {
				"north": {"uv": [7.5, 19, 8, 21], "texture": "#missing"},
				"east": {"uv": [7, 19, 7.5, 21], "texture": "#missing"},
				"south": {"uv": [8.5, 19, 9, 21], "texture": "#missing"},
				"west": {"uv": [8, 19, 8.5, 21], "texture": "#missing"},
				"up": {"uv": [8.5, 9.5, 9, 10], "texture": "#1"},
				"down": {"uv": [8.5, 9.5, 9, 10], "texture": "#1"}
			}
		},
		{
			"name": "left_leg",
			"from": [8.5, 0.25, 8.5],
			"to": [9.5, 2.25, 8.5],
			"rotation": {"angle": 0, "axis": "y", "origin": [0, 0.25, 0]},
			"faces": {
				"north": {"uv": [8.5, 9.5, 9, 10], "texture": "#1"},
				"east": {"uv": [7, 19, 7.5, 21], "texture": "#missing"},
				"south": {"uv": [8.5, 9.5, 9, 10], "texture": "#1"},
				"west": {"uv": [8, 19, 8.5, 21], "texture": "#missing"},
				"up": {"uv": [8, 19, 7.5, 18], "texture": "#missing"},
				"down": {"uv": [8.5, 18, 8, 19], "texture": "#missing"}
			}
		},
		{
			"name": "left_wing_rotation",
			"from": [6, 2.1, 7.2],
			"to": [7, 7.1, 10.2],
			"rotation": {"angle": -45, "axis": "x", "origin": [8, 5.25, 8]},
			"faces": {
				"north": {"uv": [9.5, 5.5, 10, 8], "texture": "#1"},
				"east": {"uv": [9.5, 5.5, 11, 8], "texture": "#1"},
				"south": {"uv": [11, 5.5, 11.5, 8], "texture": "#1"},
				"west": {"uv": [9.5, 5.5, 11, 8], "texture": "#1"},
				"up": {"uv": [9.5, 5.5, 11, 6], "rotation": 90, "texture": "#1"},
				"down": {"uv": [9.5, 7.5, 11, 8], "rotation": 270, "texture": "#1"}
			}
		},
		{
			"name": "left_wing_rotation",
			"from": [9, 2.1, 7.2],
			"to": [10, 7.1, 10.2],
			"rotation": {"angle": -45, "axis": "x", "origin": [8, 5.25, 8]},
			"faces": {
				"north": {"uv": [9.5, 5.5, 10, 8], "texture": "#1"},
				"east": {"uv": [9.5, 5.5, 11, 8], "texture": "#1"},
				"south": {"uv": [11, 5.5, 11.5, 8], "texture": "#1"},
				"west": {"uv": [9.5, 5.5, 11, 8], "texture": "#1"},
				"up": {"uv": [9.5, 5.5, 11, 6], "rotation": 90, "texture": "#1"},
				"down": {"uv": [9.5, 7.5, 11, 8], "rotation": 270, "texture": "#1"}
			}
		},
		{
			"name": "body",
			"from": [6.5, 1.75, 6.5],
			"to": [9.5, 7.75, 9.5],
			"rotation": {"angle": -22.5, "axis": "x", "origin": [8, 5.25, 8]},
			"faces": {
				"north": {"uv": [2.5, 5.5, 4, 8.5], "texture": "#1"},
				"east": {"uv": [1, 5.5, 2.5, 8.5], "texture": "#1"},
				"south": {"uv": [5.5, 5.5, 7, 8.5], "texture": "#1"},
				"west": {"uv": [4, 5.5, 5.5, 8.5], "texture": "#1"},
				"up": {"uv": [2.5, 4, 4, 5.5], "rotation": 180, "texture": "#1"},
				"down": {"uv": [4, 4, 5.5, 5.5], "texture": "#1"}
			}
		},
		{
			"name": "feather",
			"from": [8, 9.31913, 3.77238],
			"to": [8, 14.31913, 7.77238],
			"rotation": {"angle": 22.5, "axis": "x", "origin": [8, 5.5, 6.75]},
			"faces": {
				"north": {"uv": [3, 22, 3, 27], "texture": "#missing"},
				"east": {"uv": [1, 11, 3, 13.5], "texture": "#1"},
				"south": {"uv": [5, 22, 5, 27], "texture": "#missing"},
				"west": {"uv": [3, 11, 1, 13.5], "texture": "#1"},
				"up": {"uv": [3, 22, 3, 18], "texture": "#missing"},
				"down": {"uv": [3, 18, 3, 22], "texture": "#missing"}
			}
		},
		{
			"name": "head",
			"from": [7.51, 8.26, 4.31],
			"to": [8.49, 10.24, 5.29],
			"rotation": {"angle": 0, "axis": "x", "origin": [8, 5.5, 6.75]},
			"faces": {
				"north": {"uv": [5.5, 4, 6, 4.5], "texture": "#1"},
				"east": {"uv": [5.5, 4, 6, 4.5], "texture": "#1"},
				"south": {"uv": [5.5, 4, 6, 4.5], "texture": "#1"},
				"west": {"uv": [5.5, 4, 6, 4.5], "texture": "#1"},
				"up": {"uv": [9, 8, 8.5, 7], "texture": "#missing"},
				"down": {"uv": [5.5, 4, 6, 4.5], "texture": "#1"}
			}
		},
		{
			"name": "head",
			"from": [7.5, 8, 5.25],
			"to": [8.5, 10, 6.25],
			"rotation": {"angle": 0, "axis": "x", "origin": [8, 5.5, 6.75]},
			"faces": {
				"north": {"uv": [5.5, 4, 6, 5], "texture": "#1"},
				"east": {"uv": [5.5, 4, 6, 5], "texture": "#1"},
				"south": {"uv": [5.5, 4, 6, 5], "texture": "#1"},
				"west": {"uv": [5.5, 4, 6, 5], "texture": "#1"},
				"up": {"uv": [5.5, 4, 6, 4.5], "texture": "#1"},
				"down": {"uv": [5.5, 4.5, 6, 5], "texture": "#1"}
			}
		},
		{
			"name": "head",
			"from": [7, 10, 4.25],
			"to": [9, 11, 8.25],
			"rotation": {"angle": 0, "axis": "x", "origin": [8, 5.5, 6.75]},
			"faces": {
				"north": {"uv": [2.5, 4, 4, 5], "texture": "#1"},
				"east": {"uv": [2.5, 4, 4, 5], "texture": "#1"},
				"south": {"uv": [2.5, 4, 4, 5], "texture": "#1"},
				"west": {"uv": [2.5, 4, 4, 5], "texture": "#1"},
				"up": {"uv": [2.5, 4, 4, 5], "texture": "#1"},
				"down": {"uv": [2.5, 4, 4, 5], "texture": "#1"}
			}
		},
		{
			"name": "head",
			"from": [7, 7, 6.25],
			"to": [9, 10, 8.25],
			"rotation": {"angle": 0, "axis": "x", "origin": [8, 5.5, 6.75]},
			"faces": {
				"north": {"uv": [2, 2, 3, 3.5], "texture": "#1"},
				"east": {"uv": [1, 2, 2, 3.5], "texture": "#1"},
				"south": {"uv": [4, 2, 5, 3.5], "texture": "#1"},
				"west": {"uv": [3, 2, 4, 3.5], "texture": "#1"},
				"up": {"uv": [2, 1, 3, 2.5], "texture": "#1"},
				"down": {"uv": [2, 1, 3, 2.5], "texture": "#1"}
			}
		}
	],
	"display": {
		"thirdperson_righthand": {
			"rotation": [74, 0, 0],
			"translation": [0, -3.25, -6.5],
			"scale": [0.67, 0.67, 0.67]
		},
		"thirdperson_lefthand": {
			"rotation": [51, 0, 0],
			"translation": [-5.75, 3.25, 1.5],
			"scale": [0.71, 0.71, 0.71]
		},
		"firstperson_righthand": {
			"rotation": [9, 1, 0],
			"translation": [0.25, 0, 2],
			"scale": [0.4, 0.4, 0.4]
		},
		"firstperson_lefthand": {
			"rotation": [-12, 0, 0],
			"translation": [-9.25, 1.25, 2],
			"scale": [0.4, 0.4, 0.4]
		},
		"ground": {
			"translation": [0, 2.25, 0],
			"scale": [0.51, 0.51, 0.51]
		},
		"gui": {
			"rotation": [29, -45, 0],
			"translation": [0, -0.25, 0],
			"scale": [0.66, 0.66, 0.66]
		},
		"head": {
			"translation": [0, 14.65, 0],
			"scale": [1.01, 1.01, 1.01]
		},
		"fixed": {
			"rotation": [-90, 0, 0],
			"translation": [0, 0, -14.8],
			"scale": [2, 2, 2]
		}
	},
	"groups": [
		{
			"name": "group",
			"origin": [8, 8, 8],
			"color": 0,
			"children": [0, 1, 2, 3]
		},
		{
			"name": "group",
			"origin": [8, 8, 8],
			"color": 0,
			"children": [4, 5, 6, 7, 8, 9, 10, 11, 12, 13, 14, 15, 16]
		}
	]
}