{
	"credit": "Made by Poloskun_ http://www.youtube.com/c/Enchig",
	"texture_size": [32, 8],
	"textures": {
		"0": "./medicine_mask",
		"particle": "./medicine_mask"
	},
	"elements": [
		{
			"from": [4, 0, 4],
			"to": [12, 6, 12],
			"faces": {
				"north": {"uv": [6, 0, 10, 12], "texture": "#0"},
				"east": {"uv": [2, 0, 6, 12], "texture": "#0"},
				"west": {"uv": [10, 0, 14, 12], "texture": "#0"}
			}
		},
		{
			"from": [12, 6, 12],
			"to": [4, 0, 4],
			"faces": {
				"east": {"uv": [6, 12, 2, 0], "texture": "#0"},
				"south": {"uv": [10, 12, 6, 0], "texture": "#0"},
				"west": {"uv": [14, 12, 10, 0], "texture": "#0"}
			}
		},
		{
			"from": [4, 0, 4],
			"to": [12, 0, 5],
			"faces": {
				"up": {"uv": [6, 12, 10, 14], "texture": "#0"},
				"down": {"uv": [6, 12, 10, 14], "texture": "#0"}
			}
		}
	],
	"display": {
		"thirdperson_righthand": {
			"rotation": [77, -34, 48],
			"translation": [-4, 2, 0],
			"scale": [0.89, 0.89, 0.89]
		},
		"thirdperson_lefthand": {
			"rotation": [77, -34, 48],
			"translation": [-4, 2, 0],
			"scale": [0.89, 0.89, 0.89]
		},
		"firstperson_righthand": {
			"rotation": [90, -34, -9],
			"translation": [7.75, -5.25, 0],
			"scale": [0.89, 0.89, 0.89]
		},
		"firstperson_lefthand": {
			"rotation": [90, -34, -9],
			"translation": [7.75, -5.25, 0],
			"scale": [0.89, 0.89, 0.89]
		},
		"ground": {
			"translation": [0, 5, 0],
			"scale": [0.52, 0.52, 0.52]
		},
		"gui": {
			"rotation": [25, -134, 0],
			"translation": [-1, 8, 0],
			"scale": [1.5, 1.5, 1.5]
		},
		"head": {
			"translation": [0, 7.25, 0],
			"scale": [1.82, 1.82, 1.82]
		},
		"fixed": {
			"rotation": [-29, 0, 0],
			"translation": [0, 11.25, -4],
			"scale": [1.89, 1.89, 1.89]
		}
	}
}