{
	"credit": "Made by Poloskun_ http://www.youtube.com/c/Enchig",
	"texture_size": [128, 128],
	"textures": {
		"0": "custom/decorations/bankomat",
		"particle": "custom/decorations/bankomat"
	},
	"elements": [
		{
			"from": [0, -16, 0],
			"to": [16, 0, 16],
			"faces": {
				"north": {"uv": [3.875, 6, 1.875, 8], "texture": "#0"},
				"east": {"uv": [3.875, 6, 5.875, 8], "texture": "#0"},
				"south": {"uv": [1.875, 6, 3.875, 8], "texture": "#0"},
				"west": {"uv": [9.875, 6, 7.875, 8], "texture": "#0"},
				"down": {"uv": [5.875, 2.125, 7.875, 4.125], "rotation": 180, "texture": "#0"}
			}
		},
		{
			"from": [0, 0, 0.025],
			"to": [14.75, 15, 15.975],
			"rotation": {"angle": -22.5, "axis": "z", "origin": [0, 0, 0]},
			"faces": {
				"north": {"uv": [3.875, 4.125, 2, 6], "texture": "#0"},
				"east": {"uv": [3.875, 4.125, 5.875, 6], "texture": "#0"},
				"south": {"uv": [2, 4.125, 3.875, 6], "texture": "#0"},
				"west": {"uv": [5.875, 4.125, 7.875, 6], "texture": "#0"},
				"up": {"uv": [3.875, 4.125, 5.875, 6], "rotation": 90, "texture": "#0"},
				"down": {"uv": [0, 0, 0.875, 2.125], "texture": "#missing"}
			}
		},
		{
			"from": [-1, 5, 1],
			"to": [3, 13, 15],
			"rotation": {"angle": -22.5, "axis": "z", "origin": [0, 0, 0]},
			"faces": {
				"north": {"uv": [6, 6.625, 6.125, 7.625], "texture": "#0"},
				"east": {"uv": [0, 0, 1.5, 1], "texture": "#missing"},
				"south": {"uv": [7.625, 6.625, 7.75, 7.625], "texture": "#0"},
				"west": {"uv": [6, 6.625, 7.75, 7.625], "texture": "#0"},
				"up": {"uv": [6, 6.625, 7.75, 6.75], "rotation": 90, "texture": "#0"},
				"down": {"uv": [6, 7.5, 7.75, 7.625], "rotation": 270, "texture": "#0"}
			}
		},
		{
			"from": [-1, 1, 9],
			"to": [3, 4, 14],
			"rotation": {"angle": -22.5, "axis": "z", "origin": [0, 0, 0]},
			"faces": {
				"north": {"uv": [7.125, 6, 7.25, 6.375], "texture": "#0"},
				"east": {"uv": [0, 0, 5, 3], "texture": "#missing"},
				"south": {"uv": [7.625, 6, 7.75, 6.375], "texture": "#0"},
				"west": {"uv": [7.125, 6, 7.75, 6.375], "texture": "#0"},
				"up": {"uv": [7.125, 6, 7.75, 6.125], "rotation": 90, "texture": "#0"},
				"down": {"uv": [7.125, 6.25, 7.75, 6.375], "rotation": 270, "texture": "#0"}
			}
		},
		{
			"from": [-1, 1.5, 2],
			"to": [3, 3.5, 8],
			"rotation": {"angle": -22.5, "axis": "z", "origin": [0, 0, 0]},
			"faces": {
				"north": {"uv": [6.125, 6.125, 6.25, 6.375], "texture": "#0"},
				"east": {"uv": [0, 0, 0.75, 0.25], "texture": "#missing"},
				"south": {"uv": [6.75, 6.125, 6.875, 6.375], "texture": "#0"},
				"west": {"uv": [6.125, 6.125, 6.875, 6.375], "texture": "#0"},
				"up": {"uv": [6.125, 6.125, 6.875, 6.25], "rotation": 90, "texture": "#0"},
				"down": {"uv": [6.125, 6.25, 6.875, 6.375], "rotation": 90, "texture": "#0"}
			}
		}
	],
	"display": {
		"thirdperson_righthand": {
			"rotation": [33, 44, 0],
			"translation": [-0.25, 4.25, 1.75],
			"scale": [0.22, 0.22, 0.22]
		},
		"thirdperson_lefthand": {
			"rotation": [60, 90, 0],
			"translation": [-6.25, 5.25, 0.75],
			"scale": [0.62, 0.62, 0.62]
		},
		"firstperson_righthand": {
			"rotation": [-6, 23, 0],
			"translation": [-1, 4.5, 2.5],
			"scale": [0.19, 0.19, 0.19]
		},
		"firstperson_lefthand": {
			"rotation": [2, 90, 0],
			"translation": [-10.5, -15.5, -17.25]
		},
		"ground": {
			"translation": [0, 6.5, 0],
			"scale": [0.18, 0.18, 0.18]
		},
		"gui": {
			"rotation": [30, 48, 0],
			"translation": [0, 4, 0],
			"scale": [0.43, 0.43, 0.43]
		},
		"head": {
			"rotation": [0, -90, 0],
			"translation": [0, 29, 0]
		},
		"fixed": {
			"rotation": [-90, 0, 0],
			"translation": [0, 0, -47.75],
			"scale": [2, 2, 2]
		}
	}
}