{
	"credit": "Made by Poloskun_ http://www.youtube.com/c/Enchig",
	"ambientocclusion": false,
	"textures": {
		"0": "custom/decorations/big_lamp",
		"particle": "custom/decorations/big_lamp"
	},
	"elements": [
		{
			"from": [4, -6, 4],
			"to": [12, -4, 12],
			"faces": {
				"north": {"uv": [11, 8, 15, 9], "texture": "#0"},
				"east": {"uv": [11, 8, 15, 9], "texture": "#0"},
				"south": {"uv": [11, 8, 15, 9], "texture": "#0"},
				"west": {"uv": [11, 8, 15, 9], "texture": "#0"},
				"up": {"uv": [11, 4, 15, 8], "texture": "#0"},
				"down": {"uv": [13.5, 5, 14, 5.5], "texture": "#0"}
			}
		},
		{
			"from": [7, -4, 7],
			"to": [9, 25, 9],
			"faces": {
				"north": {"uv": [16, 1.5, 15, 16], "texture": "#0"},
				"east": {"uv": [15, 1.5, 16, 16], "texture": "#0"},
				"south": {"uv": [16, 1.5, 15, 16], "texture": "#0"},
				"west": {"uv": [15, 1.5, 16, 16], "texture": "#0"},
				"up": {"uv": [0, 14.5, 1, 15.5], "rotation": 90, "texture": "#missing"},
				"down": {"uv": [11, 9.5, 12, 10.5], "rotation": 90, "texture": "#missing"}
			}
		},
		{
			"from": [6, 24, 6],
			"to": [10, 28, 10],
			"faces": {
				"north": {"uv": [13, 0, 15, 2], "rotation": 90, "texture": "#0"},
				"east": {"uv": [13, 0, 15, 2], "rotation": 90, "texture": "#0"},
				"south": {"uv": [13, 0, 15, 2], "rotation": 90, "texture": "#0"},
				"west": {"uv": [13, 0, 15, 2], "rotation": 90, "texture": "#0"},
				"up": {"uv": [13, 0, 15, 2], "rotation": 90, "texture": "#0"},
				"down": {"uv": [13, 0, 15, 2], "rotation": 90, "texture": "#0"}
			}
		},
		{
			"from": [1, 18, 1],
			"to": [15, 31, 15],
			"faces": {
				"north": {"uv": [7, 0, 0, 6.5], "texture": "#0", "tintindex": 0},
				"east": {"uv": [7, 0, 0, 6.5], "texture": "#0", "tintindex": 0},
				"south": {"uv": [7, 0, 0, 6.5], "texture": "#0", "tintindex": 0},
				"west": {"uv": [7, 0, 0, 6.5], "texture": "#0", "tintindex": 0}
			}
		},
		{
			"from": [15, 31, 15],
			"to": [1, 18, 1],
			"faces": {
				"north": {"uv": [7, 6.5, 0, 0], "texture": "#0", "tintindex": 0},
				"east": {"uv": [7, 6.5, 0, 0], "texture": "#0", "tintindex": 0},
				"south": {"uv": [7, 6.5, 0, 0], "texture": "#0", "tintindex": 0},
				"west": {"uv": [7, 6.5, 0, 0], "texture": "#0", "tintindex": 0}
			}
		},
		{
			"from": [1, 31, 1],
			"to": [15, 31, 2],
			"faces": {
				"up": {"uv": [7, 0, 0, 0.5], "rotation": 180, "texture": "#0", "tintindex": 0},
				"down": {"uv": [7, 0, 0, 0.5], "rotation": 180, "texture": "#0", "tintindex": 0}
			}
		},
		{
			"from": [1, 31, 14],
			"to": [15, 31, 15],
			"faces": {
				"up": {"uv": [7, 0, 0, 0.5], "rotation": 180, "texture": "#0", "tintindex": 0},
				"down": {"uv": [7, 0, 0, 0.5], "rotation": 180, "texture": "#0", "tintindex": 0}
			}
		},
		{
			"from": [1, 31, 2],
			"to": [2, 31, 14],
			"faces": {
				"up": {"uv": [6.5, 0, 0.5, 0.5], "rotation": 270, "texture": "#0", "tintindex": 0},
				"down": {"uv": [0.5, 0, 6.5, 0.5], "rotation": 90, "texture": "#0", "tintindex": 0}
			}
		},
		{
			"from": [1, 30, 1],
			"to": [15, 30, 15],
			"faces": {
				"north": {"uv": [0, 0, 1, 0], "texture": "#missing"},
				"east": {"uv": [0, 0, 14, 0], "texture": "#missing"},
				"south": {"uv": [0, 0, 1, 0], "texture": "#missing"},
				"west": {"uv": [0, 0, 14, 0], "texture": "#missing"},
				"up": {"uv": [8, 9, 15, 16], "rotation": 270, "texture": "#0"},
				"down": {"uv": [8, 9, 15, 16], "rotation": 270, "texture": "#0"}
			}
		},
		{
			"from": [14, 31, 2],
			"to": [15, 31, 14],
			"faces": {
				"up": {"uv": [0.5, 0, 6.5, 0.5], "rotation": 270, "texture": "#0", "tintindex": 0},
				"down": {"uv": [6.5, 0, 0.5, 0.5], "rotation": 90, "texture": "#0", "tintindex": 0}
			}
		},
		{
			"from": [1, 18, 2],
			"to": [2, 18, 14],
			"faces": {
				"up": {"uv": [6.5, 0, 0.5, 0.5], "rotation": 270, "texture": "#0", "tintindex": 0},
				"down": {"uv": [0.5, 0, 6.5, 0.5], "rotation": 90, "texture": "#0", "tintindex": 0}
			}
		},
		{
			"from": [1, 18, 14],
			"to": [15, 18, 15],
			"faces": {
				"up": {"uv": [7, 0, 0, 0.5], "rotation": 180, "texture": "#0", "tintindex": 0},
				"down": {"uv": [7, 0, 0, 0.5], "rotation": 180, "texture": "#0", "tintindex": 0}
			}
		},
		{
			"from": [14, 18, 2],
			"to": [15, 18, 14],
			"faces": {
				"up": {"uv": [0.5, 0, 6.5, 0.5], "rotation": 270, "texture": "#0", "tintindex": 0},
				"down": {"uv": [6.5, 0, 0.5, 0.5], "rotation": 90, "texture": "#0", "tintindex": 0}
			}
		},
		{
			"from": [1, 18, 1],
			"to": [15, 18, 2],
			"faces": {
				"up": {"uv": [7, 0, 0, 0.5], "rotation": 180, "texture": "#0", "tintindex": 0},
				"down": {"uv": [7, 0, 0, 0.5], "rotation": 180, "texture": "#0", "tintindex": 0}
			}
		}
	],
	"display": {
		"thirdperson_righthand": {
			"rotation": [66, 45, 0],
			"translation": [0, 1, 0.75],
			"scale": [0.18, 0.18, 0.18]
		},
		"thirdperson_lefthand": {
			"translation": [0, 0, 1.5],
			"scale": [0.95, 0.95, 0.95]
		},
		"firstperson_righthand": {
			"rotation": [-10, -66, 0],
			"translation": [0.25, -1.5, 0],
			"scale": [0.37, 0.37, 0.37]
		},
		"firstperson_lefthand": {
			"rotation": [-51, 0, 0],
			"translation": [25.25, -12.25, -20],
			"scale": [1.16, 1.16, 1.16]
		},
		"ground": {
			"translation": [0, 5, 0],
			"scale": [0.16, 0.16, 0.16]
		},
		"gui": {
			"rotation": [29, -45, 0],
			"translation": [0, -2, 0],
			"scale": [0.37, 0.37, 0.37]
		},
		"head": {
			"translation": [0, -21.25, 0],
			"scale": [1.55, 1.55, 1.55]
		},
		"fixed": {
			"rotation": [-90, 0, 0],
			"translation": [0, 0, -27.75],
			"scale": [2, 2, 2]
		}
	},
	"groups": [
		{
			"name": "group",
			"origin": [0, 0, 0],
			"color": 0,
			"children": [0, 1, 2, 3, 4, 5, 6, 7, 8, 9, 10, 11, 12, 13]
		}
	]
}