{
	"credit": "Made by Poloskun_ http://www.youtube.com/c/Enchig",
	"textures": {
		"0": "custom/decorations/camera",
		"particle": "custom/decorations/camera"
	},
	"elements": [
		{
			"from": [7.5, -1, 7.5],
			"to": [8.5, 9, 8.5],
			"rotation": {"angle": -22.5, "axis": "z", "origin": [7.99389, 18.49999, 8.00612]},
			"faces": {
				"north": {"uv": [0, 0, 1, 10], "rotation": 180, "texture": "#0"},
				"east": {"uv": [0, 0, 1, 10], "rotation": 180, "texture": "#0"},
				"south": {"uv": [0, 0, 1, 10], "rotation": 180, "texture": "#0"},
				"west": {"uv": [0, 0, 1, 10], "rotation": 180, "texture": "#0"},
				"down": {"uv": [0, 0, 1, 1], "texture": "#0"}
			}
		},
		{
			"from": [7.5, 9, 7.5],
			"to": [8.5, 18, 8.5],
			"rotation": {"angle": -22.5, "axis": "z", "origin": [7.99389, 18.49999, 8.00612]},
			"faces": {
				"north": {"uv": [0, 0, 1, 9], "texture": "#0"},
				"east": {"uv": [0, 0, 1, 9], "texture": "#0"},
				"south": {"uv": [0, 0, 1, 9], "texture": "#0"},
				"west": {"uv": [0, 0, 1, 9], "texture": "#0"},
				"up": {"uv": [0, 0, 1, 1], "texture": "#0"}
			}
		},
		{
			"from": [4, 18, 4],
			"to": [12, 26, 12],
			"faces": {
				"north": {"uv": [2, 8, 10, 16], "texture": "#0"},
				"east": {"uv": [10, 0, 2, 8], "rotation": 270, "texture": "#0"},
				"south": {"uv": [2, 8, 10, 16], "texture": "#0"},
				"west": {"uv": [2, 0, 10, 8], "rotation": 90, "texture": "#0"},
				"up": {"uv": [2, 0, 10, 8], "rotation": 180, "texture": "#0"},
				"down": {"uv": [2, 0, 10, 8], "texture": "#0"}
			}
		},
		{
			"from": [7.5, -1, 7.5],
			"to": [8.5, 9, 8.5],
			"rotation": {"angle": 22.5, "axis": "z", "origin": [7.99389, 18.49999, 8.00612]},
			"faces": {
				"north": {"uv": [0, 0, 1, 10], "rotation": 180, "texture": "#0"},
				"east": {"uv": [0, 0, 1, 10], "rotation": 180, "texture": "#0"},
				"south": {"uv": [0, 0, 1, 10], "rotation": 180, "texture": "#0"},
				"west": {"uv": [0, 0, 1, 10], "rotation": 180, "texture": "#0"},
				"down": {"uv": [0, 0, 1, 1], "texture": "#0"}
			}
		},
		{
			"from": [7.5, 9, 7.5],
			"to": [8.5, 18, 8.5],
			"rotation": {"angle": 22.5, "axis": "z", "origin": [7.99389, 18.49999, 8.00612]},
			"faces": {
				"north": {"uv": [0, 0, 1, 9], "texture": "#0"},
				"east": {"uv": [0, 0, 1, 9], "texture": "#0"},
				"south": {"uv": [0, 0, 1, 9], "texture": "#0"},
				"west": {"uv": [0, 0, 1, 9], "texture": "#0"},
				"up": {"uv": [0, 0, 1, 1], "texture": "#0"}
			}
		},
		{
			"from": [7.5, -1, 7.5],
			"to": [8.5, 9, 8.5],
			"rotation": {"angle": -22.5, "axis": "x", "origin": [7.99389, 18.49999, 8.00612]},
			"faces": {
				"north": {"uv": [0, 0, 1, 10], "rotation": 180, "texture": "#0"},
				"east": {"uv": [0, 0, 1, 10], "rotation": 180, "texture": "#0"},
				"south": {"uv": [0, 0, 1, 10], "rotation": 180, "texture": "#0"},
				"west": {"uv": [0, 0, 1, 10], "rotation": 180, "texture": "#0"},
				"down": {"uv": [0, 0, 1, 1], "texture": "#0"}
			}
		},
		{
			"from": [7.5, 9, 7.5],
			"to": [8.5, 18, 8.5],
			"rotation": {"angle": -22.5, "axis": "x", "origin": [7.99389, 18.49999, 8.00612]},
			"faces": {
				"north": {"uv": [0, 0, 1, 9], "texture": "#0"},
				"east": {"uv": [0, 0, 1, 9], "texture": "#0"},
				"south": {"uv": [0, 0, 1, 9], "texture": "#0"},
				"west": {"uv": [0, 0, 1, 9], "texture": "#0"},
				"up": {"uv": [0, 0, 1, 1], "texture": "#0"}
			}
		},
		{
			"from": [7.5, -1, 7.5],
			"to": [8.5, 9, 8.5],
			"rotation": {"angle": 22.5, "axis": "x", "origin": [7.99389, 18.49999, 8.00612]},
			"faces": {
				"north": {"uv": [0, 0, 1, 10], "rotation": 180, "texture": "#0"},
				"east": {"uv": [0, 0, 1, 10], "rotation": 180, "texture": "#0"},
				"south": {"uv": [0, 0, 1, 10], "rotation": 180, "texture": "#0"},
				"west": {"uv": [0, 0, 1, 10], "rotation": 180, "texture": "#0"},
				"down": {"uv": [0, 0, 1, 1], "texture": "#0"}
			}
		},
		{
			"from": [7.5, 9, 7.5],
			"to": [8.5, 18, 8.5],
			"rotation": {"angle": 22.5, "axis": "x", "origin": [7.99389, 18.49999, 8.00612]},
			"faces": {
				"north": {"uv": [0, 0, 1, 9], "texture": "#0"},
				"east": {"uv": [0, 0, 1, 9], "texture": "#0"},
				"south": {"uv": [0, 0, 1, 9], "texture": "#0"},
				"west": {"uv": [0, 0, 1, 9], "texture": "#0"},
				"up": {"uv": [0, 0, 1, 1], "texture": "#0"}
			}
		}
	],
	"display": {
		"thirdperson_righthand": {
			"rotation": [10, -17, 0],
			"translation": [0, -6.5, 0.5],
			"scale": [0.79, 0.79, 0.79]
		},
		"thirdperson_lefthand": {
			"rotation": [10, -17, 0],
			"translation": [0, -6.5, 0.5],
			"scale": [0.79, 0.79, 0.79]
		},
		"firstperson_righthand": {
			"rotation": [-30, -17, 0],
			"translation": [4, -5.75, 0.5],
			"scale": [0.79, 0.79, 0.79]
		},
		"firstperson_lefthand": {
			"rotation": [-30, -17, 0],
			"translation": [4, -5.75, 0.5],
			"scale": [0.79, 0.79, 0.79]
		},
		"ground": {
			"translation": [0, 2.25, 0],
			"scale": [0.26, 0.26, 0.26]
		},
		"gui": {
			"rotation": [30, 134, 0],
			"translation": [0, -2.5, 0],
			"scale": [0.55, 0.55, 0.55]
		},
		"head": {
			"translation": [0, -30.25, 0],
			"scale": [1.91, 1.91, 1.91]
		},
		"fixed": {
			"rotation": [-90, 0, 0],
			"translation": [0, 0, -14],
			"scale": [2, 2, 2]
		}
	},
	"groups": [
		{
			"name": "group",
			"origin": [8, 8, 8],
			"color": 0,
			"children": [
				{
					"name": "group",
					"origin": [7.99389, 18.49999, 8.00612],
					"color": 0,
					"children": [0, 1]
				},
				2,
				{
					"name": "group",
					"origin": [7.99389, 18.49999, 8.00612],
					"color": 0,
					"children": [3, 4]
				},
				{
					"name": "group",
					"origin": [7.99389, 18.49999, 8.00612],
					"color": 0,
					"children": [5, 6]
				},
				{
					"name": "group",
					"origin": [7.99389, 18.49999, 8.00612],
					"color": 0,
					"children": [7, 8]
				}
			]
		}
	]
}