{
	"credit": "Made by Poloskun_ http://www.youtube.com/c/Enchig",
	"textures": {
		"0": "custom/decorations/fire_hydrant",
		"particle": "custom/decorations/fire_hydrant"
	},
	"elements": [
		{
			"from": [3.5, 0, 3.5],
			"to": [12.5, 2, 12.5],
			"faces": {
				"north": {"uv": [0, 10.5, 4.5, 11.5], "texture": "#0", "tintindex": 0},
				"east": {"uv": [0, 10.5, 4.5, 11.5], "texture": "#0", "tintindex": 0},
				"south": {"uv": [0, 10.5, 4.5, 11.5], "texture": "#0", "tintindex": 0},
				"west": {"uv": [0, 10.5, 4.5, 11.5], "texture": "#0", "tintindex": 0},
				"up": {"uv": [11.5, 5, 16, 9.5], "texture": "#0", "tintindex": 0},
				"down": {"uv": [11.5, 11.5, 16, 16], "texture": "#0", "tintindex": 0}
			}
		},
		{
			"from": [3.5, 11, 3.5],
			"to": [12.5, 13, 12.5],
			"faces": {
				"north": {"uv": [0, 5, 4.5, 6], "texture": "#0", "tintindex": 0},
				"east": {"uv": [0, 5, 4.5, 6], "texture": "#0", "tintindex": 0},
				"south": {"uv": [0, 5, 4.5, 6], "texture": "#0", "tintindex": 0},
				"west": {"uv": [0, 5, 4.5, 6], "texture": "#0", "tintindex": 0},
				"up": {"uv": [11.5, 5, 16, 9.5], "texture": "#0", "tintindex": 0},
				"down": {"uv": [0, 5.5, 4.5, 6], "texture": "#0", "tintindex": 0}
			}
		},
		{
			"from": [4.5, 2, 4.5],
			"to": [11.5, 16, 11.5],
			"faces": {
				"north": {"uv": [0.5, 3.5, 4, 10.5], "texture": "#0", "tintindex": 0},
				"east": {"uv": [0.5, 3.5, 4, 10.5], "texture": "#0", "tintindex": 0},
				"south": {"uv": [0.5, 3.5, 4, 10.5], "texture": "#0", "tintindex": 0},
				"west": {"uv": [0.5, 3.5, 4, 10.5], "texture": "#0", "tintindex": 0},
				"up": {"uv": [0.5, 0, 4, 3.5], "texture": "#0", "tintindex": 0},
				"down": {"uv": [0.5, 0, 4, 3.5], "texture": "#0", "tintindex": 0}
			}
		},
		{
			"from": [6.5, 16, 6.5],
			"to": [9.5, 17, 9.5],
			"faces": {
				"north": {"uv": [1.5, 2, 3, 2.5], "texture": "#0", "tintindex": 0},
				"east": {"uv": [1.5, 2, 3, 2.5], "texture": "#0", "tintindex": 0},
				"south": {"uv": [1.5, 2, 3, 2.5], "texture": "#0", "tintindex": 0},
				"west": {"uv": [1.5, 2, 3, 2.5], "texture": "#0", "tintindex": 0},
				"up": {"uv": [1.5, 1, 3, 2.5], "texture": "#0", "tintindex": 0}
			}
		},
		{
			"from": [1.5, 6, 6.5],
			"to": [4.5, 9, 9.5],
			"faces": {
				"north": {"uv": [6, 1.5, 4.5, 3], "texture": "#0", "tintindex": 0},
				"east": {"uv": [6, 1.5, 7.5, 3], "texture": "#0", "tintindex": 0},
				"south": {"uv": [4.5, 1.5, 6, 3], "texture": "#0", "tintindex": 0},
				"west": {"uv": [6, 1.5, 7.5, 3], "texture": "#0", "tintindex": 0},
				"up": {"uv": [6, 0, 4.5, 1.5], "rotation": 180, "texture": "#0", "tintindex": 0},
				"down": {"uv": [6, 3, 4.5, 4.5], "rotation": 180, "texture": "#0", "tintindex": 0}
			}
		},
		{
			"from": [11.5, 6, 6.5],
			"to": [14.5, 9, 9.5],
			"faces": {
				"north": {"uv": [6, 1.5, 4.5, 3], "texture": "#0", "tintindex": 0},
				"east": {"uv": [6, 1.5, 7.5, 3], "texture": "#0", "tintindex": 0},
				"south": {"uv": [4.5, 1.5, 6, 3], "texture": "#0", "tintindex": 0},
				"west": {"uv": [6, 1.5, 7.5, 3], "texture": "#0", "tintindex": 0},
				"up": {"uv": [6, 0, 4.5, 1.5], "rotation": 180, "texture": "#0", "tintindex": 0},
				"down": {"uv": [6, 3, 4.5, 4.5], "rotation": 180, "texture": "#0", "tintindex": 0}
			}
		},
		{
			"from": [6, 5.5, 1.5],
			"to": [10, 9.5, 4.5],
			"faces": {
				"north": {"uv": [9.5, 2, 11.5, 4], "texture": "#0", "tintindex": 0},
				"east": {"uv": [8, 2, 9.5, 4], "texture": "#0", "tintindex": 0},
				"south": {"uv": [9.5, 2, 11.5, 4], "texture": "#0"},
				"west": {"uv": [9.5, 2, 8, 4], "texture": "#0", "tintindex": 0},
				"up": {"uv": [8, 0, 9.5, 2], "rotation": 270, "texture": "#0", "tintindex": 0},
				"down": {"uv": [8, 4, 9.5, 6], "rotation": 90, "texture": "#0", "tintindex": 0}
			}
		}
	],
	"display": {
		"thirdperson_righthand": {
			"rotation": [66, 45, 0],
			"translation": [0, 2.5, 2.25],
			"scale": [0.38, 0.38, 0.38]
		},
		"thirdperson_lefthand": {
			"rotation": [56, 0, 0],
			"translation": [-5.5, 0, 0.5],
			"scale": [0.85, 0.85, 0.85]
		},
		"firstperson_righthand": {
			"rotation": [-10, 114, 0],
			"translation": [0.25, 2, 0],
			"scale": [0.37, 0.37, 0.37]
		},
		"firstperson_lefthand": {
			"rotation": [-9, 0, 0],
			"translation": [-9.5, -7, -6],
			"scale": [0.79, 0.79, 0.79]
		},
		"ground": {
			"translation": [0, 2.25, 0],
			"scale": [0.26, 0.26, 0.26]
		},
		"gui": {
			"rotation": [29, 135, 0],
			"translation": [0, 0.25, 0],
			"scale": [0.76, 0.76, 0.76]
		},
		"head": {
			"translation": [0, 15.75, 0],
			"scale": [1.18, 1.18, 1.18]
		},
		"fixed": {
			"rotation": [-90, 0, 0],
			"translation": [0, 0, -15.75],
			"scale": [2, 2, 2]
		}
	}
}