{
	"credit": "Made by Poloskun_ http://www.youtube.com/c/Enchig",
	"textures": {
		"0": "custom/decorations/iron_trashcan",
		"particle": "custom/decorations/iron_trashcan"
	},
	"elements": [
		{
			"from": [3, 0, 3],
			"to": [13, 15, 13],
			"faces": {
				"north": {"uv": [0, 8.5, 5, 16], "texture": "#0"},
				"east": {"uv": [0, 8.5, 5, 16], "texture": "#0"},
				"south": {"uv": [0, 8.5, 5, 16], "texture": "#0"},
				"west": {"uv": [0, 8.5, 5, 16], "texture": "#0"},
				"down": {"uv": [11, 11, 16, 16], "texture": "#0"}
			}
		},
		{
			"from": [2, 14, 2],
			"to": [14, 16, 14],
			"faces": {
				"north": {"uv": [0, 7.5, 6, 8.5], "texture": "#0"},
				"east": {"uv": [0, 7.5, 6, 8.5], "texture": "#0"},
				"south": {"uv": [0, 7.5, 6, 8.5], "texture": "#0"},
				"west": {"uv": [0, 7.5, 6, 8.5], "texture": "#0"},
				"up": {"uv": [0, 1.5, 6, 7.5], "rotation": 90, "texture": "#0"},
				"down": {"uv": [0, 1.5, 6, 7.5], "rotation": 90, "texture": "#0"}
			}
		},
		{
			"from": [8, 16, 6],
			"to": [8, 18, 10],
			"faces": {
				"north": {"uv": [0, 8.5, 5, 16], "texture": "#0"},
				"east": {"uv": [2, 0.5, 4, 1.5], "texture": "#0"},
				"south": {"uv": [0, 8.5, 5, 16], "texture": "#0"},
				"west": {"uv": [2, 0.5, 4, 1.5], "texture": "#0"},
				"up": {"uv": [0, 11.5, 5, 16], "texture": "#0"},
				"down": {"uv": [0, 0, 10, 10], "texture": "#0"}
			}
		},
		{
			"from": [6, 12, 13],
			"to": [10, 12, 15],
			"faces": {
				"north": {"uv": [0, 0, 10, 10], "rotation": 270, "texture": "#0"},
				"east": {"uv": [0, 8.5, 5, 16], "rotation": 270, "texture": "#0"},
				"south": {"uv": [0, 11.5, 5, 16], "rotation": 270, "texture": "#0"},
				"west": {"uv": [0, 8.5, 5, 16], "rotation": 90, "texture": "#0"},
				"up": {"uv": [6, 0.5, 8, 1.5], "rotation": 180, "texture": "#0"},
				"down": {"uv": [6, 0.5, 8, 1.5], "texture": "#0"}
			}
		},
		{
			"from": [6, 12, 1],
			"to": [10, 12, 3],
			"faces": {
				"north": {"uv": [0, 11.5, 5, 16], "rotation": 90, "texture": "#0"},
				"east": {"uv": [0, 8.5, 5, 16], "rotation": 90, "texture": "#0"},
				"south": {"uv": [0, 0, 10, 10], "rotation": 90, "texture": "#0"},
				"west": {"uv": [0, 8.5, 5, 16], "rotation": 270, "texture": "#0"},
				"up": {"uv": [6, 0.5, 8, 1.5], "texture": "#0"},
				"down": {"uv": [6, 0.5, 8, 1.5], "rotation": 180, "texture": "#0"}
			}
		}
	],
	"display": {
		"thirdperson_righthand": {
			"rotation": [66, 45, 0],
			"translation": [0, 2.75, 1.25],
			"scale": [0.38, 0.38, 0.38]
		},
		"thirdperson_lefthand": {
			"rotation": [73, 90, 0],
			"translation": [-5.5, -0.5, -2.75],
			"scale": [0.8, 0.8, 0.8]
		},
		"firstperson_righthand": {
			"rotation": [-10, 23, 0],
			"translation": [0.25, 1.25, 0],
			"scale": [0.37, 0.37, 0.37]
		},
		"firstperson_lefthand": {
			"rotation": [-25, 90, 0],
			"translation": [-9.75, -11.75, -6.75]
		},
		"ground": {
			"translation": [0, 2.25, 0],
			"scale": [0.26, 0.26, 0.26]
		},
		"gui": {
			"rotation": [26, 44, 0],
			"translation": [0, -0.25, 0],
			"scale": [0.65, 0.65, 0.65]
		},
		"head": {
			"rotation": [0, 90, 0],
			"translation": [0, 15.5, 0],
			"scale": [1.14, 1.14, 1.14]
		},
		"fixed": {
			"rotation": [-90, 0, 0],
			"translation": [0, 0, -15.75],
			"scale": [2, 2, 2]
		}
	}
}