{
	"credit": "Made by Poloskun_ http://www.youtube.com/c/Enchig",
	"parent": "block/block",
	"texture_size": [16, 32],
	"textures": {
		"0": "custom/decorations/patefon"
	},
	"elements": [
		{
			"from": [2, 0, 2],
			"to": [14, 6, 14],
			"faces": {
				"north": {"uv": [0, 6, 12, 9], "texture": "#0"},
				"east": {"uv": [12, 6, 0, 9], "texture": "#0"},
				"south": {"uv": [0, 6, 12, 9], "texture": "#0"},
				"west": {"uv": [12, 6, 0, 9], "texture": "#0"},
				"up": {"uv": [0, 0, 12, 6], "texture": "#0"},
				"down": {"uv": [0, 9, 12, 15], "texture": "#0"}
			}
		},
		{
			"from": [4, 6, 7],
			"to": [4, 8, 14],
			"rotation": {"angle": -45, "axis": "y", "origin": [3, 6, 12]},
			"faces": {
				"east": {"uv": [16, 0, 14, 3.5], "rotation": 90, "texture": "#0"},
				"west": {"uv": [16, 3.5, 14, 0], "rotation": 90, "texture": "#0"}
			}
		}
	],
	"display": {
		"thirdperson_righthand": {
			"rotation": [66, 45, 0],
			"translation": [0, 4.25, 2],
			"scale": [0.44, 0.44, 0.44]
		},
		"thirdperson_lefthand": {
			"rotation": [64, 0, 0],
			"translation": [-5.75, 4.25, 2.5],
			"scale": [0.81, 0.81, 0.81]
		},
		"firstperson_righthand": {
			"rotation": [-10, -66, 0],
			"translation": [0.25, 3, 0],
			"scale": [0.37, 0.37, 0.37]
		},
		"firstperson_lefthand": {
			"rotation": [-26, 0, 0],
			"translation": [-9.25, -0.5, -5],
			"scale": [0.82, 0.69, 0.69]
		},
		"ground": {
			"translation": [0, 2.25, 0],
			"scale": [0.33, 0.33, 0.33]
		},
		"gui": {
			"rotation": [30, 136, 0],
			"translation": [0, 2.75, 0],
			"scale": [0.84, 0.84, 0.84]
		},
		"head": {
			"translation": [0, 14.75, 0],
			"scale": [1.1, 1.1, 1.1]
		},
		"fixed": {
			"rotation": [-90, 0, 0],
			"translation": [0, 0.25, -16.15],
			"scale": [2.07, 2.07, 2.07]
		}
	}
}