{
	"credit": "Made by Poloskun_ http://www.youtube.com/c/Enchig",
	"parent": "block/cube_column",
	"texture_size": [32, 16],
	"textures": {
		"1": "custom/decorations/small_lamp"
	},
	"elements": [
		{
			"from": [6, 0, 6],
			"to": [10, 4, 10],
			"faces": {
				"north": {"uv": [14, 8, 16, 12], "texture": "#1"},
				"east": {"uv": [16, 8, 14, 12], "texture": "#1"},
				"south": {"uv": [14, 8, 16, 12], "texture": "#1"},
				"west": {"uv": [16, 8, 14, 12], "texture": "#1"},
				"up": {"uv": [14, 4, 16, 8], "texture": "#1"},
				"down": {"uv": [14, 12, 16, 16], "texture": "#1"}
			}
		},
		{
			"from": [7, 4, 7],
			"to": [9, 16, 9],
			"faces": {
				"north": {"uv": [12.5, 4, 13.5, 16], "texture": "#1"},
				"east": {"uv": [13.5, 4, 12.5, 16], "texture": "#1"},
				"south": {"uv": [12.5, 4, 13.5, 16], "texture": "#1"},
				"west": {"uv": [13.5, 4, 12.5, 16], "texture": "#1"},
				"up": {"uv": [11.5, 4, 12.5, 6], "texture": "#1"},
				"down": {"uv": [12.5, 14, 13.5, 16], "texture": "#1"}
			}
		},
		{
			"from": [3, 16, 3],
			"to": [13, 16, 13],
			"faces": {
				"up": {"uv": [5, 0, 10, 10], "texture": "#1"},
				"down": {"uv": [10, 0, 5, 10], "texture": "#1"}
			}
		},
		{
			"from": [3, 7, 3],
			"to": [13, 17, 13],
			"rotation": {"angle": 0, "axis": "y", "origin": [9, 6, 8]},
			"faces": {
				"north": {"uv": [0, 0, 5, 10], "texture": "#1", "tintindex": 0},
				"east": {"uv": [0, 0, 5, 10], "texture": "#1", "tintindex": 0},
				"south": {"uv": [0, 0, 5, 10], "texture": "#1", "tintindex": 0},
				"west": {"uv": [0, 0, 5, 10], "texture": "#1", "tintindex": 0}
			}
		},
		{
			"from": [13, 17, 13],
			"to": [3, 7, 3],
			"rotation": {"angle": 0, "axis": "y", "origin": [9, 6, 8]},
			"faces": {
				"north": {"uv": [0, 10, 5, 0], "texture": "#1", "tintindex": 0},
				"east": {"uv": [0, 10, 5, 0], "texture": "#1", "tintindex": 0},
				"south": {"uv": [0, 10, 5, 0], "texture": "#1", "tintindex": 0},
				"west": {"uv": [0, 10, 5, 0], "texture": "#1", "tintindex": 0}
			}
		}
	],
	"display": {
		"thirdperson_righthand": {
			"rotation": [46, 45, 0],
			"translation": [0, 3.25, 2.25],
			"scale": [0.53, 0.53, 0.53]
		},
		"thirdperson_lefthand": {
			"rotation": [46, 45, 0],
			"translation": [0, 3.25, 2.25],
			"scale": [0.53, 0.53, 0.53]
		},
		"firstperson_righthand": {
			"rotation": [-10, -66, 0],
			"translation": [1, 2.75, 0],
			"scale": [0.46, 0.46, 0.46]
		},
		"firstperson_lefthand": {
			"rotation": [-10, -66, 0],
			"translation": [1, 2.75, 0],
			"scale": [0.46, 0.46, 0.46]
		},
		"ground": {
			"translation": [0, 2.25, 0],
			"scale": [0.31, 0.31, 0.31]
		},
		"gui": {
			"rotation": [29, -45, 0],
			"translation": [0, -1, 0],
			"scale": [0.75, 0.75, 0.75]
		},
		"head": {
			"translation": [0, -15.25, 0],
			"scale": [2.2, 2.2, 2.2]
		},
		"fixed": {
			"rotation": [-90, 0, 0],
			"translation": [0, 0, -15.75],
			"scale": [2, 2, 2]
		}
	},
	"groups": [
		{
			"name": "group",
			"origin": [8, 8, 8],
			"color": 0,
			"children": [0, 1, 2, 3, 4]
		}
	]
}