{
	"credit": "Made by Poloskun_ http://www.youtube.com/c/Enchig",
	"parent": "minecraft:block/cube",
	"texture_size": [32, 32],
	"textures": {
		"5": "custom/decorations/small_globus"
	},
	"elements": [
		{
			"from": [5, 2, 5],
			"to": [11, 8, 11],
			"rotation": {"angle": 0, "axis": "y", "origin": [3.5, 20.5, 12.5]},
			"faces": {
				"north": {"uv": [3, 3, 6, 6], "texture": "#5"},
				"east": {"uv": [0, 3, 3, 6], "texture": "#5"},
				"south": {"uv": [9, 3, 12, 6], "texture": "#5"},
				"west": {"uv": [6, 3, 9, 6], "texture": "#5"},
				"up": {"uv": [3, 0, 6, 3], "rotation": 180, "texture": "#5"},
				"down": {"uv": [9, 0, 12, 3], "texture": "#5"}
			}
		},
		{
			"from": [4.75, 1.75, 7],
			"to": [4.75, 8.25, 9],
			"rotation": {"angle": 0, "axis": "y", "origin": [3.5, 20.5, 12.5]},
			"faces": {
				"north": {"uv": [6, 8, 9, 8], "rotation": 180, "texture": "#5"},
				"east": {"uv": [9, 9, 12, 12], "texture": "#5"},
				"south": {"uv": [6, 8, 9, 8], "rotation": 180, "texture": "#5"},
				"west": {"uv": [10, 9, 11, 12], "texture": "#5"},
				"up": {"uv": [6, 8, 9, 8], "rotation": 180, "texture": "#5"},
				"down": {"uv": [6, 8, 9, 8], "rotation": 180, "texture": "#5"}
			}
		},
		{
			"from": [5.75, 8.25, 6],
			"to": [10, 8.25, 10],
			"rotation": {"angle": 0, "axis": "y", "origin": [3.5, 20.5, 12.5]},
			"faces": {
				"north": {"uv": [6, 8, 9, 8], "rotation": 180, "texture": "#5"},
				"east": {"uv": [6, 8, 9, 8], "rotation": 180, "texture": "#5"},
				"south": {"uv": [6, 8, 9, 8], "rotation": 180, "texture": "#5"},
				"west": {"uv": [6, 8, 9, 8], "rotation": 180, "texture": "#5"},
				"up": {"uv": [3.5, 6.5, 5.5, 8.625], "rotation": 270, "texture": "#5"},
				"down": {"uv": [3.5, 6.5, 5.5, 8.625], "rotation": 270, "texture": "#5"}
			}
		},
		{
			"from": [5.75, 1.75, 6],
			"to": [10, 1.75, 10],
			"rotation": {"angle": 0, "axis": "y", "origin": [3.5, 20.5, 12.5]},
			"faces": {
				"north": {"uv": [6, 8, 9, 8], "rotation": 180, "texture": "#5"},
				"east": {"uv": [6, 8, 9, 8], "rotation": 180, "texture": "#5"},
				"south": {"uv": [6, 8, 9, 8], "rotation": 180, "texture": "#5"},
				"west": {"uv": [6, 8, 9, 8], "rotation": 180, "texture": "#5"},
				"up": {"uv": [3.5, 6.5, 5.5, 8.625], "rotation": 270, "texture": "#5"},
				"down": {"uv": [3.5, 6.5, 5.5, 8.625], "rotation": 270, "texture": "#5"}
			}
		},
		{
			"from": [4.75, 8.25, 7],
			"to": [5.75, 8.25, 9],
			"rotation": {"angle": 0, "axis": "y", "origin": [3.5, 20.5, 12.5]},
			"faces": {
				"north": {"uv": [6, 8, 9, 8], "rotation": 180, "texture": "#5"},
				"east": {"uv": [6, 8, 9, 8], "rotation": 180, "texture": "#5"},
				"south": {"uv": [6, 8, 9, 8], "rotation": 180, "texture": "#5"},
				"west": {"uv": [6, 8, 9, 8], "rotation": 180, "texture": "#5"},
				"up": {"uv": [4, 6, 5, 6.5], "rotation": 90, "texture": "#5"},
				"down": {"uv": [4, 6, 5, 6.5], "rotation": 270, "texture": "#5"}
			}
		},
		{
			"from": [4.75, 1.75, 7],
			"to": [5.75, 1.75, 9],
			"rotation": {"angle": 0, "axis": "y", "origin": [3.5, 20.5, 12.5]},
			"faces": {
				"north": {"uv": [6, 8, 9, 8], "rotation": 180, "texture": "#5"},
				"east": {"uv": [6, 8, 9, 8], "rotation": 180, "texture": "#5"},
				"south": {"uv": [6, 8, 9, 8], "rotation": 180, "texture": "#5"},
				"west": {"uv": [6, 8, 9, 8], "rotation": 180, "texture": "#5"},
				"up": {"uv": [4, 6, 5, 6.5], "rotation": 270, "texture": "#5"},
				"down": {"uv": [4, 6, 5, 6.5], "rotation": 270, "texture": "#5"}
			}
		},
		{
			"from": [8, 0, 5.5],
			"to": [8, 1, 7.5],
			"faces": {
				"north": {"uv": [0, 0, 0, 0.5], "texture": "#missing"},
				"east": {"uv": [0, 0, 1, 0.5], "rotation": 180, "texture": "#5"},
				"south": {"uv": [0, 0, 0, 0.5], "texture": "#missing"},
				"west": {"uv": [0, 0, 1, 0.5], "texture": "#5"},
				"up": {"uv": [0, 0, 0, 1], "texture": "#missing"},
				"down": {"uv": [0, 0, 0, 1], "texture": "#missing"}
			}
		},
		{
			"from": [5.5, 0, 8],
			"to": [7.5, 1, 8],
			"rotation": {"angle": 0, "axis": "y", "origin": [3.5, 16.83333, 12.5]},
			"faces": {
				"north": {"uv": [0, 0, 1, 0.5], "rotation": 180, "texture": "#5"},
				"east": {"uv": [0, 0, 0, 0.5], "texture": "#missing"},
				"south": {"uv": [0, 0, 1, 0.5], "texture": "#5"},
				"west": {"uv": [0, 0, 0, 0.5], "texture": "#missing"},
				"up": {"uv": [0, 0, 0, 1], "rotation": 270, "texture": "#missing"},
				"down": {"uv": [0, 0, 0, 1], "rotation": 90, "texture": "#missing"}
			}
		},
		{
			"from": [8, 0, 7.5],
			"to": [8, 3, 8.5],
			"faces": {
				"north": {"uv": [5.5, 10.5, 5.5, 12], "texture": "#5"},
				"east": {"uv": [1, 0, 1.5, 1.5], "texture": "#5"},
				"south": {"uv": [5.5, 10.5, 5.5, 12], "texture": "#5"},
				"west": {"uv": [1, 0, 1.5, 1.5], "texture": "#5"},
				"up": {"uv": [5.5, 10.5, 5.5, 12], "texture": "#5"},
				"down": {"uv": [5.5, 10.5, 5.5, 12], "texture": "#5"}
			}
		},
		{
			"from": [7.5, 0, 8],
			"to": [8.5, 3, 8],
			"rotation": {"angle": 0, "axis": "y", "origin": [3.5, 16.83333, 12.5]},
			"faces": {
				"north": {"uv": [1, 0, 1.5, 1.5], "texture": "#5"},
				"east": {"uv": [5.5, 10.5, 5.5, 12], "texture": "#5"},
				"south": {"uv": [1, 0, 1.5, 1.5], "texture": "#5"},
				"west": {"uv": [5.5, 10.5, 5.5, 12], "texture": "#5"},
				"up": {"uv": [5.5, 10.5, 5.5, 12], "texture": "#5"},
				"down": {"uv": [5.5, 10.5, 5.5, 12], "texture": "#5"}
			}
		},
		{
			"from": [8, 0, 8.5],
			"to": [8, 1, 10.5],
			"faces": {
				"north": {"uv": [0, 0, 0, 0.5], "texture": "#5"},
				"east": {"uv": [0, 0, 1, 0.5], "texture": "#5"},
				"south": {"uv": [0, 0, 0, 0.5], "texture": "#missing"},
				"west": {"uv": [0, 0, 1, 0.5], "rotation": 180, "texture": "#5"},
				"up": {"uv": [0, 0, 0, 1], "texture": "#missing"},
				"down": {"uv": [0, 0, 0, 1], "texture": "#missing"}
			}
		},
		{
			"from": [8.5, 0, 8],
			"to": [10.5, 1, 8],
			"rotation": {"angle": 0, "axis": "y", "origin": [3.5, 16.83333, 12.5]},
			"faces": {
				"north": {"uv": [0, 0, 1, 0.5], "texture": "#5"},
				"east": {"uv": [0, 0, 0, 0.5], "texture": "#missing"},
				"south": {"uv": [0, 0, 1, 0.5], "rotation": 180, "texture": "#5"},
				"west": {"uv": [0, 0, 0, 0.5], "texture": "#missing"},
				"up": {"uv": [0, 0, 0, 1], "rotation": 270, "texture": "#missing"},
				"down": {"uv": [0, 0, 0, 1], "rotation": 90, "texture": "#missing"}
			}
		},
		{
			"from": [5.5, 0, 7.5],
			"to": [10.5, 0, 8.5],
			"rotation": {"angle": 0, "axis": "y", "origin": [3.5, 16.83333, 12.5]},
			"faces": {
				"up": {"uv": [10.5, 10.5, 11, 11.5], "rotation": 270, "texture": "#5"},
				"down": {"uv": [10.5, 10.5, 11, 11.5], "rotation": 270, "texture": "#5"}
			}
		},
		{
			"from": [7.5, 0, 5.5],
			"to": [8.5, 0, 10.5],
			"rotation": {"angle": 0, "axis": "y", "origin": [3.5, 16.83333, 12.5]},
			"faces": {
				"up": {"uv": [10.5, 10.5, 11, 11.5], "rotation": 270, "texture": "#5"},
				"down": {"uv": [10.5, 10.5, 11, 11.5], "rotation": 270, "texture": "#5"}
			}
		}
	],
	"display": {
		"thirdperson_righthand": {
			"rotation": [66, 45, 0],
			"translation": [0, 2.75, 2.75],
			"scale": [0.46, 0.46, 0.46]
		},
		"thirdperson_lefthand": {
			"rotation": [66, 45, 0],
			"translation": [0, 2.75, 2.75],
			"scale": [0.46, 0.46, 0.46]
		},
		"firstperson_righthand": {
			"rotation": [-10, -66, 0],
			"translation": [0.25, 2.5, 0],
			"scale": [0.37, 0.37, 0.37]
		},
		"firstperson_lefthand": {
			"rotation": [-10, -66, 0],
			"translation": [0.25, 2.5, 0],
			"scale": [0.37, 0.37, 0.37]
		},
		"ground": {
			"translation": [0, 2.25, 0],
			"scale": [0.46, 0.46, 0.46]
		},
		"gui": {
			"rotation": [22, 45, 0],
			"translation": [0, 3.75, 0],
			"scale": [0.97, 0.97, 0.97]
		},
		"head": {
			"translation": [0.75, 14.75, -0.5]
		},
		"fixed": {
			"rotation": [-90, 0, 0],
			"translation": [0, 0, -16.02],
			"scale": [2, 2, 2]
		}
	}
}