{
	"credit": "Made by Poloskun_ http://www.youtube.com/c/Enchig",
	"textures": {
		"1": "custom/decorations/travel_case"
	},
	"elements": [
		{
			"from": [-1.5, 0, 5.5],
			"to": [17.5, 13, 10.5],
			"faces": {
				"north": {"uv": [0, 0, 9.5, 6.5], "texture": "#1", "tintindex": 0},
				"east": {"uv": [13.5, 0, 16, 6.5], "texture": "#1", "tintindex": 0},
				"south": {"uv": [0, 0, 9.5, 6.5], "texture": "#1", "tintindex": 0},
				"west": {"uv": [13.5, 0, 16, 6.5], "texture": "#1", "tintindex": 0},
				"up": {"uv": [13.5, 6.5, 16, 16], "rotation": 90, "texture": "#1", "tintindex": 0},
				"down": {"uv": [13.5, 6.5, 16, 16], "rotation": 90, "texture": "#1", "tintindex": 0}
			}
		},
		{
			"from": [-1.7, -0.2, 5.3],
			"to": [17.7, 13.2, 10.7],
			"faces": {
				"north": {"uv": [0, 6.5, 9.5, 13], "texture": "#1"},
				"east": {"uv": [11, 0, 13.5, 6.5], "texture": "#1"},
				"south": {"uv": [0, 6.5, 9.5, 13], "texture": "#1"},
				"west": {"uv": [11, 0, 13.5, 6.5], "texture": "#1"},
				"up": {"uv": [11, 6.5, 13.5, 16], "rotation": 90, "texture": "#1"},
				"down": {"uv": [11, 6.5, 13.5, 16], "rotation": 90, "texture": "#1"}
			}
		},
		{
			"from": [17.7, 13.2, 10.7],
			"to": [-1.7, -0.2, 5.3],
			"faces": {
				"north": {"uv": [0, 13, 9.5, 6.5], "texture": "#1"},
				"east": {"uv": [11, 0, 13.5, 6.5], "texture": "#1"},
				"south": {"uv": [0, 13, 9.5, 6.5], "texture": "#1"},
				"west": {"uv": [11, 0, 13.5, 6.5], "texture": "#1"},
				"up": {"uv": [11, 6.5, 13.5, 16], "rotation": 90, "texture": "#1"},
				"down": {"uv": [11, 6.5, 13.5, 16], "rotation": 90, "texture": "#1"}
			}
		},
		{
			"from": [9.5, 12, 8],
			"to": [11.5, 16, 8],
			"rotation": {"angle": 0, "axis": "y", "origin": [8, 6, 17]},
			"faces": {
				"north": {"uv": [0, 14, 1, 16], "texture": "#1", "tintindex": 0},
				"south": {"uv": [1, 14, 0, 16], "texture": "#1", "tintindex": 0}
			}
		},
		{
			"from": [4.5, 12, 8],
			"to": [6.5, 16, 8],
			"rotation": {"angle": 0, "axis": "y", "origin": [8, 6, 17]},
			"faces": {
				"north": {"uv": [3.5, 14, 4.5, 16], "texture": "#1", "tintindex": 0},
				"south": {"uv": [4.5, 14, 3.5, 16], "texture": "#1", "tintindex": 0}
			}
		},
		{
			"from": [6.5, 12, 8],
			"to": [9.5, 16, 8],
			"rotation": {"angle": 0, "axis": "y", "origin": [8, 6, 17]},
			"faces": {
				"north": {"uv": [1.5, 14, 3, 16], "texture": "#1"},
				"south": {"uv": [3, 14, 1.5, 16], "texture": "#1"}
			}
		}
	],
	"display": {
		"thirdperson_righthand": {
			"rotation": [92.5, 96, 0],
			"translation": [0.25, -1.5, -4],
			"scale": [0.7, 0.7, 0.7]
		},
		"thirdperson_lefthand": {
			"rotation": [90, 90, 0],
			"translation": [-0.75, -2.25, 5],
			"scale": [0.7, 0.7, 0.7]
		},
		"firstperson_righthand": {
			"rotation": [0, 87, 0],
			"translation": [11.75, -12.5, -6.25]
		},
		"firstperson_lefthand": {
			"rotation": [0, 74, 0],
			"translation": [5.75, -4, -0.75]
		},
		"ground": {
			"translation": [0, 2.25, 0],
			"scale": [0.26, 0.26, 0.26]
		},
		"gui": {
			"rotation": [24, -45, 0],
			"translation": [0, 0.75, 0],
			"scale": [0.72, 0.72, 0.72]
		},
		"head": {
			"rotation": [90, 0, 128],
			"translation": [-2.75, 10, -1.5],
			"scale": [1.6, 1.6, 1.6]
		},
		"fixed": {
			"rotation": [-90, 0, 0],
			"translation": [0, 0, -15.75],
			"scale": [2, 2, 2]
		}
	},
	"groups": [
		0,
		1,
		2,
		{
			"name": "group",
			"origin": [8, 8, 8],
			"color": 0,
			"children": [3, 4, 5]
		}
	]
}