{
	"credit": "Made by Poloskun_ http://www.youtube.com/c/Enchig",
	"parent": "block/cube_column",
	"texture_size": [16, 32],
	"textures": {
		"0": "custom/decor/pitcher/1_clay_2",
		"particle": "custom/decor/pitcher/1_clay_2"
	},
	"elements": [
		{
			"from": [6, 7, 6],
			"to": [10, 11, 10],
			"rotation": {"angle": 0, "axis": "y", "origin": [8, 0, 8]},
			"faces": {
				"north": {"uv": [12, 14, 16, 16], "texture": "#0"},
				"east": {"uv": [12, 14, 16, 16], "texture": "#0"},
				"south": {"uv": [12, 14, 16, 16], "texture": "#0"},
				"west": {"uv": [12, 14, 16, 16], "texture": "#0"}
			}
		},
		{
			"from": [5, 11, 5],
			"to": [11, 13, 11],
			"rotation": {"angle": 0, "axis": "y", "origin": [8, 0, 8]},
			"faces": {
				"north": {"uv": [10, 3, 16, 4], "texture": "#0"},
				"east": {"uv": [16, 3, 10, 4], "texture": "#0"},
				"south": {"uv": [10, 3, 16, 4], "texture": "#0"},
				"west": {"uv": [16, 3, 10, 4], "texture": "#0"},
				"up": {"uv": [10, 0, 16, 3], "texture": "#0"},
				"down": {"uv": [10, 0, 16, 3], "texture": "#0"}
			}
		},
		{
			"from": [4, 10, 8],
			"to": [12, 21, 8],
			"rotation": {"angle": 0, "axis": "y", "origin": [8, 0, 8]},
			"faces": {
				"north": {"uv": [16, 7, 8, 12.5], "texture": "#0"},
				"east": {"uv": [16, 3, 10, 4], "texture": "#0"},
				"south": {"uv": [8, 7, 16, 12.5], "texture": "#0"},
				"west": {"uv": [16, 3, 10, 4], "texture": "#0"},
				"up": {"uv": [10, 9.5, 16, 12.5], "texture": "#0"},
				"down": {"uv": [10, 0, 16, 3], "texture": "#0"}
			}
		},
		{
			"from": [8, 10, 4],
			"to": [8, 21, 12],
			"rotation": {"angle": 0, "axis": "y", "origin": [8, 0, 8]},
			"faces": {
				"north": {"uv": [16, 3, 10, 4], "texture": "#0"},
				"east": {"uv": [8, 7, 16, 12.5], "texture": "#0"},
				"south": {"uv": [16, 3, 10, 4], "texture": "#0"},
				"west": {"uv": [16, 7, 8, 12.5], "texture": "#0"},
				"up": {"uv": [10, 9.5, 16, 12.5], "rotation": 270, "texture": "#0"},
				"down": {"uv": [10, 0, 16, 3], "rotation": 90, "texture": "#0"}
			}
		},
		{
			"from": [4, 0, 4],
			"to": [12, 7, 12],
			"rotation": {"angle": 0, "axis": "y", "origin": [8, 0, 8]},
			"faces": {
				"north": {"uv": [0, 4, 8, 7.5], "texture": "#0"},
				"east": {"uv": [8, 4, 0, 7.5], "texture": "#0"},
				"south": {"uv": [0, 4, 8, 7.5], "texture": "#0"},
				"west": {"uv": [8, 4, 0, 7.5], "texture": "#0"},
				"up": {"uv": [0, 0, 8, 4], "texture": "#0"},
				"down": {"uv": [0, 7.5, 8, 11.5], "texture": "#0"}
			}
		},
		{
			"from": [4, 9, 6],
			"to": [6, 9, 10],
			"rotation": {"angle": 0, "axis": "y", "origin": [8, 0, 8]},
			"faces": {
				"north": {"uv": [0, 4, 8, 7.5], "texture": "#0"},
				"east": {"uv": [8, 4, 0, 7.5], "texture": "#0"},
				"south": {"uv": [0, 4, 8, 7.5], "texture": "#0"},
				"west": {"uv": [8, 4, 0, 7.5], "texture": "#0"},
				"up": {"uv": [10, 5.5, 14, 6.5], "rotation": 90, "texture": "#0"},
				"down": {"uv": [10, 5.5, 14, 6.5], "rotation": 90, "texture": "#0"}
			}
		},
		{
			"from": [10, 9, 6],
			"to": [12, 9, 10],
			"rotation": {"angle": 0, "axis": "y", "origin": [8, 0, 8]},
			"faces": {
				"north": {"uv": [0, 4, 8, 7.5], "texture": "#0"},
				"east": {"uv": [8, 4, 0, 7.5], "texture": "#0"},
				"south": {"uv": [0, 4, 8, 7.5], "texture": "#0"},
				"west": {"uv": [8, 4, 0, 7.5], "texture": "#0"},
				"up": {"uv": [10, 6.5, 14, 5.5], "rotation": 90, "texture": "#0"},
				"down": {"uv": [10, 6.5, 14, 5.5], "rotation": 90, "texture": "#0"}
			}
		}
	],
	"display": {
		"thirdperson_righthand": {
			"rotation": [55, 0, 0],
			"translation": [0, 2.25, 1.75],
			"scale": [0.46, 0.46, 0.46]
		},
		"thirdperson_lefthand": {
			"rotation": [20, 0, 0],
			"translation": [0.5, -2.5, -1],
			"scale": [0.82, 0.82, 0.82]
		},
		"firstperson_righthand": {
			"rotation": [-10, 1, 0],
			"translation": [1.25, 1.75, 0],
			"scale": [0.4, 0.4, 0.4]
		},
		"firstperson_lefthand": {
			"rotation": [-20, 1, 0],
			"translation": [1, 3.25, 1.75],
			"scale": [0.4, 0.4, 0.4]
		},
		"ground": {
			"translation": [0, 3.25, 0],
			"scale": [0.62, 0.62, 0.62]
		},
		"gui": {
			"rotation": [29, 134, 0],
			"translation": [0, 1.25, 0],
			"scale": [0.84, 0.84, 0.84]
		},
		"head": {
			"translation": [0, -25.25, 0],
			"scale": [2.22, 2.22, 2.22]
		},
		"fixed": {
			"translation": [0, 2.25, 0]
		}
	},
	"groups": [
		{
			"name": "group",
			"origin": [8, 0, 8],
			"color": 0,
			"children": [0, 1, 2, 3, 4, 5, 6]
		}
	]
}