{
	"credit": "Made by Poloskun_ http://www.youtube.com/c/Enchig",
	"texture_size": [32, 32],
	"textures": {
		"1": "custom/decor/pitcher/2_clay_2"
	},
	"elements": [
		{
			"from": [4, 14, 4],
			"to": [12, 16, 12],
			"faces": {
				"north": {"uv": [1, 6, 5, 7], "texture": "#1", "tintindex": 0},
				"east": {"uv": [1, 6, 5, 7], "texture": "#1", "tintindex": 0},
				"south": {"uv": [1, 6, 5, 7], "texture": "#1", "tintindex": 0},
				"west": {"uv": [1, 6, 5, 7], "texture": "#1", "tintindex": 0}
			}
		},
		{
			"from": [3, 16, 3],
			"to": [13, 18, 13],
			"faces": {
				"north": {"uv": [0.5, 5, 5.5, 6], "texture": "#1", "tintindex": 0},
				"east": {"uv": [0.5, 5, 5.5, 6], "texture": "#1", "tintindex": 0},
				"south": {"uv": [0.5, 5, 5.5, 6], "texture": "#1", "tintindex": 0},
				"west": {"uv": [0.5, 5, 5.5, 6], "texture": "#1", "tintindex": 0},
				"up": {"uv": [0.5, 0, 5.5, 5], "texture": "#1", "tintindex": 0},
				"down": {"uv": [0.5, 0, 5.5, 5], "texture": "#1", "tintindex": 0}
			}
		},
		{
			"from": [2, 5, 2],
			"to": [14, 14, 14],
			"faces": {
				"north": {"uv": [0, 7, 6, 11.5], "texture": "#1", "tintindex": 0},
				"east": {"uv": [0, 7, 6, 11.5], "texture": "#1", "tintindex": 0},
				"south": {"uv": [0, 7, 6, 11.5], "texture": "#1", "tintindex": 0},
				"west": {"uv": [0, 7, 6, 11.5], "texture": "#1", "tintindex": 0},
				"up": {"uv": [10, 10, 16, 16], "texture": "#1", "tintindex": 0},
				"down": {"uv": [10, 10, 16, 16], "texture": "#1", "tintindex": 0}
			}
		},
		{
			"from": [3, 3, 3],
			"to": [13, 5, 13],
			"faces": {
				"north": {"uv": [0.5, 11.5, 5.5, 12.5], "texture": "#1", "tintindex": 0},
				"east": {"uv": [0.5, 11.5, 5.5, 12.5], "texture": "#1", "tintindex": 0},
				"south": {"uv": [0.5, 11.5, 5.5, 12.5], "texture": "#1", "tintindex": 0},
				"west": {"uv": [0.5, 11.5, 5.5, 12.5], "texture": "#1", "tintindex": 0},
				"up": {"uv": [10.5, 4, 15.5, 9], "texture": "#1", "tintindex": 0},
				"down": {"uv": [10.5, 4, 15.5, 9], "texture": "#1", "tintindex": 0}
			}
		}
	],
	"display": {
		"thirdperson_righthand": {
			"rotation": [33, 0, 0],
			"translation": [0, 1.75, 0.75],
			"scale": [0.39, 0.39, 0.39]
		},
		"thirdperson_lefthand": {
			"rotation": [61, 0, 0],
			"translation": [-5.5, 0.75, -1.5],
			"scale": [0.78, 0.78, 0.78]
		},
		"firstperson_righthand": {
			"rotation": [5, 12, 0],
			"translation": [9.5, -2.5, -6.75],
			"scale": [0.59, 0.59, 0.59]
		},
		"firstperson_lefthand": {
			"translation": [-9.25, -5.75, -6.75],
			"scale": [0.88, 0.77, 0.77]
		},
		"ground": {
			"translation": [0, 0.75, 0],
			"scale": [0.43, 0.43, 0.43]
		},
		"gui": {
			"rotation": [30, 45, 0],
			"translation": [0, -1.75, 0],
			"scale": [0.71, 0.71, 0.71]
		},
		"head": {
			"translation": [0, -22, 0],
			"scale": [2.3, 2.3, 2.3]
		},
		"fixed": {
			"translation": [0, -2.5, 0],
			"scale": [0.94, 0.94, 0.94]
		}
	},
	"groups": [
		{
			"name": "group",
			"origin": [8, 8, 8],
			"color": 0,
			"children": [0, 1, 2, 3]
		}
	]
}