{
	"credit": "Made by Poloskun_ http://www.youtube.com/c/Enchig",
	"texture_size": [16, 32],
	"textures": {
		"1": "custom/decor/pitcher/3",
		"2": "custom/decor/pitcher/leaves_1",
		"particle": "custom/decor/pitcher/leaves_1"
	},
	"elements": [
		{
			"from": [3.5, -1, 7.75],
			"to": [12.5, 11, 7.75],
			"rotation": {"angle": -22.5, "axis": "x", "origin": [0, -3, 0]},
			"faces": {
				"north": {"uv": [15, 10, 6, 16], "texture": "#2"},
				"east": {"uv": [0, 0, 0, 9], "texture": "#missing"},
				"south": {"uv": [6, 10, 15, 16], "texture": "#2"},
				"west": {"uv": [0, 0, 0, 9], "texture": "#missing"},
				"up": {"uv": [0, 0, 2, 0], "texture": "#missing"},
				"down": {"uv": [0, 0, 2, 0], "texture": "#missing"}
			}
		},
		{
			"from": [3.5, 6.95, 12.5],
			"to": [12.5, 19.95, 12.5],
			"rotation": {"angle": -45, "axis": "x", "origin": [0, -3, 0]},
			"faces": {
				"north": {"uv": [6, 3.5, 15, 10], "texture": "#2"},
				"east": {"uv": [0, 0, 0, 9], "texture": "#missing"},
				"south": {"uv": [15, 3.5, 6, 10], "texture": "#2"},
				"west": {"uv": [0, 0, 0, 9], "texture": "#missing"},
				"up": {"uv": [0, 0, 2, 0], "texture": "#missing"},
				"down": {"uv": [0, 0, 2, 0], "texture": "#missing"}
			}
		},
		{
			"from": [3.5, 5, 7.5],
			"to": [12.5, 17, 7.5],
			"rotation": {"angle": 22.5, "axis": "x", "origin": [0, -2, 0]},
			"faces": {
				"north": {"uv": [15, 10, 6, 16], "texture": "#2"},
				"east": {"uv": [0, 0, 0, 9], "texture": "#missing"},
				"south": {"uv": [6, 10, 15, 16], "texture": "#2"},
				"west": {"uv": [0, 0, 0, 9], "texture": "#missing"},
				"up": {"uv": [0, 0, 2, 0], "texture": "#missing"},
				"down": {"uv": [0, 0, 2, 0], "texture": "#missing"}
			}
		},
		{
			"from": [3.5, 18.43, -0.35],
			"to": [12.5, 31.43, -0.35],
			"rotation": {"angle": 45, "axis": "x", "origin": [0, -2, 0]},
			"faces": {
				"north": {"uv": [6, 3.5, 15, 10], "texture": "#2"},
				"east": {"uv": [0, 0, 0, 9], "texture": "#missing"},
				"south": {"uv": [15, 3.5, 6, 10], "texture": "#2"},
				"west": {"uv": [0, 0, 0, 9], "texture": "#missing"},
				"up": {"uv": [0, 0, 2, 0], "texture": "#missing"},
				"down": {"uv": [0, 0, 2, 0], "texture": "#missing"}
			}
		},
		{
			"from": [3.5, 9.25, 3.25],
			"to": [12.5, 24.25, 3.25],
			"rotation": {"angle": 45, "axis": "x", "origin": [0, -2, 0]},
			"faces": {
				"north": {"uv": [6, 3.5, 15, 11], "texture": "#2"},
				"east": {"uv": [0, 0, 0, 9], "texture": "#missing"},
				"south": {"uv": [15, 3.5, 6, 11], "texture": "#2"},
				"west": {"uv": [0, 0, 0, 9], "texture": "#missing"},
				"up": {"uv": [0, 0, 2, 0], "texture": "#missing"},
				"down": {"uv": [0, 0, 2, 0], "texture": "#missing"}
			}
		},
		{
			"from": [3.75, -2.25, 8],
			"to": [12.75, 12.75, 8],
			"rotation": {"angle": -45, "axis": "x", "origin": [0, -2, 0]},
			"faces": {
				"north": {"uv": [6, 3.5, 15, 11], "texture": "#2"},
				"east": {"uv": [0, 0, 0, 9], "texture": "#missing"},
				"south": {"uv": [15, 3.5, 6, 11], "texture": "#2"},
				"west": {"uv": [0, 0, 0, 9], "texture": "#missing"},
				"up": {"uv": [0, 0, 2, 0], "texture": "#missing"},
				"down": {"uv": [0, 0, 2, 0], "texture": "#missing"}
			}
		},
		{
			"from": [8, -2.25, 3.5],
			"to": [8, 12.75, 12.5],
			"rotation": {"angle": 45, "axis": "z", "origin": [0, -2, 0]},
			"faces": {
				"north": {"uv": [0, 0, 0, 9], "texture": "#missing"},
				"east": {"uv": [15, 3.5, 6, 11], "texture": "#2"},
				"south": {"uv": [0, 0, 0, 9], "texture": "#missing"},
				"west": {"uv": [6, 3.5, 15, 11], "texture": "#2"},
				"up": {"uv": [0, 0, 2, 0], "rotation": 270, "texture": "#missing"},
				"down": {"uv": [0, 0, 2, 0], "rotation": 90, "texture": "#missing"}
			}
		},
		{
			"from": [3.25, 9, 3.5],
			"to": [3.25, 24, 12.5],
			"rotation": {"angle": -45, "axis": "z", "origin": [0, -2, 0]},
			"faces": {
				"north": {"uv": [0, 0, 0, 9], "texture": "#missing"},
				"east": {"uv": [15, 3.5, 6, 11], "texture": "#2"},
				"south": {"uv": [0, 0, 0, 9], "texture": "#missing"},
				"west": {"uv": [6, 3.5, 15, 11], "texture": "#2"},
				"up": {"uv": [0, 0, 2, 0], "rotation": 270, "texture": "#missing"},
				"down": {"uv": [0, 0, 2, 0], "rotation": 90, "texture": "#missing"}
			}
		},
		{
			"from": [0, 1.25, 7],
			"to": [0, 15.25, 16],
			"rotation": {"angle": 45, "axis": "y", "origin": [0, -2, 0]},
			"faces": {
				"north": {"uv": [0, 0, 0, 9], "texture": "#missing"},
				"east": {"uv": [15, 3.5, 6, 11], "texture": "#2"},
				"south": {"uv": [0, 0, 0, 9], "texture": "#missing"},
				"west": {"uv": [6, 3.5, 15, 10.5], "texture": "#2"},
				"up": {"uv": [0, 0, 2, 0], "rotation": 270, "texture": "#missing"},
				"down": {"uv": [0, 0, 2, 0], "rotation": 90, "texture": "#missing"}
			}
		},
		{
			"from": [3.5, 1.25, 8.25],
			"to": [12.5, 15.25, 8.25],
			"rotation": {"angle": 45, "axis": "y", "origin": [8, -2, 8]},
			"faces": {
				"north": {"uv": [15, 3.5, 6, 10.5], "texture": "#2"},
				"east": {"uv": [0, 0, 0, 9], "texture": "#missing"},
				"south": {"uv": [6, 3.5, 15, 11], "texture": "#2"},
				"west": {"uv": [0, 0, 0, 9], "texture": "#missing"},
				"up": {"uv": [0, 0, 2, 0], "rotation": 180, "texture": "#missing"},
				"down": {"uv": [0, 0, 2, 0], "rotation": 180, "texture": "#missing"}
			}
		},
		{
			"from": [7.5, -1, 3.5],
			"to": [7.5, 11, 12.5],
			"rotation": {"angle": 22.5, "axis": "z", "origin": [0, -2, 0]},
			"faces": {
				"north": {"uv": [0, 0, 0, 9], "texture": "#missing"},
				"east": {"uv": [15, 10, 6, 16], "texture": "#2"},
				"south": {"uv": [0, 0, 0, 9], "texture": "#missing"},
				"west": {"uv": [6, 10, 15, 16], "texture": "#2"},
				"up": {"uv": [0, 0, 2, 0], "rotation": 270, "texture": "#missing"},
				"down": {"uv": [0, 0, 2, 0], "rotation": 90, "texture": "#missing"}
			}
		},
		{
			"from": [11.9, 7.12, 3.5],
			"to": [11.9, 20.12, 12.5],
			"rotation": {"angle": 45, "axis": "z", "origin": [0, -2, 0]},
			"faces": {
				"north": {"uv": [0, 0, 0, 9], "texture": "#missing"},
				"east": {"uv": [15, 3.5, 6, 10], "texture": "#2"},
				"south": {"uv": [0, 0, 0, 9], "texture": "#missing"},
				"west": {"uv": [6, 3.5, 15, 10], "texture": "#2"},
				"up": {"uv": [0, 0, 2, 0], "rotation": 270, "texture": "#missing"},
				"down": {"uv": [0, 0, 2, 0], "rotation": 90, "texture": "#missing"}
			}
		},
		{
			"from": [8.5, 0, 5.5],
			"to": [8.5, 7, 10.5],
			"rotation": {"angle": 22.5, "axis": "z", "origin": [0, -2, 0]},
			"faces": {
				"north": {"uv": [0, 0, 0, 9], "texture": "#missing"},
				"east": {"uv": [5, 12.5, 0, 16], "texture": "#2"},
				"south": {"uv": [0, 0, 0, 9], "texture": "#missing"},
				"west": {"uv": [0, 12.5, 5, 16], "texture": "#2"},
				"up": {"uv": [0, 0, 2, 0], "rotation": 270, "texture": "#missing"},
				"down": {"uv": [0, 0, 2, 0], "rotation": 90, "texture": "#missing"}
			}
		},
		{
			"from": [10.51257, 4.98118, 5.5],
			"to": [10.51257, 11.98118, 10.5],
			"rotation": {"angle": -22.5, "axis": "z", "origin": [6, 7, 8]},
			"faces": {
				"north": {"uv": [0, 0, 0, 9], "texture": "#missing"},
				"east": {"uv": [5, 12.5, 0, 16], "texture": "#2"},
				"south": {"uv": [0, 0, 0, 9], "texture": "#missing"},
				"west": {"uv": [0, 12.5, 5, 16], "texture": "#2"},
				"up": {"uv": [0, 0, 2, 0], "rotation": 270, "texture": "#missing"},
				"down": {"uv": [0, 0, 2, 0], "rotation": 90, "texture": "#missing"}
			}
		},
		{
			"from": [5.75, 3.98118, 5.48743],
			"to": [10.75, 10.98118, 5.48743],
			"rotation": {"angle": -22.5, "axis": "x", "origin": [6, 7, 8]},
			"faces": {
				"north": {"uv": [5, 12.5, 0, 16], "texture": "#2"},
				"east": {"uv": [0, 0, 0, 9], "texture": "#missing"},
				"south": {"uv": [0, 12.5, 5, 16], "texture": "#2"},
				"west": {"uv": [0, 0, 0, 9], "texture": "#missing"},
				"up": {"uv": [0, 0, 2, 0], "rotation": 180, "texture": "#missing"},
				"down": {"uv": [0, 0, 2, 0], "rotation": 180, "texture": "#missing"}
			}
		},
		{
			"from": [5.75, 3.98118, 10.48743],
			"to": [10.75, 10.98118, 10.48743],
			"rotation": {"angle": 22.5, "axis": "x", "origin": [6, 7, 8]},
			"faces": {
				"north": {"uv": [5, 12.5, 0, 16], "texture": "#2"},
				"east": {"uv": [0, 0, 0, 9], "texture": "#missing"},
				"south": {"uv": [0, 12.5, 5, 16], "texture": "#2"},
				"west": {"uv": [0, 0, 0, 9], "texture": "#missing"},
				"up": {"uv": [0, 0, 2, 0], "rotation": 180, "texture": "#missing"},
				"down": {"uv": [0, 0, 2, 0], "rotation": 180, "texture": "#missing"}
			}
		},
		{
			"from": [7, 5, 3.5],
			"to": [7, 17, 12.5],
			"rotation": {"angle": -22.5, "axis": "z", "origin": [0, -3, 0]},
			"faces": {
				"north": {"uv": [0, 0, 0, 9], "texture": "#missing"},
				"east": {"uv": [15, 10, 6, 16], "texture": "#2"},
				"south": {"uv": [0, 0, 0, 9], "texture": "#missing"},
				"west": {"uv": [6, 10, 15, 16], "texture": "#2"},
				"up": {"uv": [0, 0, 2, 0], "rotation": 270, "texture": "#missing"},
				"down": {"uv": [0, 0, 2, 0], "rotation": 90, "texture": "#missing"}
			}
		},
		{
			"from": [-1.18, 18.15, 3.5],
			"to": [-1.18, 31.15, 12.5],
			"rotation": {"angle": -45, "axis": "z", "origin": [0, -3, 0]},
			"faces": {
				"north": {"uv": [0, 0, 0, 9], "texture": "#missing"},
				"east": {"uv": [15, 3.5, 6, 10], "texture": "#2"},
				"south": {"uv": [0, 0, 0, 9], "texture": "#missing"},
				"west": {"uv": [6, 3.5, 15, 10], "texture": "#2"},
				"up": {"uv": [0, 0, 2, 0], "rotation": 270, "texture": "#missing"},
				"down": {"uv": [0, 0, 2, 0], "rotation": 90, "texture": "#missing"}
			}
		},
		{
			"from": [4, -16, 4],
			"to": [12, -9, 12],
			"faces": {
				"north": {"uv": [1, 12.5, 5, 16], "texture": "#1", "tintindex": 0},
				"east": {"uv": [1, 12.5, 5, 16], "texture": "#1", "tintindex": 0},
				"south": {"uv": [1, 12.5, 5, 16], "texture": "#1", "tintindex": 0},
				"west": {"uv": [1, 12.5, 5, 16], "texture": "#1", "tintindex": 0},
				"down": {"uv": [12, 12, 16, 16], "texture": "#1", "tintindex": 0}
			}
		},
		{
			"from": [2, -9, 2],
			"to": [14, 2, 14],
			"faces": {
				"north": {"uv": [0, 7, 6, 12.5], "texture": "#1", "tintindex": 0},
				"east": {"uv": [0, 7, 6, 12.5], "texture": "#1", "tintindex": 0},
				"south": {"uv": [0, 7, 6, 12.5], "texture": "#1", "tintindex": 0},
				"west": {"uv": [0, 7, 6, 12.5], "texture": "#1", "tintindex": 0},
				"up": {"uv": [10, 0, 16, 6], "texture": "#1", "tintindex": 0},
				"down": {"uv": [10, 6, 16, 12], "texture": "#1", "tintindex": 0}
			}
		},
		{
			"from": [4, 2, 4],
			"to": [12, 4, 12],
			"faces": {
				"north": {"uv": [1, 6, 5, 7], "texture": "#1", "tintindex": 0},
				"east": {"uv": [1, 6, 5, 7], "texture": "#1", "tintindex": 0},
				"south": {"uv": [1, 6, 5, 7], "texture": "#1", "tintindex": 0},
				"west": {"uv": [1, 6, 5, 7], "texture": "#1", "tintindex": 0}
			}
		},
		{
			"from": [3, 4, 3],
			"to": [13, 6, 13],
			"faces": {
				"north": {"uv": [0.5, 5, 5.5, 6], "texture": "#1", "tintindex": 0},
				"east": {"uv": [0.5, 5, 5.5, 6], "texture": "#1", "tintindex": 0},
				"south": {"uv": [0.5, 5, 5.5, 6], "texture": "#1", "tintindex": 0},
				"west": {"uv": [0.5, 5, 5.5, 6], "texture": "#1", "tintindex": 0},
				"up": {"uv": [0.5, 0, 5.5, 5], "texture": "#1", "tintindex": 0},
				"down": {"uv": [0.5, 0, 5.5, 5], "texture": "#1", "tintindex": 0}
			}
		},
		{
			"from": [-1, -8, 8],
			"to": [2, 2, 8],
			"faces": {
				"north": {"uv": [6, 7, 7.5, 12], "texture": "#1", "tintindex": 0},
				"east": {"uv": [0, 0, 0, 1], "texture": "#missing", "tintindex": 0},
				"south": {"uv": [7.5, 7, 6, 12], "texture": "#1", "tintindex": 0},
				"west": {"uv": [0, 0, 0, 1], "texture": "#missing", "tintindex": 0},
				"up": {"uv": [0, 0, 0.75, 0], "texture": "#missing", "tintindex": 0},
				"down": {"uv": [0, 0, 0.75, 0], "texture": "#missing", "tintindex": 0}
			}
		},
		{
			"from": [14, -8, 8],
			"to": [17, 2, 8],
			"faces": {
				"north": {"uv": [7.5, 7, 6, 12], "texture": "#1", "tintindex": 0},
				"east": {"uv": [0, 0, 0, 1], "texture": "#missing", "tintindex": 0},
				"south": {"uv": [6, 7, 7.5, 12], "texture": "#1", "tintindex": 0},
				"west": {"uv": [0, 0, 0, 1], "texture": "#missing", "tintindex": 0},
				"up": {"uv": [0, 0, 0.75, 0], "texture": "#missing", "tintindex": 0},
				"down": {"uv": [0, 0, 0.75, 0], "texture": "#missing", "tintindex": 0}
			}
		}
	],
	"display": {
		"thirdperson_righthand": {
			"rotation": [33, 0, 0],
			"translation": [0, 6.25, 3.75],
			"scale": [0.39, 0.39, 0.39]
		},
		"thirdperson_lefthand": {
			"rotation": [61, 0, 0],
			"translation": [-5.5, 3.75, 7.75],
			"scale": [0.68, 0.68, 0.68]
		},
		"firstperson_righthand": {
			"rotation": [5, 12, 0],
			"translation": [9.5, 2.75, -6.75],
			"scale": [0.53, 0.53, 0.53]
		},
		"firstperson_lefthand": {
			"translation": [-9.25, -2.25, -11],
			"scale": [0.88, 0.77, 0.77]
		},
		"ground": {
			"translation": [0, 8, 0],
			"scale": [0.43, 0.43, 0.43]
		},
		"gui": {
			"rotation": [30, -45, 0],
			"translation": [0, 1.25, 0],
			"scale": [0.36, 0.36, 0.36]
		},
		"head": {
			"translation": [0, 21.75, 0],
			"scale": [2.3, 2.3, 2.3]
		},
		"fixed": {
			"translation": [0, 8.75, -0.75],
			"scale": [0.87, 0.87, 0.87]
		}
	},
	"groups": [
		{
			"name": "group",
			"origin": [8, 8, 8],
			"color": 0,
			"children": [0, 1, 2, 3, 4, 5, 6, 7, 8, 9, 10, 11, 12, 13, 14, 15, 16, 17]
		}, 18, 19, 20, 21, 22, 23]
}