{
	"credit": "Made by Poloskun_ http://www.youtube.com/c/Enchig",
	"texture_size": [32, 32],
	"textures": {
		"1": "custom/decor/pitcher/4_clay_3"
	},
	"elements": [
		{
			"from": [4, 3, 4],
			"to": [12, 26, 12],
			"faces": {
				"north": {"uv": [0.5, 4.5, 4.5, 16], "texture": "#1", "tintindex": 0},
				"east": {"uv": [0.5, 4.5, 4.5, 16], "texture": "#1", "tintindex": 0},
				"south": {"uv": [0.5, 4.5, 4.5, 16], "texture": "#1", "tintindex": 0},
				"west": {"uv": [0.5, 4.5, 4.5, 16], "texture": "#1", "tintindex": 0},
				"down": {"uv": [12, 5, 16, 9], "texture": "#1", "tintindex": 0}
			}
		},
		{
			"from": [3, 26, 3],
			"to": [13, 28, 13],
			"faces": {
				"north": {"uv": [0, 3.5, 5, 4.5], "texture": "#1", "tintindex": 0},
				"east": {"uv": [0, 3.5, 5, 4.5], "texture": "#1", "tintindex": 0},
				"south": {"uv": [0, 3.5, 5, 4.5], "texture": "#1", "tintindex": 0},
				"west": {"uv": [0, 3.5, 5, 4.5], "texture": "#1", "tintindex": 0},
				"up": {"uv": [11, 0, 16, 5], "texture": "#1", "tintindex": 0},
				"down": {"uv": [11, 0, 16, 5], "texture": "#1", "tintindex": 0}
			}
		}
	],
	"display": {
		"thirdperson_righthand": {
			"rotation": [33, 0, 0],
			"translation": [0, 1, 0.75],
			"scale": [0.39, 0.39, 0.39]
		},
		"thirdperson_lefthand": {
			"rotation": [44, 0, 0],
			"translation": [0.5, -4, -5.25],
			"scale": [0.68, 0.68, 0.68]
		},
		"firstperson_righthand": {
			"rotation": [5, 12, 0],
			"translation": [9.5, -5.5, -6.75],
			"scale": [0.53, 0.53, 0.53]
		},
		"firstperson_lefthand": {
			"rotation": [-7, 12, 0],
			"translation": [12.5, -8.5, -11],
			"scale": [0.88, 0.77, 0.77]
		},
		"ground": {
			"translation": [0, 0.75, 0],
			"scale": [0.43, 0.43, 0.43]
		},
		"gui": {
			"rotation": [30, -45, 0],
			"translation": [0, -3.75, 0],
			"scale": [0.54, 0.54, 0.54]
		},
		"head": {
			"translation": [0, -22, 0],
			"scale": [2.3, 2.3, 2.3]
		},
		"fixed": {
			"translation": [0, -5.75, -0.75],
			"scale": [0.77, 0.77, 0.77]
		}
	},
	"groups": [
		{
			"name": "group",
			"origin": [8, 8, 8],
			"color": 0,
			"children": [0, 1]
		}
	]
}