{
	"credit": "Made by Poloskun_ http://www.youtube.com/c/Enchig",
	"texture_size": [16, 32],
	"textures": {
		"1": "custom/decor/pitcher/4",
		"2": "custom/decor/pitcher/leaves_1",
		"particle": "custom/decor/pitcher/leaves_1"
	},
	"elements": [
		{
			"from": [3.5, 15, 3.75],
			"to": [12.5, 30, 3.75],
			"rotation": {"angle": 45, "axis": "x", "origin": [0, 4, 0]},
			"faces": {
				"north": {"uv": [6, 3.5, 15, 11], "texture": "#2"},
				"east": {"uv": [0, 0, 0, 9], "texture": "#missing"},
				"south": {"uv": [15, 3.5, 6, 11], "texture": "#2"},
				"west": {"uv": [0, 0, 0, 9], "texture": "#missing"},
				"up": {"uv": [0, 0, 2, 0], "texture": "#missing"},
				"down": {"uv": [0, 0, 2, 0], "texture": "#missing"}
			}
		},
		{
			"from": [3.75, 3.5, 7.75],
			"to": [12.75, 18.5, 7.75],
			"rotation": {"angle": -45, "axis": "x", "origin": [0, 4, 0]},
			"faces": {
				"north": {"uv": [6, 3.5, 15, 11], "texture": "#2"},
				"east": {"uv": [0, 0, 0, 9], "texture": "#missing"},
				"south": {"uv": [15, 3.5, 6, 11], "texture": "#2"},
				"west": {"uv": [0, 0, 0, 9], "texture": "#missing"},
				"up": {"uv": [0, 0, 2, 0], "texture": "#missing"},
				"down": {"uv": [0, 0, 2, 0], "texture": "#missing"}
			}
		},
		{
			"from": [7.75, 3.5, 3.5],
			"to": [7.75, 18.5, 12.5],
			"rotation": {"angle": 45, "axis": "z", "origin": [0, 4, 0]},
			"faces": {
				"north": {"uv": [0, 0, 0, 9], "texture": "#missing"},
				"east": {"uv": [15, 3.5, 6, 11], "texture": "#2"},
				"south": {"uv": [0, 0, 0, 9], "texture": "#missing"},
				"west": {"uv": [6, 3.5, 15, 11], "texture": "#2"},
				"up": {"uv": [0, 0, 2, 0], "rotation": 270, "texture": "#missing"},
				"down": {"uv": [0, 0, 2, 0], "rotation": 90, "texture": "#missing"}
			}
		},
		{
			"from": [3.5, 14.75, 3.5],
			"to": [3.5, 29.75, 12.5],
			"rotation": {"angle": -45, "axis": "z", "origin": [0, 4, 0]},
			"faces": {
				"north": {"uv": [0, 0, 0, 9], "texture": "#missing"},
				"east": {"uv": [15, 3.5, 6, 11], "texture": "#2"},
				"south": {"uv": [0, 0, 0, 9], "texture": "#missing"},
				"west": {"uv": [6, 3.5, 15, 11], "texture": "#2"},
				"up": {"uv": [0, 0, 2, 0], "rotation": 270, "texture": "#missing"},
				"down": {"uv": [0, 0, 2, 0], "rotation": 90, "texture": "#missing"}
			}
		},
		{
			"from": [0, 7.25, 7],
			"to": [0, 21.25, 16],
			"rotation": {"angle": 45, "axis": "y", "origin": [0, 4, 0]},
			"faces": {
				"north": {"uv": [0, 0, 0, 9], "texture": "#missing"},
				"east": {"uv": [15, 3.5, 6, 11], "texture": "#2"},
				"south": {"uv": [0, 0, 0, 9], "texture": "#missing"},
				"west": {"uv": [6, 3.5, 15, 10.5], "texture": "#2"},
				"up": {"uv": [0, 0, 2, 0], "rotation": 270, "texture": "#missing"},
				"down": {"uv": [0, 0, 2, 0], "rotation": 90, "texture": "#missing"}
			}
		},
		{
			"from": [3.5, 7.25, 8.25],
			"to": [12.5, 21.25, 8.25],
			"rotation": {"angle": 45, "axis": "y", "origin": [8, 4, 8]},
			"faces": {
				"north": {"uv": [15, 3.5, 6, 10.5], "texture": "#2"},
				"east": {"uv": [0, 0, 0, 9], "texture": "#missing"},
				"south": {"uv": [6, 3.5, 15, 11], "texture": "#2"},
				"west": {"uv": [0, 0, 0, 9], "texture": "#missing"},
				"up": {"uv": [0, 0, 2, 0], "rotation": 180, "texture": "#missing"},
				"down": {"uv": [0, 0, 2, 0], "rotation": 180, "texture": "#missing"}
			}
		},
		{
			"from": [8.5, 6, 5.5],
			"to": [8.5, 13, 10.5],
			"rotation": {"angle": 22.5, "axis": "z", "origin": [0, 4, 0]},
			"faces": {
				"north": {"uv": [0, 0, 0, 9], "texture": "#missing"},
				"east": {"uv": [5, 12.5, 0, 16], "texture": "#2"},
				"south": {"uv": [0, 0, 0, 9], "texture": "#missing"},
				"west": {"uv": [0, 12.5, 5, 16], "texture": "#2"},
				"up": {"uv": [0, 0, 2, 0], "rotation": 270, "texture": "#missing"},
				"down": {"uv": [0, 0, 2, 0], "rotation": 90, "texture": "#missing"}
			}
		},
		{
			"from": [10.51257, 10.98118, 5.5],
			"to": [10.51257, 17.98118, 10.5],
			"rotation": {"angle": -22.5, "axis": "z", "origin": [6, 13, 8]},
			"faces": {
				"north": {"uv": [0, 0, 0, 9], "texture": "#missing"},
				"east": {"uv": [5, 12.5, 0, 16], "texture": "#2"},
				"south": {"uv": [0, 0, 0, 9], "texture": "#missing"},
				"west": {"uv": [0, 12.5, 5, 16], "texture": "#2"},
				"up": {"uv": [0, 0, 2, 0], "rotation": 270, "texture": "#missing"},
				"down": {"uv": [0, 0, 2, 0], "rotation": 90, "texture": "#missing"}
			}
		},
		{
			"from": [5.75, 9.98118, 5.48743],
			"to": [10.75, 16.98118, 5.48743],
			"rotation": {"angle": -22.5, "axis": "x", "origin": [6, 13, 8]},
			"faces": {
				"north": {"uv": [5, 12.5, 0, 16], "texture": "#2"},
				"east": {"uv": [0, 0, 0, 9], "texture": "#missing"},
				"south": {"uv": [0, 12.5, 5, 16], "texture": "#2"},
				"west": {"uv": [0, 0, 0, 9], "texture": "#missing"},
				"up": {"uv": [0, 0, 2, 0], "rotation": 180, "texture": "#missing"},
				"down": {"uv": [0, 0, 2, 0], "rotation": 180, "texture": "#missing"}
			}
		},
		{
			"from": [5.75, 9.98118, 10.48743],
			"to": [10.75, 16.98118, 10.48743],
			"rotation": {"angle": 22.5, "axis": "x", "origin": [6, 13, 8]},
			"faces": {
				"north": {"uv": [5, 12.5, 0, 16], "texture": "#2"},
				"east": {"uv": [0, 0, 0, 9], "texture": "#missing"},
				"south": {"uv": [0, 12.5, 5, 16], "texture": "#2"},
				"west": {"uv": [0, 0, 0, 9], "texture": "#missing"},
				"up": {"uv": [0, 0, 2, 0], "rotation": 180, "texture": "#missing"},
				"down": {"uv": [0, 0, 2, 0], "rotation": 180, "texture": "#missing"}
			}
		},
		{
			"from": [4, -16, 4],
			"to": [12, 7, 12],
			"faces": {
				"north": {"uv": [0.5, 4.5, 4.5, 16], "texture": "#1", "tintindex": 0},
				"east": {"uv": [0.5, 4.5, 4.5, 16], "texture": "#1", "tintindex": 0},
				"south": {"uv": [0.5, 4.5, 4.5, 16], "texture": "#1", "tintindex": 0},
				"west": {"uv": [0.5, 4.5, 4.5, 16], "texture": "#1", "tintindex": 0},
				"down": {"uv": [12, 5, 16, 9], "texture": "#1", "tintindex": 0}
			}
		},
		{
			"from": [3, 7, 3],
			"to": [13, 9, 13],
			"faces": {
				"north": {"uv": [0, 3.5, 5, 4.5], "texture": "#1", "tintindex": 0},
				"east": {"uv": [0, 3.5, 5, 4.5], "texture": "#1", "tintindex": 0},
				"south": {"uv": [0, 3.5, 5, 4.5], "texture": "#1", "tintindex": 0},
				"west": {"uv": [0, 3.5, 5, 4.5], "texture": "#1", "tintindex": 0},
				"up": {"uv": [11, 0, 16, 5], "texture": "#1", "tintindex": 0},
				"down": {"uv": [11, 0, 16, 5], "texture": "#1", "tintindex": 0}
			}
		}
	],
	"display": {
		"thirdperson_righthand": {
			"rotation": [33, 0, 0],
			"translation": [0, 6.75, 4.75],
			"scale": [0.39, 0.39, 0.39]
		},
		"thirdperson_lefthand": {
			"rotation": [44, 0, 0],
			"translation": [0.75, 5.25, 4],
			"scale": [0.68, 0.68, 0.68]
		},
		"firstperson_righthand": {
			"rotation": [5, 12, 0],
			"translation": [9.5, 2.75, -6.75],
			"scale": [0.53, 0.53, 0.53]
		},
		"firstperson_lefthand": {
			"rotation": [-7, 12, 0],
			"translation": [10.5, 6.25, -11],
			"scale": [0.88, 0.77, 0.77]
		},
		"ground": {
			"translation": [0, 9, 0],
			"scale": [0.43, 0.43, 0.43]
		},
		"gui": {
			"rotation": [30, -45, 0],
			"translation": [0, 1.75, 0],
			"scale": [0.39, 0.39, 0.39]
		},
		"head": {
			"translation": [0, 21.75, 0],
			"scale": [2.3, 2.3, 2.3]
		},
		"fixed": {
			"translation": [0, 9.75, -0.75],
			"scale": [0.87, 0.87, 0.87]
		}
	},
	"groups": [
		{
			"name": "group",
			"origin": [8, 8, 8],
			"color": 0,
			"children": [0, 1, 2, 3, 4, 5, 6, 7, 8, 9]
		}, 10, 11]
}