{
	"credit": "Made by Poloskun_ http://www.youtube.com/c/Enchig",
	"texture_size": [32, 32],
	"textures": {
		"1": "custom/decor/pitcher/5_clay"
	},
	"elements": [
		{
			"from": [5, 15, 5],
			"to": [11, 20, 11],
			"faces": {
				"north": {"uv": [1.5, 5, 4.5, 7.5], "texture": "#1", "tintindex": 0},
				"east": {"uv": [1.5, 5, 4.5, 7.5], "texture": "#1", "tintindex": 0},
				"south": {"uv": [1.5, 5, 4.5, 7.5], "texture": "#1", "tintindex": 0},
				"west": {"uv": [1.5, 5, 4.5, 7.5], "texture": "#1", "tintindex": 0}
			}
		},
		{
			"from": [2, 4, 2],
			"to": [14, 15, 14],
			"faces": {
				"north": {"uv": [0, 7.5, 6, 13], "texture": "#1", "tintindex": 0},
				"east": {"uv": [0, 7.5, 6, 13], "texture": "#1", "tintindex": 0},
				"south": {"uv": [0, 7.5, 6, 13], "texture": "#1", "tintindex": 0},
				"west": {"uv": [0, 7.5, 6, 13], "texture": "#1", "tintindex": 0},
				"up": {"uv": [10, 4, 16, 10], "texture": "#1", "tintindex": 0},
				"down": {"uv": [10, 10, 16, 16], "texture": "#1", "tintindex": 0}
			}
		},
		{
			"from": [3, 3, 3],
			"to": [13, 4, 13],
			"faces": {
				"north": {"uv": [10.5, 10.5, 15.5, 10], "texture": "#1", "tintindex": 0},
				"east": {"uv": [10.5, 10.5, 15.5, 10], "texture": "#1", "tintindex": 0},
				"south": {"uv": [10.5, 10.5, 15.5, 10], "texture": "#1", "tintindex": 0},
				"west": {"uv": [10.5, 10.5, 15.5, 10], "texture": "#1", "tintindex": 0},
				"up": {"uv": [12, 12, 16, 16], "texture": "#1", "tintindex": 0},
				"down": {"uv": [10.5, 10.5, 15.5, 15.5], "texture": "#1", "tintindex": 0}
			}
		},
		{
			"from": [4, 20, 4],
			"to": [12, 22, 12],
			"faces": {
				"north": {"uv": [1, 4, 5, 5], "texture": "#1", "tintindex": 0},
				"east": {"uv": [1, 4, 5, 5], "texture": "#1", "tintindex": 0},
				"south": {"uv": [1, 4, 5, 5], "texture": "#1", "tintindex": 0},
				"west": {"uv": [1, 4, 5, 5], "texture": "#1", "tintindex": 0},
				"up": {"uv": [1, 0, 5, 4], "texture": "#1", "tintindex": 0},
				"down": {"uv": [1, 0, 5, 4], "texture": "#1", "tintindex": 0}
			}
		},
		{
			"from": [-1, 7, 8],
			"to": [3, 17, 8],
			"faces": {
				"north": {"uv": [6.5, 6.5, 8.5, 11.5], "texture": "#1", "tintindex": 0},
				"east": {"uv": [0, 0, 0, 1], "texture": "#missing", "tintindex": 0},
				"south": {"uv": [8.5, 6.5, 6.5, 11.5], "texture": "#1", "tintindex": 0},
				"west": {"uv": [0, 0, 0, 1], "texture": "#missing", "tintindex": 0},
				"up": {"uv": [0, 0, 0.375, 0], "texture": "#missing", "tintindex": 0},
				"down": {"uv": [0, 0, 0.375, 0], "texture": "#missing", "tintindex": 0}
			}
		},
		{
			"from": [13, 7, 8],
			"to": [17, 17, 8],
			"faces": {
				"north": {"uv": [8.5, 6.5, 6.5, 11.5], "texture": "#1", "tintindex": 0},
				"east": {"uv": [0, 0, 0, 1], "texture": "#missing", "tintindex": 0},
				"south": {"uv": [6.5, 6.5, 8.5, 11.5], "texture": "#1", "tintindex": 0},
				"west": {"uv": [0, 0, 0, 1], "texture": "#missing", "tintindex": 0},
				"up": {"uv": [0, 0, 0.375, 0], "texture": "#missing", "tintindex": 0},
				"down": {"uv": [0, 0, 0.375, 0], "texture": "#missing", "tintindex": 0}
			}
		}
	],
	"display": {
		"thirdperson_righthand": {
			"rotation": [33, 0, 0],
			"translation": [0, 1, 0.5],
			"scale": [0.39, 0.39, 0.39]
		},
		"thirdperson_lefthand": {
			"rotation": [61, 0, 0],
			"translation": [-5.5, -1.5, -1.75],
			"scale": [0.68, 0.68, 0.68]
		},
		"firstperson_righthand": {
			"rotation": [5, 12, 0],
			"translation": [9.5, -3.75, -6.75],
			"scale": [0.53, 0.53, 0.53]
		},
		"firstperson_lefthand": {
			"translation": [-9.25, -11.5, -11],
			"scale": [0.88, 0.77, 0.77]
		},
		"ground": {
			"translation": [0, 0.75, 0],
			"scale": [0.43, 0.43, 0.43]
		},
		"gui": {
			"rotation": [30, -45, 0],
			"translation": [0, -2, 0],
			"scale": [0.55, 0.55, 0.55]
		},
		"head": {
			"translation": [0, -22, 0],
			"scale": [2.3, 2.3, 2.3]
		},
		"fixed": {
			"translation": [0, -4, -0.75],
			"scale": [0.87, 0.87, 0.87]
		}
	},
	"groups": [
		{
			"name": "group",
			"origin": [8, 8, 8],
			"color": 0,
			"children": [0, 1, 2, 3, 4, 5]
		}
	]
}