{
	"credit": "Made by Poloskun_ http://www.youtube.com/c/Enchig",
	"texture_size": [64, 64],
	"textures": {
		"0": "custom/furniture/tables/warped_table",
		"particle": "custom/furniture/tables/warped_table"
	},
	"elements": [
		{
			"from": [-8, 14, -8],
			"to": [24, 16, 24],
			"rotation": {"angle": 0, "axis": "y", "origin": [0, 8, 0]},
			"faces": {
				"north": {"uv": [0, 7.5, 8, 8], "texture": "#0"},
				"east": {"uv": [8, 0, 8.5, 8], "rotation": 90, "texture": "#0"},
				"south": {"uv": [0, 8, 8, 8.5], "texture": "#0"},
				"west": {"uv": [8, 8, 8.5, 0], "rotation": 90, "texture": "#0"},
				"up": {"uv": [0, 0, 8, 8], "texture": "#0"},
				"down": {"uv": [0, 0, 8, 8], "rotation": 180, "texture": "#0"}
			}
		},
		{
			"from": [19, 0, 19],
			"to": [21, 14, 21],
			"rotation": {"angle": 0, "axis": "y", "origin": [0, 8, 0]},
			"faces": {
				"north": {"uv": [8, 9, 7.5, 12.5], "texture": "#0"},
				"east": {"uv": [7.5, 9, 8, 12.5], "texture": "#0"},
				"south": {"uv": [8, 9, 7.5, 12.5], "texture": "#0"},
				"west": {"uv": [7.5, 9, 8, 12.5], "texture": "#0"},
				"down": {"uv": [7.75, 12.25, 8, 12.5], "texture": "#0"}
			}
		},
		{
			"from": [19, 0, -5],
			"to": [21, 14, -3],
			"rotation": {"angle": 0, "axis": "y", "origin": [0, 8, 0]},
			"faces": {
				"north": {"uv": [8, 9, 7.5, 12.5], "texture": "#0"},
				"east": {"uv": [7.5, 9, 8, 12.5], "texture": "#0"},
				"south": {"uv": [8, 9, 7.5, 12.5], "texture": "#0"},
				"west": {"uv": [7.5, 9, 8, 12.5], "texture": "#0"},
				"down": {"uv": [7.75, 12.25, 8, 12.5], "texture": "#0"}
			}
		},
		{
			"from": [-5, 0, -5],
			"to": [-3, 14, -3],
			"rotation": {"angle": 0, "axis": "y", "origin": [0, 8, 0]},
			"faces": {
				"north": {"uv": [8, 9, 7.5, 12.5], "texture": "#0"},
				"east": {"uv": [7.5, 9, 8, 12.5], "texture": "#0"},
				"south": {"uv": [8, 9, 7.5, 12.5], "texture": "#0"},
				"west": {"uv": [7.5, 9, 8, 12.5], "texture": "#0"},
				"down": {"uv": [7.75, 12.25, 8, 12.5], "texture": "#0"}
			}
		},
		{
			"from": [-5, 0, 19],
			"to": [-3, 14, 21],
			"rotation": {"angle": 0, "axis": "y", "origin": [0, 8, 0]},
			"faces": {
				"north": {"uv": [8, 9, 7.5, 12.5], "texture": "#0"},
				"east": {"uv": [7.5, 9, 8, 12.5], "texture": "#0"},
				"south": {"uv": [8, 9, 7.5, 12.5], "texture": "#0"},
				"west": {"uv": [7.5, 9, 8, 12.5], "texture": "#0"},
				"down": {"uv": [7.75, 12.25, 8, 12.5], "texture": "#0"}
			}
		},
		{
			"from": [-3, 7, 20],
			"to": [19, 14, 20],
			"rotation": {"angle": 0, "axis": "y", "origin": [0, 8, 0]},
			"faces": {
				"north": {"uv": [6.75, 8.5, 1.25, 10.25], "texture": "#0"},
				"east": {"uv": [8.75, 0.5, 9.25, 4], "texture": "#missing"},
				"south": {"uv": [1.25, 8.5, 6.75, 10.25], "texture": "#0"},
				"west": {"uv": [8.75, 0.5, 9.25, 4], "texture": "#missing"},
				"up": {"uv": [8.75, 3.5, 9.25, 4], "texture": "#missing"},
				"down": {"uv": [8.75, 3.5, 9.25, 4], "texture": "#missing"}
			}
		},
		{
			"from": [-3, 7, -4],
			"to": [19, 14, -4],
			"rotation": {"angle": 0, "axis": "y", "origin": [0, 8, 0]},
			"faces": {
				"north": {"uv": [1.25, 8.5, 6.75, 10.25], "texture": "#0"},
				"east": {"uv": [8.75, 0.5, 9.25, 4], "texture": "#missing"},
				"south": {"uv": [6.75, 8.5, 1.25, 10.25], "texture": "#0"},
				"west": {"uv": [8.75, 0.5, 9.25, 4], "texture": "#missing"},
				"up": {"uv": [8.75, 3.5, 9.25, 4], "texture": "#missing"},
				"down": {"uv": [8.75, 3.5, 9.25, 4], "texture": "#missing"}
			}
		},
		{
			"from": [-5, 5, 16],
			"to": [-5, 9, 19],
			"rotation": {"angle": 22.5, "axis": "z", "origin": [0, 8, 0]},
			"faces": {
				"north": {"uv": [8.75, 0.5, 9.25, 4], "texture": "#missing"},
				"east": {"uv": [6.75, 9, 6, 10], "texture": "#0"},
				"south": {"uv": [8.75, 0.5, 9.25, 4], "texture": "#missing"},
				"west": {"uv": [6, 9, 6.75, 10], "texture": "#0"},
				"up": {"uv": [8.75, 3.5, 9.25, 4], "rotation": 270, "texture": "#missing"},
				"down": {"uv": [8.75, 3.5, 9.25, 4], "rotation": 90, "texture": "#missing"}
			}
		},
		{
			"from": [18, -3, -8],
			"to": [18, 1, -5],
			"rotation": {"angle": 22.5, "axis": "z", "origin": [0, 8, 0]},
			"faces": {
				"north": {"uv": [8.75, 0.5, 9.25, 4], "texture": "#missing"},
				"east": {"uv": [6.75, 9, 6, 10], "texture": "#0"},
				"south": {"uv": [8.75, 0.5, 9.25, 4], "texture": "#missing"},
				"west": {"uv": [6, 9, 6.75, 10], "texture": "#0"},
				"up": {"uv": [8.75, 3.5, 9.25, 4], "rotation": 270, "texture": "#missing"},
				"down": {"uv": [8.75, 3.5, 9.25, 4], "rotation": 90, "texture": "#missing"}
			}
		},
		{
			"from": [-4, 6, 21],
			"to": [-4, 10, 24],
			"rotation": {"angle": -22.5, "axis": "z", "origin": [0, 8, 0]},
			"faces": {
				"north": {"uv": [8.75, 0.5, 9.25, 4], "texture": "#missing"},
				"east": {"uv": [6, 9, 6.75, 10], "texture": "#0"},
				"south": {"uv": [8.75, 0.5, 9.25, 4], "texture": "#missing"},
				"west": {"uv": [6.75, 9, 6, 10], "texture": "#0"},
				"up": {"uv": [8.75, 3.5, 9.25, 4], "rotation": 270, "texture": "#missing"},
				"down": {"uv": [8.75, 3.5, 9.25, 4], "rotation": 90, "texture": "#missing"}
			}
		},
		{
			"from": [-4, 6, -3],
			"to": [-4, 13, 19],
			"rotation": {"angle": 0, "axis": "y", "origin": [0, 8, 0]},
			"faces": {
				"north": {"uv": [8.75, 0.5, 9.25, 4], "texture": "#missing"},
				"east": {"uv": [1.25, 8.5, 6.75, 10.25], "texture": "#0"},
				"south": {"uv": [8.75, 0.5, 9.25, 4], "texture": "#missing"},
				"west": {"uv": [1.25, 9, 6.75, 10.75], "texture": "#0"},
				"up": {"uv": [8.75, 3.5, 9.25, 4], "rotation": 270, "texture": "#missing"},
				"down": {"uv": [8.75, 3.5, 9.25, 4], "rotation": 90, "texture": "#missing"}
			}
		},
		{
			"from": [20, 7, -3],
			"to": [20, 14, 19],
			"rotation": {"angle": 0, "axis": "y", "origin": [0, 7, 0]},
			"faces": {
				"north": {"uv": [8.75, 0.5, 9.25, 4], "texture": "#missing"},
				"east": {"uv": [1.25, 8.75, 6.75, 10.5], "texture": "#0"},
				"south": {"uv": [8.75, 0.5, 9.25, 4], "texture": "#missing"},
				"west": {"uv": [1.25, 8.75, 6.75, 10.5], "texture": "#0"},
				"up": {"uv": [8.75, 3.5, 9.25, 4], "rotation": 270, "texture": "#missing"},
				"down": {"uv": [8.75, 3.5, 9.25, 4], "rotation": 90, "texture": "#missing"}
			}
		}
	],
	"display": {
		"thirdperson_righthand": {
			"rotation": [66, 45, 0],
			"translation": [0, 3.25, 0.25],
			"scale": [0.18, 0.18, 0.18]
		},
		"thirdperson_lefthand": {
			"rotation": [66, 0, 0],
			"translation": [-5.5, 6.75, -9],
			"scale": [0.78, 0.78, 0.78]
		},
		"firstperson_righthand": {
			"rotation": [-10, -66, 0],
			"translation": [0.25, 1.25, 0],
			"scale": [0.22, 0.22, 0.22]
		},
		"firstperson_lefthand": {
			"rotation": [-28, 0, 0],
			"translation": [-10.5, -12.75, -13.5],
			"scale": [0.74, 0.74, 0.74]
		},
		"ground": {
			"translation": [0, -0.5, 0],
			"scale": [0.32422, 0.32422, 0.32422]
		},
		"gui": {
			"rotation": [16, 45, 0],
			"translation": [0, -1, 0],
			"scale": [0.33, 0.33, 0.33]
		},
		"head": {
			"translation": [0, 0.75, 0]
		},
		"fixed": {
			"rotation": [-90, 0, 0],
			"translation": [0, 0, -15.75],
			"scale": [2, 2, 2]
		}
	}
}