{
	"credit": "Made by Poloskun_ http://www.youtube.com/c/Enchig",
	"ambientocclusion": false,
	"texture_size": [32, 32],
	"textures": {
		"0": "custom/halloween/pumpkin_bundle",
		"particle": "custom/halloween/pumpkin_bundle"
	},
	"elements": [
		{
			"from": [3.5, 0, 3.5],
			"to": [4.5, 7, 12.5],
			"faces": {
				"north": {"uv": [9.5, 4.5, 9, 8], "texture": "#0"},
				"east": {"uv": [0, 4.5, 4.5, 8], "texture": "#0"},
				"south": {"uv": [9.5, 4.5, 9, 8], "texture": "#0"},
				"west": {"uv": [9, 4.5, 13.5, 8], "texture": "#0"},
				"up": {"uv": [0, 0, 0.5, 4.5], "texture": "#0"},
				"down": {"uv": [0, 8.5, 0.5, 12.5], "texture": "#0"}
			}
		},
		{
			"from": [4.5, 0, 4.5],
			"to": [11.5, 3, 11.5],
			"faces": {
				"north": {"uv": [9.5, 4.5, 9, 8], "texture": "#0"},
				"east": {"uv": [0, 4.5, 4.5, 8], "texture": "#0"},
				"south": {"uv": [9.5, 4.5, 9, 8], "texture": "#0"},
				"west": {"uv": [9, 4.5, 13.5, 8], "texture": "#0"},
				"up": {"uv": [0.5, 0.5, 4, 4], "texture": "#0"},
				"down": {"uv": [0.5, 8.5, 4, 12], "texture": "#0"}
			}
		},
		{
			"from": [11.5, 0, 3.5],
			"to": [12.5, 7, 12.5],
			"faces": {
				"north": {"uv": [5, 4.5, 4.5, 8], "texture": "#0"},
				"east": {"uv": [0, 4.5, 4.5, 8], "texture": "#0"},
				"south": {"uv": [5, 4.5, 4.5, 8], "texture": "#0"},
				"west": {"uv": [0, 4.5, 4.5, 8], "texture": "#0"},
				"up": {"uv": [0, 0, 0.5, 4.5], "texture": "#0"},
				"down": {"uv": [4, 8, 4.5, 12.5], "texture": "#0"}
			}
		},
		{
			"from": [4.5, 0, 11.5],
			"to": [11.5, 7, 12.5],
			"faces": {
				"north": {"uv": [5, 4.5, 8.5, 8], "texture": "#0"},
				"east": {"uv": [5, 4.5, 4.5, 8], "texture": "#0"},
				"south": {"uv": [5, 4.5, 8.5, 8], "texture": "#0"},
				"west": {"uv": [5, 4.5, 4.5, 8], "texture": "#0"},
				"up": {"uv": [5, 4.5, 8.5, 5], "texture": "#0"},
				"down": {"uv": [4, 8.5, 4.5, 12], "rotation": 270, "texture": "#0"}
			}
		},
		{
			"from": [4.5, 0, 3.5],
			"to": [11.5, 7, 4.5],
			"faces": {
				"north": {"uv": [5, 4.5, 8.5, 8], "texture": "#0"},
				"east": {"uv": [5, 4.5, 4.5, 8], "texture": "#0"},
				"south": {"uv": [5, 4.5, 8.5, 8], "texture": "#0"},
				"west": {"uv": [5, 4.5, 4.5, 8], "texture": "#0"},
				"up": {"uv": [5, 4.5, 8.5, 5], "texture": "#0"},
				"down": {"uv": [4, 8.5, 4.5, 12], "rotation": 270, "texture": "#0"}
			}
		},
		{
			"from": [8, 5, 1.5],
			"to": [8, 14, 14.5],
			"faces": {
				"north": {"uv": [0, 0, 1, 1], "texture": "#missing"},
				"east": {"uv": [9.5, 11.5, 16, 16], "texture": "#0"},
				"south": {"uv": [0, 0, 1, 1], "texture": "#missing"},
				"west": {"uv": [9.5, 11.5, 16, 16], "texture": "#0"},
				"up": {"uv": [0, 0, 1, 1], "texture": "#missing"},
				"down": {"uv": [0, 0, 1, 1], "texture": "#missing"}
			}
		}
	],
	"display": {
		"thirdperson_righthand": {
			"rotation": [64, -107, 4],
			"translation": [0, -4, -3.5],
			"scale": [0.89, 0.89, 0.89]
		},
		"thirdperson_lefthand": {
			"rotation": [40, 90, 4],
			"translation": [-5.25, -1.75, -0.5],
			"scale": [0.96, 0.96, 0.96]
		},
		"firstperson_righthand": {
			"rotation": [-4, -89, -20],
			"translation": [3.5, 0.25, 0],
			"scale": [0.44, 0.44, 0.44]
		},
		"firstperson_lefthand": {
			"rotation": [-16, 91, 0],
			"translation": [-9.25, -0.25, 0],
			"scale": [0.74, 0.74, 0.8]
		},
		"ground": {
			"translation": [0, 3.75, 0],
			"scale": [0.44, 0.44, 0.44]
		},
		"gui": {
			"rotation": [29, 45, 0],
			"translation": [0, 1.5, 0],
			"scale": [0.89, 0.89, 0.89]
		},
		"head": {
			"rotation": [0, -90, 0],
			"translation": [0, 16, 0],
			"scale": [1.22, 1.22, 1.22]
		},
		"fixed": {
			"rotation": [-90, -90, 0],
			"translation": [0, 0, -15.75],
			"scale": [2, 2, 2]
		}
	}
}