{
	"credit": "Made by Poloskun_ http://www.youtube.com/c/Enchig",
	"texture_size": [32, 32],
	"textures": {
		"0": "custom/decorations/deer_head",
		"particle": "custom/decorations/deer_head"
	},
	"elements": [
		{
			"from": [1.5, 1, 0],
			"to": [14.5, 15, 1],
			"faces": {
				"north": {"uv": [0, 0, 6.5, 7], "texture": "#0"},
				"east": {"uv": [6, 0, 6.5, 7], "texture": "#0"},
				"south": {"uv": [0, 0, 6.5, 7], "texture": "#0"},
				"west": {"uv": [0, 0, 0.5, 7], "texture": "#0"},
				"up": {"uv": [0, 0, 6.5, 0.5], "texture": "#0"},
				"down": {"uv": [0, 6.5, 6.5, 7], "texture": "#0"}
			}
		},
		{
			"from": [4.5, 6, 1],
			"to": [11.5, 12, 8],
			"faces": {
				"east": {"uv": [10.5, 9, 14, 12], "texture": "#0"},
				"south": {"uv": [7, 9, 10.5, 12], "texture": "#0"},
				"west": {"uv": [14, 9, 10.5, 12], "texture": "#0"},
				"up": {"uv": [7, 5.5, 10.5, 9], "texture": "#0"},
				"down": {"uv": [7, 12, 10.5, 15.5], "texture": "#0"}
			}
		},
		{
			"from": [5.5, 2, 1],
			"to": [10.5, 6, 3],
			"faces": {
				"east": {"uv": [13, 10, 14, 12], "texture": "#0"},
				"south": {"uv": [7.5, 9, 10, 11], "texture": "#0"},
				"west": {"uv": [14, 10, 13, 12], "texture": "#0"},
				"down": {"uv": [7.5, 14.5, 10, 15.5], "texture": "#0"}
			}
		},
		{
			"from": [5.51, 3.5, -2.3],
			"to": [10.49, 9.5, 0.7],
			"rotation": {"angle": 45, "axis": "x", "origin": [0, 0, 0]},
			"faces": {
				"east": {"uv": [12.5, 9, 14, 12], "texture": "#0"},
				"south": {"uv": [7.5, 12.5, 10, 15.5], "texture": "#0"},
				"west": {"uv": [14, 9, 13, 11], "texture": "#0"},
				"down": {"uv": [7.5, 14.5, 10, 15.5], "texture": "#0"}
			}
		},
		{
			"from": [6.5, 11, 8],
			"to": [15.5, 21, 8],
			"rotation": {"angle": 22.5, "axis": "y", "origin": [0, 0, 0]},
			"faces": {
				"north": {"uv": [11.5, 0, 7, 5], "texture": "#0"},
				"east": {"uv": [10.5, 9, 14, 12], "texture": "#0"},
				"south": {"uv": [7, 0, 11.5, 5], "texture": "#0"},
				"west": {"uv": [14, 9, 10.5, 12], "texture": "#0"},
				"up": {"uv": [7, 5.5, 10.5, 9], "texture": "#0"},
				"down": {"uv": [7, 12, 10.5, 15.5], "texture": "#0"}
			}
		},
		{
			"from": [-0.5, 11, 2],
			"to": [8.5, 21, 2],
			"rotation": {"angle": -22.5, "axis": "y", "origin": [0, 0, 0]},
			"faces": {
				"north": {"uv": [7, 0, 11.5, 5], "texture": "#0"},
				"east": {"uv": [14, 9, 10.5, 12], "texture": "#0"},
				"south": {"uv": [11.5, 0, 7, 5], "texture": "#0"},
				"west": {"uv": [10.5, 9, 14, 12], "texture": "#0"},
				"up": {"uv": [7, 5.5, 10.5, 9], "rotation": 180, "texture": "#0"},
				"down": {"uv": [7, 12, 10.5, 15.5], "rotation": 180, "texture": "#0"}
			}
		},
		{
			"from": [5.5, 6, 8],
			"to": [10.5, 9, 12],
			"faces": {
				"north": {"uv": [0, 0, 3.5, 3], "texture": "#missing"},
				"east": {"uv": [2.5, 9, 4.5, 10.5], "texture": "#0"},
				"south": {"uv": [0, 9, 2.5, 10.5], "texture": "#0"},
				"west": {"uv": [4.5, 9, 2.5, 10.5], "texture": "#0"},
				"up": {"uv": [0, 7, 2.5, 9], "texture": "#0"},
				"down": {"uv": [0, 10.5, 2.5, 12.5], "texture": "#0"}
			}
		}
	],
	"display": {
		"thirdperson_righthand": {
			"rotation": [66, -132, 0],
			"translation": [0, 3.25, 0.25],
			"scale": [0.38, 0.38, 0.38]
		},
		"thirdperson_lefthand": {
			"rotation": [60, -180, 0],
			"translation": [-5.5, 3.25, -4.25],
			"scale": [0.76, 0.76, 0.76]
		},
		"firstperson_righthand": {
			"rotation": [-10, -66, 0],
			"translation": [0.25, 1.25, 0],
			"scale": [0.37, 0.37, 0.37]
		},
		"firstperson_lefthand": {
			"rotation": [6, -180, 0],
			"translation": [-9, -0.75, 0],
			"scale": [0.46, 0.46, 0.46]
		},
		"ground": {
			"translation": [0, 2.25, 0],
			"scale": [0.26, 0.26, 0.26]
		},
		"gui": {
			"rotation": [26, 45, 0],
			"translation": [2.25, -2.75, 0],
			"scale": [0.66, 0.66, 0.66]
		},
		"head": {
			"rotation": [0, -180, 0],
			"translation": [0, -0.25, -16],
			"scale": [1.18, 1.18, 1.18]
		},
		"fixed": {
			"rotation": [-180, 0, -180],
			"translation": [0, 0, -15.75],
			"scale": [2, 2, 2]
		}
	}
}