{
	"credit": "Made by Poloskun_ http://www.youtube.com/c/Enchig",
	"texture_size": [64, 64],
	"textures": {
		"0": "custom/decor/books",
		"particle": "custom/decor/books"
	},
	"elements": [
		{
			"from": [11, 0, 3],
			"to": [11, 2, 13],
			"rotation": {"angle": 0, "axis": "y", "origin": [7, 8, 7]},
			"faces": {
				"east": {"uv": [4.5, 0.25, 4, 2.75], "rotation": 270, "texture": "#0"},
				"south": {"uv": [0, 0, 0, 0.125], "texture": "#missing"},
				"west": {"uv": [4, 0.25, 4.5, 2.75], "rotation": 90, "texture": "#0"},
				"up": {"uv": [0, 0, 0, 0.625], "texture": "#missing"},
				"down": {"uv": [0, 0, 0, 0.625], "texture": "#missing"}
			}
		},
		{
			"from": [5, 0, 3],
			"to": [11, 0, 13],
			"rotation": {"angle": 0, "axis": "y", "origin": [7, 8, 7]},
			"faces": {
				"east": {"uv": [0, 0, 0.625, 0], "texture": "#missing"},
				"south": {"uv": [0, 0, 0.375, 0], "texture": "#missing"},
				"west": {"uv": [0, 0, 0.625, 0], "texture": "#missing"},
				"up": {"uv": [4, 0.25, 2.5, 2.75], "rotation": 180, "texture": "#0"},
				"down": {"uv": [2.5, 0.25, 4, 2.75], "texture": "#0"}
			}
		},
		{
			"from": [5, 2, 3],
			"to": [11, 2, 13],
			"rotation": {"angle": 0, "axis": "y", "origin": [7, 8, 7]},
			"faces": {
				"east": {"uv": [0, 0, 0.625, 0], "texture": "#missing"},
				"south": {"uv": [0, 0, 0.375, 0], "texture": "#missing"},
				"west": {"uv": [0, 0, 0.625, 0], "texture": "#missing"},
				"up": {"uv": [4, 0.25, 2.5, 2.75], "rotation": 180, "texture": "#0"},
				"down": {"uv": [2.5, 0.25, 4, 2.75], "texture": "#0"}
			}
		},
		{
			"from": [5.99, 0.01, 4],
			"to": [10.99, 1.99, 12],
			"faces": {
				"north": {"uv": [0.5, 11, 1.75, 11.5], "texture": "#0"},
				"east": {"uv": [0.25, 11.25, 0.75, 13.25], "rotation": 90, "texture": "#0"},
				"south": {"uv": [0.5, 11, 1.75, 11.5], "texture": "#0"},
				"west": {"uv": [0.25, 11.25, 0.75, 13.25], "rotation": 90, "texture": "#0"},
				"up": {"uv": [0.5, 11.25, 1.75, 13.25], "texture": "#0"},
				"down": {"uv": [2, 11.25, 3.25, 13.25], "texture": "#0"}
			}
		}
	],
	"display": {
		"thirdperson_righthand": {
			"rotation": [84, -180, 90],
			"translation": [6.25, -1.75, -1],
			"scale": [0.91, 0.91, 0.91]
		},
		"thirdperson_lefthand": {
			"rotation": [84, -180, 90],
			"translation": [4.25, -2, 5.5],
			"scale": [0.91, 0.91, 0.91]
		},
		"firstperson_righthand": {
			"rotation": [-125, 23, -98],
			"translation": [23.75, -9.75, -10.75],
			"scale": [1.02, 1.02, 1.02]
		},
		"firstperson_lefthand": {
			"translation": [0, 0, 80]
		},
		"ground": {
			"translation": [0, 7.5, 0]
		},
		"gui": {
			"rotation": [114, -180, 153],
			"translation": [4.25, 3, 0],
			"scale": [1.24, 1.24, 1.24]
		},
		"fixed": {
			"rotation": [-90, 0, 0],
			"translation": [0, 0, -16.05],
			"scale": [2, 2, 2]
		}
	},
	"groups": [
		{
			"name": "group",
			"origin": [8, 8, 8],
			"color": 0,
			"children": [0, 1, 2, 3]
		}
	]
}