{
	"credit": "Made by Poloskun_ http://www.youtube.com/c/Enchig",
	"parent": "item/generated",
	"textures": {
		"layer1": "custom/halloween/candy_1"
	},
	"gui_light": "front",
	"display": {
		"thirdperson_righthand": {
			"rotation": [-2, 0, -45],
			"translation": [0, 1, 0.75],
			"scale": [0.79, 0.79, 0.79]
		},
		"thirdperson_lefthand": {
			"rotation": [-2, 0, 45],
			"translation": [0, 1, 0.75],
			"scale": [0.79, 0.79, 0.79]
		},
		"firstperson_righthand": {
			"rotation": [-9, -66, 0],
			"translation": [2, 1.75, 0],
			"scale": [0.62, 0.62, 0.62]
		},
		"firstperson_lefthand": {
			"rotation": [-9, 133, 0],
			"translation": [2, 1.75, 0],
			"scale": [0.62, 0.62, 0.62]
		},
		"ground": {
			"translation": [0, 5, 0],
			"scale": [0.66, 0.66, 0.66]
		},
		"gui": {
			"scale": [1.43, 1.43, 1.43]
		},
		"head": {
			"rotation": [0, 0, -45],
			"translation": [0.25, 8, -6.75],
			"scale": [1.34, 1.34, 1.34]
		},
		"fixed": {
			"scale": [1.65, 1.65, 1.65]
		}
	}
}