{
	"credit": "Made by Poloskun_ http://www.youtube.com/c/Enchig",
	"parent": "item/generated",
	"textures": {
		"layer1": "custom/halloween/candy_3"
	},
	"gui_light": "front",
	"display": {
		"thirdperson_righthand": {
			"rotation": [0, 0, 45],
			"translation": [0, 3.25, 1],
			"scale": [0.6, 0.6, 0.6]
		},
		"thirdperson_lefthand": {
			"rotation": [0, 0, -45],
			"translation": [0, 3.25, 1],
			"scale": [0.6, 0.6, 0.6]
		},
		"firstperson_righthand": {
			"rotation": [2, 133, 65],
			"translation": [2, 1.75, 0],
			"scale": [0.46, 0.46, 0.46]
		},
		"firstperson_lefthand": {
			"rotation": [-44, 133, 0],
			"translation": [2, 1.75, 0],
			"scale": [0.46, 0.46, 0.46]
		},
		"ground": {
			"translation": [0, 2.5, 0],
			"scale": [0.41, 0.41, 0.41]
		},
		"gui": {
			"translation": [0, -0.5, 0],
			"scale": [0.94, 0.94, 0.94]
		},
		"head": {
			"rotation": [0, 0, 45],
			"translation": [0.25, 15.5, 0],
			"scale": [1.34, 1.34, 1.34]
		},
		"fixed": {
			"scale": [1.07, 1.07, 1.07]
		}
	}
}