{
	"credit": "Made by Poloskun_ http://www.youtube.com/c/Enchig",
	"parent": "item/generated",
	"textures": {
		"layer1": "custom/halloween/candy_2"
	},
	"gui_light": "front",
	"display": {
		"thirdperson_righthand": {
			"translation": [0, 1.75, 1],
			"scale": [0.47, 0.47, 0.47]
		},
		"thirdperson_lefthand": {
			"translation": [0, 1.75, 1],
			"scale": [0.47, 0.47, 0.47]
		},
		"firstperson_righthand": {
			"rotation": [-9, -66, 0],
			"translation": [3.25, 1.75, 0],
			"scale": [0.39, 0.39, 0.39]
		},
		"firstperson_lefthand": {
			"rotation": [-9, -66, 0],
			"translation": [3.25, 1.75, 0],
			"scale": [0.39, 0.39, 0.39]
		},
		"ground": {
			"translation": [-0.5, 3.25, 0],
			"scale": [0.41, 0.41, 0.41]
		},
		"gui": {
			"translation": [0, -0.5, 0]
		},
		"head": {
			"translation": [-0.25, 10.5, -6.75],
			"scale": [1.34, 1.34, 1.34]
		},
		"fixed": {
			"scale": [1.02, 1.02, 1.02]
		}
	}
}