{
	"credit": "Made by Poloskun_ http://www.youtube.com/c/Enchig",
	"textures": {
		"0": "custom/halloween/bone_hand",
		"1": "block/dirt",
		"particle": "custom/halloween/bone_hand"
	},
	"elements": [
		{
			"from": [8.75, 0, 7.15],
			"to": [11.75, 8, 10.15],
			"rotation": {"angle": 22.5, "axis": "y", "origin": [10.5, 1, 7.9]},
			"faces": {
				"north": {"uv": [0, 0, 1.5, 4], "texture": "#0"},
				"east": {"uv": [0, 0, 1.5, 4], "texture": "#0"},
				"south": {"uv": [0, 0, 1.5, 4], "texture": "#0"},
				"west": {"uv": [0, 0, 1.5, 4], "texture": "#0"},
				"up": {"uv": [0, 4, 1.5, 5.5], "texture": "#0"},
				"down": {"uv": [0, 4, 1.5, 5.5], "texture": "#0"}
			}
		},
		{
			"from": [9.75, 0.75, 9.9],
			"to": [12.75, 3.75, 12.9],
			"rotation": {"angle": 22.5, "axis": "x", "origin": [10.5, 1, 7.9]},
			"faces": {
				"north": {"uv": [9, 4, 12, 7], "rotation": 180, "texture": "#1"},
				"east": {"uv": [3, 0, 6, 3], "rotation": 90, "texture": "#1"},
				"south": {"uv": [5, 11, 8, 14], "texture": "#1"},
				"west": {"uv": [0, 3, 3, 6], "rotation": 270, "texture": "#1"},
				"up": {"uv": [0, 0, 3, 3], "texture": "#1"},
				"down": {"uv": [3, 3, 6, 6], "rotation": 180, "texture": "#1"}
			}
		},
		{
			"from": [5.75, 0, 10.9],
			"to": [7.75, 2, 12.9],
			"rotation": {"angle": 22.5, "axis": "x", "origin": [10.5, 1, 7.9]},
			"faces": {
				"north": {"uv": [0, 0, 2, 2], "texture": "#1"},
				"east": {"uv": [0, 0, 2, 2], "texture": "#1"},
				"south": {"uv": [0, 0, 2, 2], "texture": "#1"},
				"west": {"uv": [0, 0, 2, 2], "texture": "#1"},
				"up": {"uv": [0, 0, 2, 2], "texture": "#1"},
				"down": {"uv": [0, 0, 2, 2], "texture": "#1"}
			}
		},
		{
			"from": [1, -3, 1.9],
			"to": [3, -1, 3.9],
			"rotation": {"angle": 22.5, "axis": "x", "origin": [10.5, 1, 7.9]},
			"faces": {
				"north": {"uv": [0, 0, 2, 2], "texture": "#1"},
				"east": {"uv": [0, 0, 2, 2], "texture": "#1"},
				"south": {"uv": [0, 0, 2, 2], "texture": "#1"},
				"west": {"uv": [0, 0, 2, 2], "texture": "#1"},
				"up": {"uv": [0, 0, 2, 2], "texture": "#1"},
				"down": {"uv": [0, 0, 2, 2], "texture": "#1"}
			}
		},
		{
			"from": [17, -1.25, 6.9],
			"to": [19, 0.75, 8.9],
			"rotation": {"angle": -45, "axis": "y", "origin": [10.5, 1, 7.9]},
			"faces": {
				"north": {"uv": [0, 0, 2, 2], "texture": "#1"},
				"east": {"uv": [0, 0, 2, 2], "texture": "#1"},
				"south": {"uv": [0, 0, 2, 2], "texture": "#1"},
				"west": {"uv": [0, 0, 2, 2], "texture": "#1"},
				"up": {"uv": [0, 0, 2, 2], "texture": "#1"},
				"down": {"uv": [0, 0, 2, 2], "texture": "#1"}
			}
		},
		{
			"from": [8.25, 0, 8.9],
			"to": [10.25, 2, 10.9],
			"rotation": {"angle": 22.5, "axis": "z", "origin": [10.5, 1, 7.9]},
			"faces": {
				"north": {"uv": [0, 0, 2, 2], "texture": "#1"},
				"east": {"uv": [0, 0, 2, 2], "texture": "#1"},
				"south": {"uv": [0, 0, 2, 2], "texture": "#1"},
				"west": {"uv": [0, 0, 2, 2], "texture": "#1"},
				"up": {"uv": [0, 0, 2, 2], "texture": "#1"},
				"down": {"uv": [0, 0, 2, 2], "texture": "#1"}
			}
		},
		{
			"from": [6.75, -1.5, 7.65],
			"to": [8.75, 0.5, 9.65],
			"rotation": {"angle": 45, "axis": "x", "origin": [10.5, 1, 7.9]},
			"faces": {
				"north": {"uv": [0, 0, 2, 2], "rotation": 180, "texture": "#1"},
				"east": {"uv": [0, 0, 2, 2], "rotation": 90, "texture": "#1"},
				"south": {"uv": [0, 0, 2, 2], "texture": "#1"},
				"west": {"uv": [0, 0, 2, 2], "rotation": 270, "texture": "#1"},
				"up": {"uv": [0, 0, 2, 2], "texture": "#1"},
				"down": {"uv": [0, 0, 2, 2], "rotation": 180, "texture": "#1"}
			}
		},
		{
			"from": [4.25, 1.5, 4.9],
			"to": [6.25, 3.5, 6.9],
			"rotation": {"angle": 22.5, "axis": "z", "origin": [10.5, 1, 7.9]},
			"faces": {
				"north": {"uv": [0, 0, 2, 2], "texture": "#1"},
				"east": {"uv": [0, 0, 2, 2], "texture": "#1"},
				"south": {"uv": [0, 0, 2, 2], "texture": "#1"},
				"west": {"uv": [0, 0, 2, 2], "texture": "#1"},
				"up": {"uv": [0, 0, 2, 2], "texture": "#1"},
				"down": {"uv": [0, 0, 2, 2], "texture": "#1"}
			}
		},
		{
			"from": [4.75, -1.75, 8.15],
			"to": [7.75, 1.25, 11.15],
			"rotation": {"angle": 22.5, "axis": "x", "origin": [10.5, 1, 7.9]},
			"faces": {
				"north": {"uv": [9, 4, 12, 7], "rotation": 180, "texture": "#1"},
				"east": {"uv": [3, 0, 6, 3], "rotation": 90, "texture": "#1"},
				"south": {"uv": [5, 11, 8, 14], "texture": "#1"},
				"west": {"uv": [0, 3, 3, 6], "rotation": 270, "texture": "#1"},
				"up": {"uv": [0, 0, 3, 3], "texture": "#1"},
				"down": {"uv": [3, 3, 6, 6], "rotation": 180, "texture": "#1"}
			}
		},
		{
			"from": [9.75, -1.75, 5.65],
			"to": [12.75, 1.25, 8.65],
			"rotation": {"angle": -22.5, "axis": "x", "origin": [10.5, 1, 7.9]},
			"faces": {
				"north": {"uv": [9, 4, 12, 7], "rotation": 180, "texture": "#1"},
				"east": {"uv": [3, 0, 6, 3], "rotation": 90, "texture": "#1"},
				"south": {"uv": [5, 11, 8, 14], "texture": "#1"},
				"west": {"uv": [0, 3, 3, 6], "rotation": 270, "texture": "#1"},
				"up": {"uv": [0, 0, 3, 3], "texture": "#1"},
				"down": {"uv": [3, 3, 6, 6], "rotation": 180, "texture": "#1"}
			}
		},
		{
			"from": [5.75, -1, 4.65],
			"to": [8.75, 2, 7.65],
			"rotation": {"angle": -22.5, "axis": "x", "origin": [10.5, 1, 7.9]},
			"faces": {
				"north": {"uv": [8, 6, 11, 9], "rotation": 180, "texture": "#1"},
				"east": {"uv": [4, 9, 7, 12], "rotation": 90, "texture": "#1"},
				"south": {"uv": [5, 11, 8, 14], "texture": "#1"},
				"west": {"uv": [0, 3, 3, 6], "rotation": 270, "texture": "#1"},
				"up": {"uv": [6, 5, 9, 8], "texture": "#1"},
				"down": {"uv": [3, 3, 6, 6], "rotation": 180, "texture": "#1"}
			}
		},
		{
			"from": [2.25, 1.25, 6.65],
			"to": [5.25, 4.25, 9.65],
			"rotation": {"angle": 22.5, "axis": "z", "origin": [10.5, 1, 7.9]},
			"faces": {
				"north": {"uv": [3, 3, 6, 6], "rotation": 270, "texture": "#1"},
				"east": {"uv": [9, 4, 12, 7], "rotation": 90, "texture": "#1"},
				"south": {"uv": [0, 0, 3, 3], "rotation": 90, "texture": "#1"},
				"west": {"uv": [5, 11, 8, 14], "rotation": 90, "texture": "#1"},
				"up": {"uv": [0, 3, 3, 6], "rotation": 90, "texture": "#1"},
				"down": {"uv": [3, 0, 6, 3], "rotation": 90, "texture": "#1"}
			}
		},
		{
			"from": [7.5, -2.75, 5.4],
			"to": [10.5, 0.25, 8.4],
			"rotation": {"angle": -22.5, "axis": "y", "origin": [10.5, 1, 7.9]},
			"faces": {
				"north": {"uv": [3, 3, 6, 6], "rotation": 270, "texture": "#1"},
				"east": {"uv": [9, 4, 12, 7], "rotation": 90, "texture": "#1"},
				"south": {"uv": [0, 0, 3, 3], "rotation": 90, "texture": "#1"},
				"west": {"uv": [5, 11, 8, 14], "rotation": 90, "texture": "#1"},
				"up": {"uv": [0, 3, 3, 6], "rotation": 90, "texture": "#1"},
				"down": {"uv": [3, 0, 6, 3], "rotation": 90, "texture": "#1"}
			}
		},
		{
			"from": [2, 7, 2.5],
			"to": [14, 11, 13.5],
			"rotation": {"angle": 0, "axis": "y", "origin": [10.5, -1, 9.15]},
			"faces": {
				"north": {"uv": [9.5, 8.5, 16, 6.5], "texture": "#0"},
				"east": {"uv": [7.5, 8.5, 9.5, 14], "rotation": 90, "texture": "#0"},
				"south": {"uv": [9.5, 14, 16, 16], "texture": "#0"},
				"west": {"uv": [7.5, 8.5, 9.5, 14], "rotation": 270, "texture": "#0"},
				"up": {"uv": [9.5, 8.5, 16, 14], "texture": "#0"},
				"down": {"uv": [9.5, 14, 16, 8.5], "texture": "#0"}
			}
		},
		{
			"from": [18.5, 2.5, 7.5],
			"to": [29.5, 5.5, 10.5],
			"rotation": {"angle": 45, "axis": "z", "origin": [10.5, -1, 9.15]},
			"faces": {
				"north": {"uv": [2, 0, 3.5, 5.5], "rotation": 90, "texture": "#0"},
				"east": {"uv": [2, 5.5, 3.5, 7], "texture": "#0"},
				"south": {"uv": [2, 0, 3.5, 5.5], "rotation": 90, "texture": "#0"},
				"west": {"uv": [2, 5.5, 3.5, 7], "texture": "#0"},
				"up": {"uv": [2, 0, 3.5, 5.5], "rotation": 90, "texture": "#0"},
				"down": {"uv": [2, 0, 3.5, 5.5], "rotation": 90, "texture": "#0"}
			}
		},
		{
			"from": [1.15, 7.75, 2.51],
			"to": [3.65, 20.75, 5.01],
			"rotation": {"angle": 22.5, "axis": "z", "origin": [2.75, 12.5, 0.15]},
			"faces": {
				"north": {"uv": [4, 0, 5, 6], "rotation": 180, "texture": "#0"},
				"east": {"uv": [5, 0, 4, 6], "rotation": 180, "texture": "#0"},
				"south": {"uv": [4, 0, 5, 6], "rotation": 180, "texture": "#0"},
				"west": {"uv": [5, 0, 4, 6], "rotation": 180, "texture": "#0"},
				"up": {"uv": [4, 0, 5, 1], "rotation": 180, "texture": "#0"},
				"down": {"uv": [4, 0, 5, 1], "rotation": 180, "texture": "#0"}
			}
		},
		{
			"from": [11.15, 13.25, 2.51],
			"to": [13.65, 26.25, 5.01],
			"rotation": {"angle": -22.5, "axis": "z", "origin": [2.75, 12.5, 0.15]},
			"faces": {
				"north": {"uv": [4, 0, 5, 6], "rotation": 180, "texture": "#0"},
				"east": {"uv": [5, 0, 4, 6], "rotation": 180, "texture": "#0"},
				"south": {"uv": [4, 0, 5, 6], "rotation": 180, "texture": "#0"},
				"west": {"uv": [5, 0, 4, 6], "rotation": 180, "texture": "#0"},
				"up": {"uv": [4, 0, 5, 1], "rotation": 270, "texture": "#0"},
				"down": {"uv": [4, 0, 5, 1], "rotation": 270, "texture": "#0"}
			}
		},
		{
			"from": [8.4, 9.25, 1.25],
			"to": [10.9, 23.25, 3.75],
			"rotation": {"angle": -22.5, "axis": "x", "origin": [2.75, 12.5, 0.15]},
			"faces": {
				"north": {"uv": [5.5, 0, 6.5, 6.5], "rotation": 180, "texture": "#0"},
				"east": {"uv": [6.5, 0, 5.5, 6.5], "rotation": 180, "texture": "#0"},
				"south": {"uv": [5.5, 0, 6.5, 6.5], "rotation": 180, "texture": "#0"},
				"west": {"uv": [6.5, 0, 5.5, 6.5], "rotation": 180, "texture": "#0"},
				"up": {"uv": [5.5, 0, 6.5, 1], "rotation": 180, "texture": "#0"},
				"down": {"uv": [0, 0, 1, 1], "rotation": 270, "texture": "#missing"}
			}
		},
		{
			"from": [4.65, 8.5, 1.25],
			"to": [7.15, 22.5, 3.75],
			"rotation": {"angle": -22.5, "axis": "x", "origin": [2.75, 12.5, 0.15]},
			"faces": {
				"north": {"uv": [6.5, 0, 5.5, 6.5], "rotation": 180, "texture": "#0"},
				"east": {"uv": [5.5, 0, 6.5, 6.5], "rotation": 180, "texture": "#0"},
				"south": {"uv": [6.5, 0, 5.5, 6.5], "rotation": 180, "texture": "#0"},
				"west": {"uv": [5.5, 0, 6.5, 6.5], "rotation": 180, "texture": "#0"},
				"up": {"uv": [5.5, 0, 6.5, 1], "rotation": 180, "texture": "#0"},
				"down": {"uv": [5.5, 0, 6.5, 1], "rotation": 180, "texture": "#0"}
			}
		},
		{
			"from": [4.5, 0, 5.9],
			"to": [7.5, 8, 8.9],
			"rotation": {"angle": -22.5, "axis": "y", "origin": [5.5, 1, 6.9]},
			"faces": {
				"north": {"uv": [0, 0, 1.5, 4], "texture": "#0"},
				"east": {"uv": [0, 0, 1.5, 4], "texture": "#0"},
				"south": {"uv": [0, 0, 1.5, 4], "texture": "#0"},
				"west": {"uv": [0, 0, 1.5, 4], "texture": "#0"},
				"up": {"uv": [0, 4, 1.5, 5.5], "texture": "#0"},
				"down": {"uv": [0, 4, 1.5, 5.5], "texture": "#0"}
			}
		}
	],
	"display": {
		"thirdperson_righthand": {
			"rotation": [66, -144, 0],
			"translation": [0, 3.25, 0.25],
			"scale": [0.38, 0.38, 0.38]
		},
		"thirdperson_lefthand": {
			"rotation": [-77, -180, 0],
			"translation": [0, -1, -1.25],
			"scale": [0.49, 0.49, 0.49]
		},
		"firstperson_righthand": {
			"rotation": [-10, -66, 0],
			"translation": [0.25, 1.25, 0],
			"scale": [0.37, 0.37, 0.37]
		},
		"firstperson_lefthand": {
			"rotation": [-78, -180, 0],
			"translation": [3.25, 0, 0],
			"scale": [0.37, 0.37, 0.37]
		},
		"ground": {
			"translation": [0, 2.25, 0],
			"scale": [0.26, 0.26, 0.26]
		},
		"gui": {
			"rotation": [29, 45, 0],
			"translation": [0, -2.5, 0],
			"scale": [0.55, 0.55, 0.55]
		},
		"head": {
			"rotation": [0, -180, 0],
			"translation": [0, 14.25, 0]
		},
		"fixed": {
			"rotation": [-90, -180, 0],
			"translation": [0, 0, -15.75],
			"scale": [2, 2, 2]
		}
	}
}