{
	"credit": "Made by Poloskun_ http://www.youtube.com/c/Enchig",
	"textures": {
		"0": "./neader_mask",
		"particle": "./neader_mask"
	},
	"elements": [
		{
			"from": [0, 3, 3],
			"to": [8, 6, 3],
			"rotation": {"angle": 45, "axis": "y", "origin": [8, 8, 8]},
			"faces": {
				"north": {"uv": [5, 12, 6.5, 16], "rotation": 90, "texture": "#0", "tintindex": 0},
				"south": {"uv": [5, 12, 6.5, 16], "rotation": 270, "texture": "#0", "tintindex": 0}
			}
		},
		{
			"from": [0, 4, 5.5],
			"to": [8, 7, 5.5],
			"rotation": {"angle": -22.5, "axis": "z", "origin": [8, 8, 8]},
			"faces": {
				"north": {"uv": [5, 12, 6.5, 16], "rotation": 90, "texture": "#0", "tintindex": 0},
				"south": {"uv": [5, 12, 6.5, 16], "rotation": 270, "texture": "#0", "tintindex": 0}
			}
		},
		{
			"from": [8, 3, 3],
			"to": [16, 6, 3],
			"rotation": {"angle": -45, "axis": "y", "origin": [8, 8, 8]},
			"faces": {
				"north": {"uv": [5, 12, 6.5, 16], "rotation": 270, "texture": "#0", "tintindex": 0},
				"south": {"uv": [5, 12, 6.5, 16], "rotation": 90, "texture": "#0", "tintindex": 0}
			}
		},
		{
			"from": [8, 4, 5.5],
			"to": [16, 7, 5.5],
			"rotation": {"angle": 22.5, "axis": "z", "origin": [8, 8, 8]},
			"faces": {
				"north": {"uv": [5, 12, 6.5, 16], "rotation": 270, "texture": "#0", "tintindex": 0},
				"south": {"uv": [5, 12, 6.5, 16], "rotation": 90, "texture": "#0", "tintindex": 0}
			}
		},
		{
			"from": [3.8, -0.2, 2.8],
			"to": [12.2, 10.2, 5.2],
			"faces": {
				"north": {"uv": [0, 8.5, 4, 13.5], "texture": "#0", "tintindex": 0},
				"east": {"uv": [5, 8.5, 4, 13.5], "texture": "#0", "tintindex": 0},
				"west": {"uv": [4, 8.5, 5, 13.5], "texture": "#0", "tintindex": 0}
			}
		},
		{
			"from": [4, 0, 3],
			"to": [12, 10, 5],
			"faces": {
				"north": {"uv": [5, 1, 9, 6], "texture": "#0"},
				"east": {"uv": [5, 1, 4, 6], "texture": "#0"},
				"south": {"uv": [5, 1, 9, 6], "texture": "#0"},
				"west": {"uv": [4, 1, 5, 6], "texture": "#0"},
				"up": {"uv": [4, 1, 0, 0], "texture": "#0"},
				"down": {"uv": [0, 6, 4, 7], "rotation": 180, "texture": "#0"}
			}
		},
		{
			"from": [4, 5, 5],
			"to": [12, 7, 12],
			"faces": {
				"east": {"uv": [4, 7, 0.5, 8], "texture": "#0"},
				"south": {"uv": [4, 7, 8, 8], "texture": "#0"},
				"west": {"uv": [0.5, 7, 4, 8], "texture": "#0"}
			}
		},
		{
			"from": [12, 7, 12],
			"to": [4, 5, 5],
			"faces": {
				"north": {"uv": [4, 7, 8, 8], "rotation": 180, "texture": "#0"},
				"east": {"uv": [4, 7, 0.5, 8], "rotation": 180, "texture": "#0"},
				"west": {"uv": [0.5, 7, 4, 8], "rotation": 180, "texture": "#0"}
			}
		}
	],
	"display": {
		"thirdperson_righthand": {
			"rotation": [43, 0, 0],
			"translation": [0, 0, 1.5],
			"scale": [0.6, 0.6, 0.6]
		},
		"thirdperson_lefthand": {
			"rotation": [43, 0, 0],
			"translation": [0, 0, 1.5],
			"scale": [0.6, 0.6, 0.6]
		},
		"firstperson_righthand": {
			"rotation": [0, -3, 0],
			"translation": [14.5, -3.5, -9.25]
		},
		"firstperson_lefthand": {
			"rotation": [0, -3, 0],
			"translation": [14.5, -3.5, -9.25]
		},
		"ground": {
			"translation": [0, 4.75, 0],
			"scale": [0.34, 0.34, 0.34]
		},
		"gui": {
			"rotation": [34, 136, 0],
			"translation": [0.25, 3.75, 0],
			"scale": [1.01, 1.01, 1.01]
		},
		"head": {
			"translation": [0, 6.25, 0],
			"scale": [1.85, 1.85, 1.85]
		},
		"fixed": {
			"rotation": [-54, 0, 0],
			"translation": [0, 4.25, -6.5],
			"scale": [2, 2, 2]
		}
	},
	"groups": [
		{
			"name": "group",
			"origin": [8, 8, 8],
			"color": 0,
			"children": [0, 1, 2, 3, 4]
		},
		{
			"name": "group",
			"origin": [8, 8, 8],
			"color": 0,
			"children": [5, 6, 7]
		}
	]
}