{
    "overrides":[
        {"model":"custom/furniture/chairs/small_chair/acacia","predicate":{"custom_model_data":1000}},
        {"model":"custom/furniture/chairs/small_chair/birch","predicate":{"custom_model_data":1001}},
        {"model":"custom/furniture/chairs/small_chair/crimson","predicate":{"custom_model_data":1002}},
        {"model":"custom/furniture/chairs/small_chair/dark_oak","predicate":{"custom_model_data":1003}},
        {"model":"custom/furniture/chairs/small_chair/jungle","predicate":{"custom_model_data":1004}},
        {"model":"custom/furniture/chairs/small_chair/oak","predicate":{"custom_model_data":1005}},
        {"model":"custom/furniture/chairs/small_chair/spruce","predicate":{"custom_model_data":1006}},
        {"model":"custom/furniture/chairs/small_chair/warped","predicate":{"custom_model_data":1007}},

        {"model":"custom/furniture/chairs/big_chair/acacia","predicate":{"custom_model_data":1008}},
        {"model":"custom/furniture/chairs/big_chair/birch","predicate":{"custom_model_data":1009}},
        {"model":"custom/furniture/chairs/big_chair/crimson","predicate":{"custom_model_data":1010}},
        {"model":"custom/furniture/chairs/big_chair/dark_oak","predicate":{"custom_model_data":1011}},
        {"model":"custom/furniture/chairs/big_chair/jungle","predicate":{"custom_model_data":1012}},
        {"model":"custom/furniture/chairs/big_chair/oak","predicate":{"custom_model_data":1013}},
        {"model":"custom/furniture/chairs/big_chair/spruce","predicate":{"custom_model_data":1014}},
        {"model":"custom/furniture/chairs/big_chair/warped","predicate":{"custom_model_data":1015}},

        {"model":"custom/furniture/chairs/cool_armchair/default","predicate":{"custom_model_data":1016}},
        {"model":"custom/furniture/chairs/cool_armchair/left","predicate":{"custom_model_data":1017}},
        {"model":"custom/furniture/chairs/cool_armchair/middle","predicate":{"custom_model_data":1018}},
        {"model":"custom/furniture/chairs/cool_armchair/right","predicate":{"custom_model_data":1019}},

        {"model":"custom/furniture/chairs/small_armchair/acacia","predicate":{"custom_model_data":1020}},
        {"model":"custom/furniture/chairs/small_armchair/birch","predicate":{"custom_model_data":1021}},
        {"model":"custom/furniture/chairs/small_armchair/crimson","predicate":{"custom_model_data":1022}},
        {"model":"custom/furniture/chairs/small_armchair/dark_oak","predicate":{"custom_model_data":1023}},
        {"model":"custom/furniture/chairs/small_armchair/jungle","predicate":{"custom_model_data":1024}},
        {"model":"custom/furniture/chairs/small_armchair/oak","predicate":{"custom_model_data":1025}},
        {"model":"custom/furniture/chairs/small_armchair/spruce","predicate":{"custom_model_data":1026}},
        {"model":"custom/furniture/chairs/small_armchair/warped","predicate":{"custom_model_data":1027}},

        {"model":"custom/furniture/chairs/big_armchair/acacia","predicate":{"custom_model_data":1028}},
        {"model":"custom/furniture/chairs/big_armchair/birch","predicate":{"custom_model_data":1029}},
        {"model":"custom/furniture/chairs/big_armchair/crimson","predicate":{"custom_model_data":1030}},
        {"model":"custom/furniture/chairs/big_armchair/dark_oak","predicate":{"custom_model_data":1031}},
        {"model":"custom/furniture/chairs/big_armchair/jungle","predicate":{"custom_model_data":1032}},
        {"model":"custom/furniture/chairs/big_armchair/oak","predicate":{"custom_model_data":1033}},
        {"model":"custom/furniture/chairs/big_armchair/spruce","predicate":{"custom_model_data":1034}},
        {"model":"custom/furniture/chairs/big_armchair/warped","predicate":{"custom_model_data":1035}},

        {"model":"custom/furniture/chairs/bar_chair","predicate":{"custom_model_data":1036}},

        {"model":"custom/furniture/chairs/cool_chair","predicate":{"custom_model_data":1037}},

        {"model":"custom/furniture/chairs/rocking_chair/acacia","predicate":{"custom_model_data":1038}},
        {"model":"custom/furniture/chairs/rocking_chair/acacia_paintable","predicate":{"custom_model_data":1039}},
        {"model":"custom/furniture/chairs/rocking_chair/birch","predicate":{"custom_model_data":1040}},
        {"model":"custom/furniture/chairs/rocking_chair/birch_paintable","predicate":{"custom_model_data":1041}},
        {"model":"custom/furniture/chairs/rocking_chair/crimson","predicate":{"custom_model_data":1042}},
        {"model":"custom/furniture/chairs/rocking_chair/crimson_paintable","predicate":{"custom_model_data":1043}},
        {"model":"custom/furniture/chairs/rocking_chair/dark_oak","predicate":{"custom_model_data":1044}},
        {"model":"custom/furniture/chairs/rocking_chair/dark_oak_paintable","predicate":{"custom_model_data":1045}},
        {"model":"custom/furniture/chairs/rocking_chair/jungle","predicate":{"custom_model_data":1046}},
        {"model":"custom/furniture/chairs/rocking_chair/jungle_paintable","predicate":{"custom_model_data":1047}},
        {"model":"custom/furniture/chairs/rocking_chair/oak","predicate":{"custom_model_data":1048}},
        {"model":"custom/furniture/chairs/rocking_chair/oak_paintable","predicate":{"custom_model_data":1049}},
        {"model":"custom/furniture/chairs/rocking_chair/spruce","predicate":{"custom_model_data":1050}},
        {"model":"custom/furniture/chairs/rocking_chair/spruce_paintable","predicate":{"custom_model_data":1051}},
        {"model":"custom/furniture/chairs/rocking_chair/warped","predicate":{"custom_model_data":1052}},
        {"model":"custom/furniture/chairs/rocking_chair/warped_paintable","predicate":{"custom_model_data":1053}},

        {"model":"custom/furniture/tables/big/acacia","predicate":{"custom_model_data":1054}},
        {"model":"custom/furniture/tables/big/acacia_paintable","predicate":{"custom_model_data":1055}},
        {"model":"custom/furniture/tables/big/birch","predicate":{"custom_model_data":1056}},
        {"model":"custom/furniture/tables/big/birch_paintable","predicate":{"custom_model_data":1057}},
        {"model":"custom/furniture/tables/big/crimson","predicate":{"custom_model_data":1058}},
        {"model":"custom/furniture/tables/big/crimson_paintable","predicate":{"custom_model_data":1059}},
        {"model":"custom/furniture/tables/big/dark_oak","predicate":{"custom_model_data":1060}},
        {"model":"custom/furniture/tables/big/dark_oak_paintable","predicate":{"custom_model_data":1061}},
        {"model":"custom/furniture/tables/big/jungle","predicate":{"custom_model_data":1062}},
        {"model":"custom/furniture/tables/big/jungle_paintable","predicate":{"custom_model_data":1063}},
        {"model":"custom/furniture/tables/big/oak","predicate":{"custom_model_data":1064}},
        {"model":"custom/furniture/tables/big/oak_paintable","predicate":{"custom_model_data":1065}},
        {"model":"custom/furniture/tables/big/spruce","predicate":{"custom_model_data":1066}},
        {"model":"custom/furniture/tables/big/spruce_paintable","predicate":{"custom_model_data":1067}},
        {"model":"custom/furniture/tables/big/warped","predicate":{"custom_model_data":1068}},
        {"model":"custom/furniture/tables/big/warped_paintable","predicate":{"custom_model_data":1069}},

        {"model":"custom/furniture/tables/small/acacia","predicate":{"custom_model_data":1070}},
        {"model":"custom/furniture/tables/small/acacia_paintable","predicate":{"custom_model_data":1071}},
        {"model":"custom/furniture/tables/small/birch","predicate":{"custom_model_data":1072}},
        {"model":"custom/furniture/tables/small/birch_paintable","predicate":{"custom_model_data":1073}},
        {"model":"custom/furniture/tables/small/crimson","predicate":{"custom_model_data":1074}},
        {"model":"custom/furniture/tables/small/crimson_paintable","predicate":{"custom_model_data":1075}},
        {"model":"custom/furniture/tables/small/dark_oak","predicate":{"custom_model_data":1076}},
        {"model":"custom/furniture/tables/small/dark_oak_paintable","predicate":{"custom_model_data":1077}},
        {"model":"custom/furniture/tables/small/jungle","predicate":{"custom_model_data":1078}},
        {"model":"custom/furniture/tables/small/jungle_paintable","predicate":{"custom_model_data":1079}},
        {"model":"custom/furniture/tables/small/oak","predicate":{"custom_model_data":1080}},
        {"model":"custom/furniture/tables/small/oak_paintable","predicate":{"custom_model_data":1081}},
        {"model":"custom/furniture/tables/small/spruce","predicate":{"custom_model_data":1082}},
        {"model":"custom/furniture/tables/small/spruce_paintable","predicate":{"custom_model_data":1083}},
        {"model":"custom/furniture/tables/small/warped","predicate":{"custom_model_data":1084}},
        {"model":"custom/furniture/tables/small/warped_paintable","predicate":{"custom_model_data":1085}},

        {"model":"custom/furniture/nightstand/acacia/1","predicate":{"custom_model_data":1086}},
        {"model":"custom/furniture/nightstand/acacia/2_left","predicate":{"custom_model_data":1087}},
        {"model":"custom/furniture/nightstand/acacia/2_middle","predicate":{"custom_model_data":1088}},
        {"model":"custom/furniture/nightstand/acacia/2_right","predicate":{"custom_model_data":1089}},
        {"model":"custom/furniture/nightstand/acacia/3_left","predicate":{"custom_model_data":1090}},
        {"model":"custom/furniture/nightstand/acacia/3_middle","predicate":{"custom_model_data":1091}},
        {"model":"custom/furniture/nightstand/acacia/3_right","predicate":{"custom_model_data":1092}},

        {"model":"custom/furniture/nightstand/birch/1","predicate":{"custom_model_data":1093}},
        {"model":"custom/furniture/nightstand/birch/2_left","predicate":{"custom_model_data":1094}},
        {"model":"custom/furniture/nightstand/birch/2_middle","predicate":{"custom_model_data":1095}},
        {"model":"custom/furniture/nightstand/birch/2_right","predicate":{"custom_model_data":1096}},
        {"model":"custom/furniture/nightstand/birch/3_left","predicate":{"custom_model_data":1097}},
        {"model":"custom/furniture/nightstand/birch/3_middle","predicate":{"custom_model_data":1098}},
        {"model":"custom/furniture/nightstand/birch/3_right","predicate":{"custom_model_data":1099}},

        {"model":"custom/furniture/nightstand/crimson/1","predicate":{"custom_model_data":1100}},
        {"model":"custom/furniture/nightstand/crimson/2_left","predicate":{"custom_model_data":1101}},
        {"model":"custom/furniture/nightstand/crimson/2_middle","predicate":{"custom_model_data":1102}},
        {"model":"custom/furniture/nightstand/crimson/2_right","predicate":{"custom_model_data":1103}},
        {"model":"custom/furniture/nightstand/crimson/3_left","predicate":{"custom_model_data":1104}},
        {"model":"custom/furniture/nightstand/crimson/3_middle","predicate":{"custom_model_data":1105}},
        {"model":"custom/furniture/nightstand/crimson/3_right","predicate":{"custom_model_data":1106}},

        {"model":"custom/furniture/nightstand/dark_oak/1","predicate":{"custom_model_data":1107}},
        {"model":"custom/furniture/nightstand/dark_oak/2_left","predicate":{"custom_model_data":1108}},
        {"model":"custom/furniture/nightstand/dark_oak/2_middle","predicate":{"custom_model_data":1109}},
        {"model":"custom/furniture/nightstand/dark_oak/2_right","predicate":{"custom_model_data":1110}},
        {"model":"custom/furniture/nightstand/dark_oak/3_left","predicate":{"custom_model_data":1111}},
        {"model":"custom/furniture/nightstand/dark_oak/3_middle","predicate":{"custom_model_data":1112}},
        {"model":"custom/furniture/nightstand/dark_oak/3_right","predicate":{"custom_model_data":1113}},

        {"model":"custom/furniture/nightstand/jungle/1","predicate":{"custom_model_data":1114}},
        {"model":"custom/furniture/nightstand/jungle/2_left","predicate":{"custom_model_data":1115}},
        {"model":"custom/furniture/nightstand/jungle/2_middle","predicate":{"custom_model_data":1116}},
        {"model":"custom/furniture/nightstand/jungle/2_right","predicate":{"custom_model_data":1117}},
        {"model":"custom/furniture/nightstand/jungle/3_left","predicate":{"custom_model_data":1118}},
        {"model":"custom/furniture/nightstand/jungle/3_middle","predicate":{"custom_model_data":1119}},
        {"model":"custom/furniture/nightstand/jungle/3_right","predicate":{"custom_model_data":1120}},

        {"model":"custom/furniture/nightstand/oak/1","predicate":{"custom_model_data":1121}},
        {"model":"custom/furniture/nightstand/oak/2_left","predicate":{"custom_model_data":1122}},
        {"model":"custom/furniture/nightstand/oak/2_middle","predicate":{"custom_model_data":1123}},
        {"model":"custom/furniture/nightstand/oak/2_right","predicate":{"custom_model_data":1124}},
        {"model":"custom/furniture/nightstand/oak/3_left","predicate":{"custom_model_data":1125}},
        {"model":"custom/furniture/nightstand/oak/3_middle","predicate":{"custom_model_data":1126}},
        {"model":"custom/furniture/nightstand/oak/3_right","predicate":{"custom_model_data":1127}},

        {"model":"custom/furniture/nightstand/spruce/1","predicate":{"custom_model_data":1128}},
        {"model":"custom/furniture/nightstand/spruce/2_left","predicate":{"custom_model_data":1129}},
        {"model":"custom/furniture/nightstand/spruce/2_middle","predicate":{"custom_model_data":1130}},
        {"model":"custom/furniture/nightstand/spruce/2_right","predicate":{"custom_model_data":1131}},
        {"model":"custom/furniture/nightstand/spruce/3_left","predicate":{"custom_model_data":1132}},
        {"model":"custom/furniture/nightstand/spruce/3_middle","predicate":{"custom_model_data":1133}},
        {"model":"custom/furniture/nightstand/spruce/3_right","predicate":{"custom_model_data":1134}},

        {"model":"custom/furniture/nightstand/warped/1","predicate":{"custom_model_data":1135}},
        {"model":"custom/furniture/nightstand/warped/2_left","predicate":{"custom_model_data":1136}},
        {"model":"custom/furniture/nightstand/warped/2_middle","predicate":{"custom_model_data":1137}},
        {"model":"custom/furniture/nightstand/warped/2_right","predicate":{"custom_model_data":1138}},
        {"model":"custom/furniture/nightstand/warped/3_left","predicate":{"custom_model_data":1139}},
        {"model":"custom/furniture/nightstand/warped/3_middle","predicate":{"custom_model_data":1140}},
        {"model":"custom/furniture/nightstand/warped/3_right","predicate":{"custom_model_data":1141}},

        {"model":"custom/decorations/wheelbarrow","predicate":{"custom_model_data":1142}},

        {"model":"custom/decorations/plush/racoon","predicate":{"custom_model_data":1143}},

        {"model":"custom/decorations/small_lamp","predicate":{"custom_model_data":1144}},

        {"model":"custom/decorations/small_globus","predicate":{"custom_model_data":1145}},

        {"model":"custom/decorations/small_clock","predicate":{"custom_model_data":1146}},

        {"model":"custom/decorations/patefon","predicate":{"custom_model_data":1147}},

        {"model":"custom/decorations/iron_trashcan","predicate":{"custom_model_data":1148}},

        {"model":"custom/decorations/fire_hydrant","predicate":{"custom_model_data":1149}},

        {"model":"custom/decorations/camera","predicate":{"custom_model_data":1150}},

        {"model":"custom/decorations/big_lamp","predicate":{"custom_model_data":1151}},

        {"model":"custom/decorations/bankomat","predicate":{"custom_model_data":1152}},

        {"model":"custom/decorations/plush/bmo","predicate":{"custom_model_data":1153}},
        {"model":"custom/decorations/plush/brown_bear","predicate":{"custom_model_data":1154}},

        {"model":"custom/decorations/piggy_bank/piggybank","predicate":{"custom_model_data":1155}},
        {"model":"custom/decorations/piggy_bank/piggybank_diamond","predicate":{"custom_model_data":1156}},
        {"model":"custom/decorations/piggy_bank/piggybank_emerald","predicate":{"custom_model_data":1157}},
        {"model":"custom/decorations/piggy_bank/piggybank_gold","predicate":{"custom_model_data":1158}},
        {"model":"custom/decorations/piggy_bank/piggybank_iron","predicate":{"custom_model_data":1159}},
        {"model":"custom/decorations/piggy_bank/piggybank_netherite","predicate":{"custom_model_data":1160}},

        {"model":"custom/decorations/heads/deer_head","predicate":{"custom_model_data":1161}},
        {"model":"custom/decorations/heads/hoglin_head","predicate":{"custom_model_data":1162}},
        {"model":"custom/decorations/heads/zoglin_head","predicate":{"custom_model_data":1163}},

        {"model":"custom/decorations/cooking_pot/cooking_pot","predicate":{"custom_model_data":1164}},
        {"model":"custom/decorations/cooking_pot/cooking_pot_honey_1","predicate":{"custom_model_data":1165}},
        {"model":"custom/decorations/cooking_pot/cooking_pot_honey_2","predicate":{"custom_model_data":1166}},
        {"model":"custom/decorations/cooking_pot/cooking_pot_honey_3","predicate":{"custom_model_data":1167}},
        {"model":"custom/decorations/cooking_pot/cooking_pot_portal","predicate":{"custom_model_data":1168}},
        {"model":"custom/decorations/cooking_pot/cooking_pot_lava","predicate":{"custom_model_data":1169}},
        {"model":"custom/decorations/cooking_pot/cooking_pot_snow","predicate":{"custom_model_data":1170}},
        {"model":"custom/decorations/cooking_pot/cooking_pot_water_1","predicate":{"custom_model_data":1171}},
        {"model":"custom/decorations/cooking_pot/cooking_pot_water_2","predicate":{"custom_model_data":1172}},
        {"model":"custom/decorations/cooking_pot/cooking_pot_water_3","predicate":{"custom_model_data":1173}},

        {"model":"custom/decorations/cell/cell_empty","predicate":{"custom_model_data":1174}},
        {"model":"custom/decorations/cell/cell_bee","predicate":{"custom_model_data":1175}},
        {"model":"custom/decorations/cell/cell_chicken","predicate":{"custom_model_data":1176}},
        {"model":"custom/decorations/cell/cell_parrot_blue","predicate":{"custom_model_data":1177}},
        {"model":"custom/decorations/cell/cell_parrot_green","predicate":{"custom_model_data":1178}},
        {"model":"custom/decorations/cell/cell_parrot_gray","predicate":{"custom_model_data":1179}},
        {"model":"custom/decorations/cell/cell_parrot_red_blue","predicate":{"custom_model_data":1180}},
        {"model":"custom/decorations/cell/cell_parrot_yellow_blue","predicate":{"custom_model_data":1181}},
        {"model":"custom/decorations/cell/cell_slime","predicate":{"custom_model_data":1182}},

        {"model":"custom/decorations/brazier/brazier","predicate":{"custom_model_data":1183}},
        {"model":"custom/decorations/brazier/brazier_fire","predicate":{"custom_model_data":1184}},

        {"model":"custom/christmas/ball","predicate":{"custom_model_data":1185}},
        {"model":"custom/christmas/santa_socks","predicate":{"custom_model_data":1186}},
        {"model":"custom/christmas/snowman/snowman","predicate":{"custom_model_data":1187}},
        {"model":"custom/christmas/snowman/broken_snowman","predicate":{"custom_model_data":1188}},

        {"model":"custom/halloween/skeleton_hand/skeleton_hand","predicate":{"custom_model_data":1189}},
        {"model":"custom/halloween/skeleton_hand/skeleton_hand_dirt","predicate":{"custom_model_data":1190}},
        {"model":"custom/halloween/skeleton_hand/skeleton_hand_gravel","predicate":{"custom_model_data":1191}},
        {"model":"custom/halloween/skeleton_hand/skeleton_hand_stone","predicate":{"custom_model_data":1192}},

        
        {"model":"item/leather_horse_armor","predicate":{"custom_model_data":12000}}
    ],
    "parent":"item/generated",
    "textures":{
        "layer0":"item/leather_horse_armor"
    }
}