{
    "overrides":[
        {"model":"custom/block/wood/acacia/vertical_planks","predicate":{"custom_model_data":1000}},
        {"model":"custom/block/wood/birch/vertical_planks","predicate":{"custom_model_data":1001}},
        {"model":"custom/block/wood/crimson/vertical_planks","predicate":{"custom_model_data":1002}},
        {"model":"custom/block/wood/dark_oak/vertical_planks","predicate":{"custom_model_data":1003}},
        {"model":"custom/block/wood/jungle/vertical_planks","predicate":{"custom_model_data":1004}},
        {"model":"custom/block/wood/oak/vertical_planks","predicate":{"custom_model_data":1005}},
        {"model":"custom/block/wood/spruce/vertical_planks","predicate":{"custom_model_data":1006}},
        {"model":"custom/block/wood/warped/vertical_planks","predicate":{"custom_model_data":1007}},

        {"model":"custom/block/crates/crate_1","predicate":{"custom_model_data":1016}},

        
        {"model":"item/paper","predicate":{"custom_model_data":12000}}
    ],
    "parent":"item/generated",
    "textures":{
        "layer0":"item/paper"
    }
}