{
	"credit": "Made by Poloskun_ http://www.youtube.com/c/Enchig",
	"textures": {
		"0": "entity/villager/profession/armorer",
		"particle": "entity/villager/profession/armorer"
	},
	"elements": [
		{
			"from": [4, 9, 4],
			"to": [12, 14, 12],
			"faces": {
				"north": {"uv": [14, 2, 16, 3.25], "texture": "#0"},
				"east": {"uv": [12, 2, 14, 3.25], "texture": "#0"},
				"south": {"uv": [10, 2, 12, 3.25], "texture": "#0"},
				"west": {"uv": [8, 2, 10, 3.25], "texture": "#0"},
				"up": {"uv": [10, 0, 12, 2], "texture": "#0"},
				"down": {"uv": [12.5, 0, 14.5, 2], "texture": "#0"}
			}
		}
	],
	"display": {
		"thirdperson_righthand": {
			"rotation": [0, -180, 0],
			"translation": [0, -2.25, 1.75],
			"scale": [0.7, 0.7, 0.7]
		},
		"thirdperson_lefthand": {
			"rotation": [14, -180, 0],
			"translation": [-6, -3.25, 2.5]
		},
		"firstperson_righthand": {
			"rotation": [0, -67, 0],
			"translation": [1.5, -0.25, 0]
		},
		"firstperson_lefthand": {
			"translation": [-9, 0, 0]
		},
		"gui": {
			"rotation": [25, 45, 0],
			"translation": [0, -2.75, 0]
		},
		"head": {
			"rotation": [10, -180, 0],
			"translation": [0, -2.25, -1.5],
			"scale": [1.82, 1.82, 1.82]
		},
		"fixed": {
			"rotation": [0, -180, 0],
			"translation": [0, -6.5, 6.25],
			"scale": [2, 2, 2]
		}
	}
}