{
	"credit": "Made by Poloskun_ http://www.youtube.com/c/Enchig",
	"textures": {
		"0": "entity/villager/profession/butcher",
		"particle": "entity/villager/profession/butcher"
	},
	"elements": [
		{
			"from": [4, 6, 4],
			"to": [12, 10, 12],
			"faces": {
				"north": {"uv": [12, 2.5, 14, 3.5], "texture": "#0"},
				"east": {"uv": [10, 2.5, 12, 3.5], "texture": "#0"},
				"south": {"uv": [8, 2.5, 10, 3.5], "texture": "#0"},
				"west": {"uv": [14, 2.5, 16, 3.5], "texture": "#0"},
				"up": {"uv": [10, 0.75, 12, 1.75], "texture": "#0"},
				"down": {"uv": [10, 0.5, 12, 1.5], "texture": "#0"}
			}
		}
	],
	"display": {
		"thirdperson_righthand": {
			"rotation": [0, 90, 0],
			"translation": [-0.25, 0, 0.75],
			"scale": [0.7, 0.7, 0.7]
		},
		"thirdperson_lefthand": {
			"rotation": [0, 90, 0],
			"translation": [-6, 0, 0]
		},
		"firstperson_righthand": {
			"rotation": [-14, 85, 0],
			"translation": [-0.25, 2.5, 0],
			"scale": [0.7, 0.7, 0.7]
		},
		"firstperson_lefthand": {
			"rotation": [0, -90, 0],
			"translation": [-9.25, 2.5, 0]
		},
		"gui": {
			"rotation": [25, 45, 0],
			"translation": [0, -0.25, 0]
		},
		"head": {
			"rotation": [0, 90, 0],
			"translation": [0, 1.5, 0],
			"scale": [1.82, 1.82, 1.82]
		},
		"fixed": {
			"rotation": [-90, 0, -21],
			"translation": [0, 0, -0.75]
		}
	}
}