{
	"credit": "Made by Poloskun_ http://www.youtube.com/c/Enchig",
	"textures": {
		"0": "entity/villager/profession/cartographer",
		"particle": "entity/villager/profession/cartographer"
	},
	"gui_light":"front",
	"elements": [
		{
			"from": [6, 9, 9],
			"to": [10, 14, 9],
			"faces": {
				"north": {"uv": [11, 4.75, 12, 6], "texture": "#0"},
				"east": {"uv": [0, 0, 0, 5], "texture": "#missing"},
				"south": {"uv": [11, 3.25, 12, 4.5], "texture": "#0"},
				"west": {"uv": [0, 0, 0, 5], "texture": "#missing"},
				"up": {"uv": [0, 0, 4, 0], "texture": "#missing"},
				"down": {"uv": [0, 0, 4, 0], "texture": "#missing"}
			}
		}
	],
	"display": {
		"thirdperson_righthand": {
			"translation": [-1.5, -1.75, 0]
		},
		"thirdperson_lefthand": {
			"translation": [0.75, -2, 0]
		},
		"firstperson_righthand": {
			"translation": [0, -1.25, 0]
		},
		"firstperson_lefthand": {
			"translation": [1.25, -1.25, 0]
		},
		"ground": {
			"rotation": [-89, 0, 0],
			"translation": [0, -3.5, 0],
			"scale": [1, 1, 0]
		},
		"gui": {
			"rotation": [-8, 0, 0],
			"translation": [-0.5, -7.25, 0],
			"scale": [2, 2, 2]
		},
		"head": {
			"rotation": [0, -180, 0],
			"translation": [-3.75, -9.25, -5.75],
			"scale": [1.82, 1.82, 1.82]
		},
		"fixed": {
			"rotation": [0, -180, 0],
			"translation": [1, -6.75, 1.97],
			"scale": [2, 2, 2]
		}
	}
}