{
	"credit": "Made by Poloskun_ http://www.youtube.com/c/Enchig",
	"textures": {
		"0": "entity/villager/type/desert",
		"particle": "entity/villager/type/desert"
	},
	"elements": [
		{
			"from": [4, 4, 4],
			"to": [12, 9, 12],
			"faces": {
				"north": {"uv": [2, 2, 4, 3.5], "texture": "#0"},
				"east": {"uv": [0, 2, 2, 3.5], "texture": "#0"},
				"south": {"uv": [6, 2, 8, 3.5], "texture": "#0"},
				"west": {"uv": [4, 2, 6, 3.5], "texture": "#0"},
				"up": {"uv": [2, 0, 4, 2], "texture": "#0"},
				"down": {"uv": [4, 0, 6, 2], "texture": "#0"}
			}
		},
		{
			"from": [3.75, 3, 3.75],
			"to": [12.25, 6, 12.25],
			"faces": {
				"north": {"uv": [10, 2.75, 12, 3.5], "texture": "#0"},
				"east": {"uv": [8, 2.75, 10, 3.5], "texture": "#0"},
				"south": {"uv": [14, 2.75, 16, 3.5], "texture": "#0"},
				"west": {"uv": [12, 2.75, 14, 3.5], "texture": "#0"},
				"up": {"uv": [11.75, 1, 13.75, 1.75], "texture": "#0"},
				"down": {"uv": [12.25, 0.75, 14.25, 1.5], "texture": "#0"}
			}
		}
	],
	"display": {
		"thirdperson_righthand": {
			"translation": [0, 2, 1.75],
			"scale": [0.7, 0.7, 0.7]
		},
		"thirdperson_lefthand": {
			"translation": [-6, 1.5, 1.25]
		},
		"firstperson_lefthand": {
			"translation": [-9.25, 2.5, 0]
		},
		"ground": {
			"translation": [0, 1.5, 0]
		},
		"gui": {
			"rotation": [25, 45, 0],
			"translation": [0, 1.25, 0]
		},
		"head": {
			"translation": [0, 8.5, 0],
			"scale": [1.82, 1.82, 1.82]
		},
		"fixed": {
			"rotation": [-90, 0, 0],
			"translation": [0, 0, -6],
			"scale": [1.5, 1.5, 1.5]
		}
	}
}