{
	"credit": "Made by Poloskun_ http://www.youtube.com/c/Enchig",
	"texture_size": [64, 64],
	"textures": {
		"0": "./goat_head",
		"particle": "./goat_head"
	},
	"elements": [
		{
			"name": "body",
			"from": [2.75, -0.25, 3.75],
			"to": [12.25, 9.25, 13.25],
			"rotation": {"angle": 0, "axis": "y", "origin": [9, -4, 12]},
			"faces": {
				"north": {"uv": [2.25, 9.25, 4.5, 11.5], "texture": "#0"},
				"east": {"uv": [0, 9.25, 2.25, 11.5], "texture": "#0"},
				"south": {"uv": [6.75, 9.25, 9, 11.5], "texture": "#0"},
				"west": {"uv": [4.5, 9.25, 6.75, 11.5], "texture": "#0"},
				"up": {"uv": [4.5, 9.25, 2.25, 7], "texture": "#0"},
				"down": {"uv": [6.75, 7, 4.5, 9.25], "texture": "#0"}
			}
		},
		{
			"name": "body",
			"from": [3, 0, 4],
			"to": [12, 9, 13],
			"rotation": {"angle": 0, "axis": "y", "origin": [9, -4, 12]},
			"faces": {
				"north": {"uv": [2.25, 4.25, 4.5, 6.5], "texture": "#0"},
				"east": {"uv": [0, 4.25, 2.25, 6.5], "texture": "#0"},
				"south": {"uv": [6.75, 4.25, 9, 6.5], "texture": "#0"},
				"west": {"uv": [4.5, 4.25, 6.75, 6.5], "texture": "#0"},
				"up": {"uv": [4.5, 4.25, 2.25, 2], "texture": "#0"},
				"down": {"uv": [6.75, 2, 4.5, 4.25], "texture": "#0"}
			}
		},
		{
			"name": "head_rotation",
			"from": [5, 6, 2],
			"to": [10, 13, 12],
			"rotation": {"angle": 0, "axis": "y", "origin": [8, -9, 18]},
			"faces": {
				"north": {"uv": [11, 14, 12.25, 15.75], "texture": "#0"},
				"east": {"uv": [8.5, 14, 11, 15.75], "texture": "#0"},
				"south": {"uv": [14.75, 14, 16, 15.75], "texture": "#0"},
				"west": {"uv": [12.25, 14, 14.75, 15.75], "texture": "#0"},
				"up": {"uv": [12.25, 14, 11, 11.5], "texture": "#0"},
				"down": {"uv": [13.5, 11.5, 12.25, 14], "texture": "#0"}
			}
		},
		{
			"name": "head",
			"from": [7.99, 11, 12],
			"to": [9.99, 13, 19],
			"rotation": {"angle": 0, "axis": "x", "origin": [1, 0, 12]},
			"faces": {
				"north": {"uv": [4.5, 13.75, 4, 14.25], "rotation": 180, "texture": "#0"},
				"east": {"uv": [3, 14.25, 3.5, 16], "rotation": 270, "texture": "#0"},
				"south": {"uv": [4, 14.25, 3.5, 13.75], "texture": "#0"},
				"west": {"uv": [4, 14.25, 4.5, 16], "rotation": 90, "texture": "#0"},
				"up": {"uv": [3.5, 14.25, 4, 16], "rotation": 180, "texture": "#0"},
				"down": {"uv": [4.5, 14.25, 5, 16], "texture": "#0"}
			}
		},
		{
			"name": "head",
			"from": [5.01, 11, 12],
			"to": [7.01, 13, 19],
			"rotation": {"angle": 0, "axis": "x", "origin": [1, 0, 12]},
			"faces": {
				"north": {"uv": [4.5, 13.75, 4, 14.25], "rotation": 180, "texture": "#0"},
				"east": {"uv": [3, 14.25, 3.5, 16], "rotation": 270, "texture": "#0"},
				"south": {"uv": [4, 14.25, 3.5, 13.75], "texture": "#0"},
				"west": {"uv": [4, 14.25, 4.5, 16], "rotation": 90, "texture": "#0"},
				"up": {"uv": [3.5, 14.25, 4, 16], "rotation": 180, "texture": "#0"},
				"down": {"uv": [4.5, 14.25, 5, 16], "texture": "#0"}
			}
		},
		{
			"name": "left_ear",
			"from": [2, 7.86241, 2.22628],
			"to": [5, 9.86241, 3.22628],
			"shade": false,
			"rotation": {"angle": 22.5, "axis": "x", "origin": [1, -9, 12]},
			"faces": {
				"north": {"uv": [1.5, 15.5, 0.75, 16], "texture": "#0"},
				"east": {"uv": [1.75, 15.5, 1.5, 16], "texture": "#0"},
				"south": {"uv": [2.5, 15.5, 1.75, 16], "texture": "#0"},
				"west": {"uv": [0.75, 15.5, 0.5, 16], "texture": "#0"},
				"up": {"uv": [0.75, 15.5, 1.5, 15.25], "texture": "#0"},
				"down": {"uv": [1.5, 15.25, 2.25, 15.5], "texture": "#0"}
			}
		},
		{
			"name": "head",
			"from": [10, 7.86241, 2.22628],
			"to": [13, 9.86241, 3.22628],
			"rotation": {"angle": 22.5, "axis": "x", "origin": [1, -9, 12]},
			"faces": {
				"north": {"uv": [0.75, 15.5, 1.5, 16], "texture": "#0"},
				"east": {"uv": [0.5, 15.5, 0.75, 16], "texture": "#0"},
				"south": {"uv": [1.75, 15.5, 2.5, 16], "texture": "#0"},
				"west": {"uv": [1.5, 15.5, 1.75, 16], "texture": "#0"},
				"up": {"uv": [1.5, 15.5, 0.75, 15.25], "texture": "#0"},
				"down": {"uv": [2.25, 15.25, 1.5, 15.5], "texture": "#0"}
			}
		}
	],
	"display": {
		"thirdperson_righthand": {
			"rotation": [47, 0, 0],
			"translation": [0, 0.25, -2.75],
			"scale": [0.76, 0.76, 0.76]
		},
		"thirdperson_lefthand": {
			"rotation": [47, 0, 0],
			"translation": [0, 0.25, -2.75],
			"scale": [0.76, 0.76, 0.76]
		},
		"firstperson_righthand": {
			"rotation": [-21, 0, 0],
			"scale": [0.45, 0.45, 0.45]
		},
		"firstperson_lefthand": {
			"rotation": [-21, 0, 0],
			"scale": [0.45, 0.45, 0.45]
		},
		"ground": {
			"translation": [0, 3, 0],
			"scale": [0.37, 0.37, 0.37]
		},
		"gui": {
			"rotation": [30, 225, 0],
			"translation": [1, -0.5, 0],
			"scale": [0.82, 0.82, 0.82]
		},
		"head": {
			"translation": [0.75, 6, -1.25],
			"scale": [1.62, 1.62, 1.62]
		},
		"fixed": {
			"rotation": [-69, 0, 0],
			"translation": [0, -2.25, -2.5],
			"scale": [1.69, 1.69, 1.69]
		}
	},
	"groups": [
		{
			"name": "bone2",
			"origin": [0, 0, 0],
			"color": 0,
			"children": [
				{
					"name": "body",
					"origin": [1, 19, 2],
					"color": 0,
					"children": [0, 1]
				},
				{
					"name": "bone",
					"origin": [1, -7, 8],
					"color": 0,
					"children": [
						2,
						{
							"name": "head",
							"origin": [0, 11, 4],
							"rotation": [90, 0, 0],
							"color": 0,
							"children": [3, 4]
						},
						{
							"name": "head2",
							"origin": [0, 11, 4],
							"rotation": [35, 0, 0],
							"color": 0,
							"children": [5, 6]
						}
					]
				}
			]
		}
	]
}