{
	"credit": "Made by Poloskun_ http://www.youtube.com/c/Enchig",
	"parent": "bee",
	"texture_size": [64, 64],
	"textures": {
		"0": "entity/bee/bee_angry_nectar",
		"particle": "entity/bee/bee_angry_nectar"
	},
	"elements": [
		{
			"from": [4.5, 5, 3],
			"to": [11.5, 12, 13],
			"rotation": {"angle": 0, "axis": "y", "origin": [12.5, 13, 11]},
			"faces": {
				"north": {"uv": [2.5, 2.5, 4.25, 4.25], "texture": "#0"},
				"east": {"uv": [0, 2.5, 2.5, 4.25], "texture": "#0"},
				"south": {"uv": [6.75, 2.5, 8.5, 4.25], "texture": "#0"},
				"west": {"uv": [4.25, 2.5, 6.75, 4.25], "texture": "#0"},
				"up": {"uv": [2.5, 0, 4.25, 2.5], "rotation": 180, "texture": "#0"},
				"down": {"uv": [4.25, 0, 6, 2.5], "texture": "#0"}
			}
		},
		{
			"from": [8, 8, 13],
			"to": [8, 9, 15],
			"rotation": {"angle": 0, "axis": "y", "origin": [16, 16, 21]},
			"faces": {
				"north": {"uv": [6.5, 2.25, 7, 2.5], "texture": "#0"},
				"east": {"uv": [6.5, 2.25, 7, 2.5], "texture": "#0"},
				"south": {"uv": [6.5, 2.25, 7, 2.5], "texture": "#0"},
				"west": {"uv": [6.5, 2.25, 7, 2.5], "texture": "#0"},
				"up": {"uv": [6.5, 2.25, 7, 2.5], "texture": "#0"},
				"down": {"uv": [6.5, 2.25, 7, 2.5], "texture": "#0"}
			}
		},
		{
			"from": [6.5, 10, 0],
			"to": [6.5, 12, 3],
			"rotation": {"angle": 0, "axis": "y", "origin": [14.5, 18, 8]},
			"faces": {
				"north": {"uv": [0.5, 0.75, 1.25, 1.25], "texture": "#0"},
				"east": {"uv": [0.5, 0.75, 1.25, 1.25], "texture": "#0"},
				"south": {"uv": [0.5, 0.75, 1.25, 1.25], "texture": "#0"},
				"west": {"uv": [1.5, 1.5, 2.25, 2], "texture": "#0"},
				"up": {"uv": [0.5, 0.75, 1.25, 1.25], "texture": "#0"},
				"down": {"uv": [0.5, 0.75, 1.25, 1.25], "texture": "#0"}
			}
		},
		{
			"from": [9.5, 10, 0],
			"to": [9.5, 12, 3],
			"rotation": {"angle": 0, "axis": "y", "origin": [17.5, 18, 8]},
			"faces": {
				"north": {"uv": [0.5, 0.75, 1.25, 1.25], "texture": "#0"},
				"east": {"uv": [0.5, 0.75, 1.25, 1.25], "texture": "#0"},
				"south": {"uv": [0.5, 0.75, 1.25, 1.25], "texture": "#0"},
				"west": {"uv": [1.5, 1.5, 2.25, 2], "texture": "#0"},
				"up": {"uv": [0.5, 0.75, 1.25, 1.25], "texture": "#0"},
				"down": {"uv": [0.5, 0.75, 1.25, 1.25], "texture": "#0"}
			}
		},
		{
			"from": [6.5, 5.75, 3],
			"to": [7.5, 7.75, 3],
			"rotation": {"angle": -22.5, "axis": "x", "origin": [14.5, 13.75, 11]},
			"faces": {
				"north": {"uv": [7.5, 0.25, 7.75, 0.75], "texture": "#0"},
				"east": {"uv": [7.5, 0.25, 7.75, 0.75], "texture": "#0"},
				"south": {"uv": [7.5, 0.25, 7.75, 0.75], "texture": "#0"},
				"west": {"uv": [7.5, 0.25, 7.75, 0.75], "texture": "#0"},
				"up": {"uv": [7.5, 0.25, 7.75, 0.75], "texture": "#0"},
				"down": {"uv": [7.5, 0.25, 7.75, 0.75], "texture": "#0"}
			}
		},
		{
			"from": [8.5, 5.75, 3],
			"to": [9.5, 7.75, 3],
			"rotation": {"angle": -22.5, "axis": "x", "origin": [14.5, 13.75, 11]},
			"faces": {
				"north": {"uv": [7.5, 0.25, 7.75, 0.75], "texture": "#0"},
				"east": {"uv": [7.5, 0.25, 7.75, 0.75], "texture": "#0"},
				"south": {"uv": [7.5, 0.25, 7.75, 0.75], "texture": "#0"},
				"west": {"uv": [7.5, 0.25, 7.75, 0.75], "texture": "#0"},
				"up": {"uv": [7.5, 0.25, 7.75, 0.75], "texture": "#0"},
				"down": {"uv": [7.5, 0.25, 7.75, 0.75], "texture": "#0"}
			}
		},
		{
			"from": [9.5, 5.75, 6],
			"to": [10.5, 7.75, 6],
			"rotation": {"angle": -22.5, "axis": "x", "origin": [13.5, 13.75, 14]},
			"faces": {
				"north": {"uv": [7.75, 0.75, 8, 1.25], "texture": "#0"},
				"east": {"uv": [7.5, 0.25, 7.75, 0.75], "texture": "#0"},
				"south": {"uv": [7.5, 0.25, 7.75, 0.75], "texture": "#0"},
				"west": {"uv": [7.5, 0.25, 7.75, 0.75], "texture": "#0"},
				"up": {"uv": [7.5, 0.25, 7.75, 0.75], "texture": "#0"},
				"down": {"uv": [7.5, 0.25, 7.75, 0.75], "texture": "#0"}
			}
		},
		{
			"from": [5.5, 5.75, 6],
			"to": [6.5, 7.75, 6],
			"rotation": {"angle": -22.5, "axis": "x", "origin": [13.5, 13.75, 14]},
			"faces": {
				"north": {"uv": [7.75, 0.75, 8, 1.25], "texture": "#0"},
				"east": {"uv": [7.5, 0.25, 7.75, 0.75], "texture": "#0"},
				"south": {"uv": [7.5, 0.25, 7.75, 0.75], "texture": "#0"},
				"west": {"uv": [7.5, 0.25, 7.75, 0.75], "texture": "#0"},
				"up": {"uv": [7.5, 0.25, 7.75, 0.75], "texture": "#0"},
				"down": {"uv": [7.5, 0.25, 7.75, 0.75], "texture": "#0"}
			}
		},
		{
			"from": [5.5, 5.75, 8],
			"to": [6.5, 7.75, 8],
			"rotation": {"angle": -22.5, "axis": "x", "origin": [13.5, 13.75, 16]},
			"faces": {
				"north": {"uv": [7.75, 0.75, 8, 1.25], "texture": "#0"},
				"east": {"uv": [7.5, 0.25, 7.75, 0.75], "texture": "#0"},
				"south": {"uv": [7.5, 0.25, 7.75, 0.75], "texture": "#0"},
				"west": {"uv": [7.5, 0.25, 7.75, 0.75], "texture": "#0"},
				"up": {"uv": [7.5, 0.25, 7.75, 0.75], "texture": "#0"},
				"down": {"uv": [7.5, 0.25, 7.75, 0.75], "texture": "#0"}
			}
		},
		{
			"from": [9.5, 5.75, 8],
			"to": [10.5, 7.75, 8],
			"rotation": {"angle": -22.5, "axis": "x", "origin": [13.5, 13.75, 16]},
			"faces": {
				"north": {"uv": [7.75, 0.75, 8, 1.25], "texture": "#0"},
				"east": {"uv": [7.5, 0.25, 7.75, 0.75], "texture": "#0"},
				"south": {"uv": [7.5, 0.25, 7.75, 0.75], "texture": "#0"},
				"west": {"uv": [7.5, 0.25, 7.75, 0.75], "texture": "#0"},
				"up": {"uv": [7.5, 0.25, 7.75, 0.75], "texture": "#0"},
				"down": {"uv": [7.5, 0.25, 7.75, 0.75], "texture": "#0"}
			}
		},
		{
			"from": [-3.75, 11.75, 5],
			"to": [3.25, 11.75, 11],
			"rotation": {"angle": 22.5, "axis": "z", "origin": [4.25, 19.75, 13]},
			"faces": {
				"north": {"uv": [3.75, 6, 5.5, 7.5], "rotation": 180, "texture": "#0"},
				"east": {"uv": [3.75, 6, 5.5, 7.5], "rotation": 180, "texture": "#0"},
				"south": {"uv": [3.75, 6, 5.5, 7.5], "rotation": 180, "texture": "#0"},
				"west": {"uv": [3.75, 6, 5.5, 7.5], "rotation": 180, "texture": "#0"},
				"up": {"uv": [3.75, 6, 5.5, 7.5], "rotation": 180, "texture": "#0"},
				"down": {"uv": [2, 4.5, 3.75, 6], "texture": "#0"}
			}
		},
		{
			"from": [12, 8.25, 5],
			"to": [19, 8.25, 11],
			"rotation": {"angle": -22.5, "axis": "z", "origin": [20, 16.25, 13]},
			"faces": {
				"north": {"uv": [2, 4.5, 3.75, 6], "rotation": 180, "texture": "#0"},
				"east": {"uv": [2, 4.5, 3.75, 6], "rotation": 180, "texture": "#0"},
				"south": {"uv": [2, 4.5, 3.75, 6], "rotation": 180, "texture": "#0"},
				"west": {"uv": [2, 4.5, 3.75, 6], "rotation": 180, "texture": "#0"},
				"up": {"uv": [2, 4.5, 3.75, 6], "rotation": 180, "texture": "#0"},
				"down": {"uv": [3.75, 6, 5.5, 7.5], "texture": "#0"}
			}
		}
	],
	"display": {
		"thirdperson_righthand": {
			"rotation": [90, 0, 0],
			"translation": [-1.5, 0, 0.75],
			"scale": [0.5, 0.5, 0.5]
		},
		"thirdperson_lefthand": {
			"rotation": [90, 0, 0],
			"translation": [-1.5, 0, 0.75],
			"scale": [0.5, 0.5, 0.5]
		},
		"firstperson_righthand": {
			"translation": [3, 0, 0],
			"scale": [0.36, 0.36, 0.36]
		},
		"firstperson_lefthand": {
			"translation": [3, 0, 0],
			"scale": [0.36, 0.36, 0.36]
		},
		"ground": {
			"translation": [0, 2, 0],
			"scale": [0.29, 0.29, 0.29]
		},
		"gui": {
			"rotation": [23, 135, 0],
			"translation": [0, -0.25, 0]
		},
		"head": {
			"translation": [-12.5, 10.5, -5.75]
		},
		"fixed": {
			"translation": [0, 0, -0.75],
			"scale": [1.64, 1.64, 1.64]
		}
	}
}