{
	"credit": "Made by Poloskun_ http://www.youtube.com/c/Enchig",
	"parent": "block/cube_column",
	"texture_size": [16, 32],
	"textures": {
		"0": "custom/furniture/chairs/padding",
		"1": "custom/furniture/chairs/jungle",
		"particle": "custom/furniture/chairs/padding"
	},
	"elements": [
		{
			"from": [1, 6.999, 0],
			"to": [15, 6.999, 2],
			"rotation": {"angle": 0, "axis": "y", "origin": [8, 9, 8]},
			"faces": {
				"north": {"uv": [4, 1.75, 7.5, 2], "texture": "#missing"},
				"east": {"uv": [4, 1.75, 4, 2.25], "rotation": 90, "texture": "#missing"},
				"south": {"uv": [4, 2, 7.5, 2.25], "rotation": 180, "texture": "#missing"},
				"west": {"uv": [4, 1.75, 4, 2.25], "rotation": 270, "texture": "#missing"},
				"down": {"uv": [15, 0, 16, 7], "rotation": 90, "texture": "#1"}
			}
		},
		{
			"from": [1, 6.999, 13],
			"to": [15, 6.999, 15],
			"rotation": {"angle": 0, "axis": "y", "origin": [8, 9, 8]},
			"faces": {
				"north": {"uv": [4, 1.75, 7.5, 2], "texture": "#missing"},
				"east": {"uv": [4, 1.75, 4, 2.25], "rotation": 90, "texture": "#missing"},
				"south": {"uv": [4, 2, 7.5, 2.25], "rotation": 180, "texture": "#missing"},
				"west": {"uv": [4, 1.75, 4, 2.25], "rotation": 270, "texture": "#missing"},
				"down": {"uv": [15, 0, 16, 7], "rotation": 90, "texture": "#1"}
			}
		},
		{
			"from": [-1, 0, 13],
			"to": [1, 8, 15],
			"rotation": {"angle": 0, "axis": "y", "origin": [8, 9, 8]},
			"faces": {
				"north": {"uv": [0, 0, 1, 4], "texture": "#1"},
				"east": {"uv": [1, 0, 0, 4], "texture": "#1"},
				"south": {"uv": [0, 0, 1, 4], "texture": "#1"},
				"west": {"uv": [1, 0, 0, 4], "texture": "#1"},
				"down": {"uv": [0, 4.5, 1, 5.5], "rotation": 180, "texture": "#1"}
			}
		},
		{
			"from": [15, 0, 0],
			"to": [17, 8, 2],
			"rotation": {"angle": 0, "axis": "y", "origin": [8, 9, 8]},
			"faces": {
				"north": {"uv": [0, 0, 1, 4], "texture": "#1"},
				"east": {"uv": [1, 0, 0, 4], "texture": "#1"},
				"south": {"uv": [0, 0, 1, 4], "texture": "#1"},
				"west": {"uv": [1, 0, 0, 4], "texture": "#1"},
				"down": {"uv": [0, 4.5, 1, 5.5], "rotation": 180, "texture": "#1"}
			}
		},
		{
			"from": [15, 0, 13],
			"to": [17, 8, 15],
			"rotation": {"angle": 0, "axis": "y", "origin": [8, 9, 8]},
			"faces": {
				"north": {"uv": [1, 0, 0, 4], "texture": "#1"},
				"east": {"uv": [0, 0, 1, 4], "texture": "#1"},
				"south": {"uv": [1, 0, 0, 4], "texture": "#1"},
				"west": {"uv": [0, 0, 1, 4], "texture": "#1"},
				"down": {"uv": [0, 4.5, 1, 5.5], "rotation": 180, "texture": "#1"}
			}
		},
		{
			"from": [-1, 0, 0],
			"to": [1, 8, 2],
			"rotation": {"angle": 0, "axis": "y", "origin": [8, 9, 8]},
			"faces": {
				"north": {"uv": [1, 0, 0, 4], "texture": "#1"},
				"east": {"uv": [0, 0, 1, 4], "texture": "#1"},
				"south": {"uv": [1, 0, 0, 4], "texture": "#1"},
				"west": {"uv": [0, 0, 1, 4], "texture": "#1"},
				"down": {"uv": [0, 4.5, 1, 5.5], "rotation": 180, "texture": "#1"}
			}
		},
		{
			"from": [1, 10, -1],
			"to": [15, 27, 3],
			"rotation": {"angle": 0, "axis": "y", "origin": [8, 9, 8]},
			"faces": {
				"north": {"uv": [0, 0, 14, 8.5], "texture": "#0", "tintindex": 0},
				"east": {"uv": [1, 0, 2, 8.5], "texture": "#0", "tintindex": 0},
				"south": {"uv": [0, 0, 14, 8.5], "texture": "#0", "tintindex": 0},
				"west": {"uv": [1, 0, 2, 8.5], "texture": "#0", "tintindex": 0},
				"up": {"uv": [0, 0, 14, 2], "rotation": 180, "texture": "#0", "tintindex": 0}
			}
		},
		{
			"from": [1, 7, -1],
			"to": [15, 10, 3],
			"rotation": {"angle": 0, "axis": "y", "origin": [8, 9, 8]},
			"faces": {
				"north": {"uv": [0, 8.5, 14, 7], "texture": "#0", "tintindex": 0},
				"east": {"uv": [1, 7.5, 2, 8], "texture": "#0", "tintindex": 0},
				"west": {"uv": [1, 7.5, 2, 8], "texture": "#0", "tintindex": 0},
				"down": {"uv": [0, 7, 14, 9], "rotation": 180, "texture": "#0", "tintindex": 0}
			}
		},
		{
			"from": [1, 7, 3],
			"to": [15, 11, 17],
			"rotation": {"angle": 0, "axis": "y", "origin": [8, 9, 8]},
			"faces": {
				"north": {"uv": [0, 16, 14, 14], "texture": "#0", "tintindex": 0},
				"east": {"uv": [0, 16, 14, 14], "texture": "#0", "tintindex": 0},
				"south": {"uv": [0, 16, 14, 14], "texture": "#0", "tintindex": 0},
				"west": {"uv": [0, 16, 14, 14], "texture": "#0", "tintindex": 0},
				"up": {"uv": [0, 9, 14, 16], "texture": "#0", "tintindex": 0},
				"down": {"uv": [0, 9, 14, 16], "texture": "#0", "tintindex": 0}
			}
		},
		{
			"from": [-1, 8, 0],
			"to": [1, 26, 2],
			"rotation": {"angle": 0, "axis": "y", "origin": [8, 9, 8]},
			"faces": {
				"north": {"uv": [16, 0, 15, 9], "texture": "#1"},
				"east": {"uv": [7.5, 0.25, 8, 4.5], "texture": "#missing"},
				"south": {"uv": [16, 2.5, 15, 10], "texture": "#1"},
				"west": {"uv": [15, 2.5, 16, 10], "texture": "#1"},
				"up": {"uv": [0, 4.5, 1, 5.5], "rotation": 90, "texture": "#1"},
				"down": {"uv": [7.5, 3.25, 7.75, 3.5], "rotation": 180, "texture": "#1"}
			}
		},
		{
			"from": [15, 8, 2],
			"to": [17, 10, 16],
			"rotation": {"angle": 0, "axis": "y", "origin": [8, 9, 8]},
			"faces": {
				"north": {"uv": [7.5, 3.25, 7.75, 3.5], "texture": "#missing"},
				"east": {"uv": [15, 1.5, 16, 8.5], "rotation": 270, "texture": "#1"},
				"south": {"uv": [0, 1, 1, 1.5], "texture": "#1"},
				"up": {"uv": [16, 1.5, 15, 8.5], "rotation": 180, "texture": "#1"},
				"down": {"uv": [15, 1.5, 16, 8.5], "rotation": 180, "texture": "#1"}
			}
		},
		{
			"from": [-1, 8, 2],
			"to": [1, 10, 16],
			"rotation": {"angle": 0, "axis": "y", "origin": [8, 9, 8]},
			"faces": {
				"north": {"uv": [7.5, 3.25, 7.75, 3.5], "texture": "#1"},
				"south": {"uv": [1, 1, 0, 1.5], "texture": "#1"},
				"west": {"uv": [15, 1.5, 16, 8.5], "rotation": 270, "texture": "#1"},
				"up": {"uv": [15, 1.5, 16, 8.5], "rotation": 180, "texture": "#1"},
				"down": {"uv": [16, 1.5, 15, 8.5], "rotation": 180, "texture": "#1"}
			}
		},
		{
			"from": [15, 8, 0],
			"to": [17, 26, 2],
			"rotation": {"angle": 0, "axis": "y", "origin": [8, 9, 8]},
			"faces": {
				"north": {"uv": [15, 2.5, 16, 10], "texture": "#1"},
				"east": {"uv": [16, 2.5, 15, 10], "texture": "#1"},
				"south": {"uv": [15, 2.5, 16, 10], "texture": "#1"},
				"west": {"uv": [7.5, 0.25, 8, 4.5], "texture": "#1"},
				"up": {"uv": [0, 4.5, 1, 5.5], "texture": "#1"},
				"down": {"uv": [7.5, 3.25, 7.75, 3.5], "rotation": 180, "texture": "#1"}
			}
		}
	],
	"display": {
		"thirdperson_righthand": {
			"rotation": [66, -135, 0],
			"translation": [0, 3.25, 0.25],
			"scale": [0.38, 0.38, 0.38]
		},
		"thirdperson_lefthand": {
			"rotation": [67, -180, 0],
			"translation": [-5.75, 2.25, -4.75],
			"scale": [0.72, 0.72, 0.72]
		},
		"firstperson_righthand": {
			"rotation": [-10, -66, 0],
			"translation": [0.25, 1.25, 0],
			"scale": [0.37, 0.37, 0.37]
		},
		"firstperson_lefthand": {
			"rotation": [25, -180, 0],
			"translation": [-9.25, -1, -0.75],
			"scale": [0.37, 0.37, 0.37]
		},
		"ground": {
			"translation": [0, 4, 0],
			"scale": [0.26, 0.26, 0.26]
		},
		"gui": {
			"rotation": [29, -45, 0],
			"translation": [0, -2.25, 0],
			"scale": [0.43, 0.43, 0.43]
		},
		"head": {
			"rotation": [0, -180, 0],
			"translation": [0, 12, -0.5],
			"scale": [0.7, 0.7, 0.7]
		},
		"fixed": {
			"rotation": [-90, 0, 0],
			"translation": [0, -0.75, -15.75],
			"scale": [2, 2, 2]
		}
	}
}