{
	"credit": "Made by Poloskun_ http://www.youtube.com/c/Enchig",
	"texture_size": [16, 32],
	"textures": {
		"0": "custom/furniture/chairs/rocking_chair/jungle",
		"1": "custom/furniture/chairs/rocking_chair/padding",
		"particle": "custom/furniture/chairs/rocking_chair/jungle"
	},
	"elements": [
		{
			"from": [0.5, 13, 2],
			"to": [2.5, 15, 14],
			"rotation": {"angle": 0, "axis": "y", "origin": [0.5, -3, 0]},
			"faces": {
				"north": {"uv": [6.5, 0, 7, 1], "texture": "#0"},
				"east": {"uv": [6.5, 0, 12.5, 1], "texture": "#0"},
				"south": {"uv": [6.5, 0, 7, 1], "texture": "#0"},
				"west": {"uv": [6.5, 0, 12.5, 1], "texture": "#0"},
				"up": {"uv": [6.5, 0, 12.5, 0.5], "rotation": 90, "texture": "#0"},
				"down": {"uv": [6.5, 0.5, 12.5, 1], "rotation": 90, "texture": "#0"}
			}
		},
		{
			"from": [0.5, 2, 4],
			"to": [2.5, 13, 6],
			"rotation": {"angle": 0, "axis": "y", "origin": [0.5, -3, 0]},
			"faces": {
				"north": {"uv": [1, 7, 2, 12.5], "texture": "#0"},
				"east": {"uv": [2, 7, 1, 12.5], "texture": "#0"},
				"south": {"uv": [1, 7, 2, 12.5], "texture": "#0"},
				"west": {"uv": [2, 7, 1, 12.5], "texture": "#0"},
				"up": {"uv": [1, 7, 2, 8], "texture": "#0"},
				"down": {"uv": [1, 7, 2, 8], "texture": "#0"}
			}
		},
		{
			"from": [13.5, 2, 4],
			"to": [15.5, 13, 6],
			"rotation": {"angle": 0, "axis": "y", "origin": [0.5, -3, 0]},
			"faces": {
				"north": {"uv": [1, 7, 2, 12.5], "texture": "#0"},
				"east": {"uv": [2, 7, 1, 12.5], "texture": "#0"},
				"south": {"uv": [1, 7, 2, 12.5], "texture": "#0"},
				"west": {"uv": [2, 7, 1, 12.5], "texture": "#0"},
				"up": {"uv": [1, 7, 2, 8], "texture": "#0"},
				"down": {"uv": [1, 7, 2, 8], "texture": "#0"}
			}
		},
		{
			"from": [2.5, 5, 11],
			"to": [4.5, 22, 13],
			"rotation": {"angle": 0, "axis": "y", "origin": [0.5, -3, 0]},
			"faces": {
				"north": {"uv": [15, 7.5, 16, 16], "texture": "#0"},
				"east": {"uv": [16, 7.5, 15, 16], "texture": "#0"},
				"south": {"uv": [15, 7.5, 16, 16], "texture": "#0"},
				"west": {"uv": [16, 7.5, 15, 16], "texture": "#0"},
				"up": {"uv": [15, 6.5, 16, 7.5], "rotation": 180, "texture": "#0"},
				"down": {"uv": [5.5, 2.5, 6, 3.5], "rotation": 180, "texture": "#0"}
			}
		},
		{
			"from": [1.5, 0.5, 2],
			"to": [1.5, 6.5, 17],
			"rotation": {"angle": 0, "axis": "y", "origin": [0.5, -3, 0]},
			"faces": {
				"north": {"uv": [0, 0, 0, 6], "texture": "#missing"},
				"east": {"uv": [7.5, 13, 0, 16], "texture": "#0"},
				"south": {"uv": [0, 0, 0, 6], "texture": "#missing"},
				"west": {"uv": [0, 13, 7.5, 16], "texture": "#0"},
				"up": {"uv": [0, 0, 0, 16], "texture": "#missing"},
				"down": {"uv": [0, 0, 0, 16], "texture": "#missing"}
			}
		},
		{
			"from": [14.5, 0.5, 2],
			"to": [14.5, 6.5, 17],
			"rotation": {"angle": 0, "axis": "y", "origin": [0.5, -3, 0]},
			"faces": {
				"north": {"uv": [0, 0, 0, 6], "texture": "#missing"},
				"east": {"uv": [7.5, 13, 0, 16], "texture": "#0"},
				"south": {"uv": [0, 0, 0, 6], "texture": "#missing"},
				"west": {"uv": [0, 13, 7.5, 16], "texture": "#0"},
				"up": {"uv": [0, 0, 0, 16], "texture": "#missing"},
				"down": {"uv": [0, 0, 0, 16], "texture": "#missing"}
			}
		},
		{
			"from": [0.51, -7.5, 13],
			"to": [2.49, 3.5, 15],
			"rotation": {"angle": -45, "axis": "x", "origin": [0.5, -3, 0]},
			"faces": {
				"north": {"uv": [6.5, 7, 5.5, 12.5], "texture": "#0"},
				"east": {"uv": [5.5, 7, 6.5, 12.5], "texture": "#0"},
				"south": {"uv": [6.5, 7, 5.5, 12.5], "texture": "#0"},
				"west": {"uv": [5.5, 7, 6.5, 12.5], "texture": "#0"},
				"up": {"uv": [5.5, 11.5, 6.5, 12.5], "texture": "#0"},
				"down": {"uv": [5.5, 11.5, 6.5, 12.5], "rotation": 180, "texture": "#0"}
			}
		},
		{
			"from": [13.51, -7.5, 13],
			"to": [15.49, 3.5, 15],
			"rotation": {"angle": -45, "axis": "x", "origin": [14, -3, 0]},
			"faces": {
				"north": {"uv": [5.5, 7, 6.5, 12.5], "texture": "#0"},
				"east": {"uv": [6.5, 7, 5.5, 12.5], "texture": "#0"},
				"south": {"uv": [5.5, 7, 6.5, 12.5], "texture": "#0"},
				"west": {"uv": [6.5, 7, 5.5, 12.5], "texture": "#0"},
				"up": {"uv": [5.5, 11.5, 6.5, 12.5], "texture": "#0"},
				"down": {"uv": [5.5, 11.5, 6.5, 12.5], "texture": "#0"}
			}
		},
		{
			"from": [13.5, 13, 2],
			"to": [15.5, 15, 14],
			"rotation": {"angle": 0, "axis": "y", "origin": [14, -3, 0]},
			"faces": {
				"north": {"uv": [6.5, 0, 7, 1], "texture": "#0"},
				"east": {"uv": [6.5, 0, 12.5, 1], "texture": "#0"},
				"south": {"uv": [6.5, 0, 7, 1], "texture": "#0"},
				"west": {"uv": [6.5, 0, 12.5, 1], "texture": "#0"},
				"up": {"uv": [6.5, 0, 12.5, 0.5], "rotation": 90, "texture": "#0"},
				"down": {"uv": [6.5, 0.5, 12.5, 1], "rotation": 90, "texture": "#0"}
			}
		},
		{
			"from": [11.5, 5, 11],
			"to": [13.5, 22, 13],
			"rotation": {"angle": 0, "axis": "y", "origin": [14, -3, 0]},
			"faces": {
				"north": {"uv": [16, 7.5, 15, 16], "texture": "#0"},
				"east": {"uv": [15, 7.5, 16, 16], "texture": "#0"},
				"south": {"uv": [16, 7.5, 15, 16], "texture": "#0"},
				"west": {"uv": [15, 7.5, 16, 16], "texture": "#0"},
				"up": {"uv": [15, 6.5, 16, 7.5], "rotation": 90, "texture": "#0"},
				"down": {"uv": [2.5, 2.5, 3, 3.5], "rotation": 180, "texture": "#0"}
			}
		},
		{
			"from": [4.5, 6, 11],
			"to": [11.5, 8, 13],
			"rotation": {"angle": 0, "axis": "y", "origin": [14, -3, 0]},
			"faces": {
				"north": {"uv": [0, 0, 7, 2], "texture": "#missing"},
				"east": {"uv": [0, 0, 2, 2], "texture": "#missing"},
				"south": {"uv": [2.5, 2, 6, 3], "rotation": 180, "texture": "#0"},
				"west": {"uv": [0, 0, 2, 2], "texture": "#missing"},
				"up": {"uv": [2, 0, 5.5, 1], "rotation": 180, "texture": "#0"},
				"down": {"uv": [2.5, 2.5, 6, 3.5], "rotation": 180, "texture": "#0"}
			}
		},
		{
			"from": [2.5, 6, 2],
			"to": [13.5, 8, 11],
			"rotation": {"angle": 0, "axis": "y", "origin": [14, -3, 0]},
			"faces": {
				"north": {"uv": [1, 4.5, 6.5, 5.5], "texture": "#0"},
				"east": {"uv": [0, 0, 1, 4.5], "rotation": 270, "texture": "#0"},
				"south": {"uv": [1, 4.5, 6.5, 5.5], "texture": "#0"},
				"west": {"uv": [0, 4.5, 1, 0], "rotation": 270, "texture": "#0"},
				"up": {"uv": [6.5, 0, 1, 4.5], "texture": "#0"},
				"down": {"uv": [1, 4.5, 6.5, 0], "texture": "#0"}
			}
		},
		{
			"from": [4, 8.02, 2],
			"to": [12, 8.02, 12],
			"rotation": {"angle": 0, "axis": "y", "origin": [14, -3, 0]},
			"faces": {
				"north": {"uv": [1, 4.5, 6.5, 5.5], "texture": "#0"},
				"east": {"uv": [0, 0, 1, 4.5], "rotation": 270, "texture": "#0"},
				"south": {"uv": [1, 4.5, 6.5, 5.5], "texture": "#0"},
				"west": {"uv": [0, 4.5, 1, 0], "rotation": 270, "texture": "#0"},
				"up": {"uv": [0, 13.5, 8, 9], "texture": "#1"}
			}
		},
		{
			"from": [5, 8.01, 2],
			"to": [11, 8.01, 12],
			"rotation": {"angle": 0, "axis": "y", "origin": [14, -3, 0]},
			"faces": {
				"up": {"uv": [10, 13.5, 16, 9], "texture": "#1", "tintindex": 0}
			}
		},
		{
			"from": [4, 3.02, 1.98],
			"to": [12, 8.02, 1.98],
			"rotation": {"angle": 0, "axis": "y", "origin": [14, -3, 0]},
			"faces": {
				"north": {"uv": [0, 13.5, 8, 16], "texture": "#1"},
				"east": {"uv": [0, 0, 1, 4.5], "rotation": 270, "texture": "#0"},
				"south": {"uv": [8, 13.5, 0, 16], "texture": "#1"},
				"west": {"uv": [0, 4.5, 1, 0], "rotation": 270, "texture": "#0"},
				"up": {"uv": [0, 12, 8, 1], "texture": "#1"}
			}
		},
		{
			"from": [5, 3.02, 1.99],
			"to": [11, 8.02, 1.99],
			"rotation": {"angle": 0, "axis": "y", "origin": [14, -3, 0]},
			"faces": {
				"north": {"uv": [10, 13.5, 16, 16], "texture": "#1", "tintindex": 0},
				"south": {"uv": [16, 13.5, 10, 16], "texture": "#1", "tintindex": 0}
			}
		},
		{
			"from": [4, 8, 11.97],
			"to": [12, 23, 11.97],
			"rotation": {"angle": 0, "axis": "y", "origin": [14, -3, 0]},
			"faces": {
				"north": {"uv": [0, 2, 8, 9.5], "texture": "#1"}
			}
		},
		{
			"from": [5, 8, 11.98],
			"to": [11, 23, 11.98],
			"rotation": {"angle": 0, "axis": "y", "origin": [14, -3, 0]},
			"faces": {
				"north": {"uv": [10, 2, 16, 9.5], "texture": "#1", "tintindex": 0}
			}
		},
		{
			"from": [4.5, 7, 12],
			"to": [11.5, 24, 12],
			"rotation": {"angle": 0, "axis": "y", "origin": [14, -3, 0]},
			"faces": {
				"north": {"uv": [11.5, 7.5, 15, 16], "texture": "#0"},
				"east": {"uv": [0, 0, 0, 16], "texture": "#missing"},
				"south": {"uv": [15, 7.5, 11.5, 16], "texture": "#0"},
				"west": {"uv": [0, 0, 0, 16], "texture": "#missing"},
				"up": {"uv": [0, 0, 7, 0], "texture": "#missing"},
				"down": {"uv": [0, 0, 7, 0], "texture": "#missing"}
			}
		},
		{
			"from": [9.5, 3, 5],
			"to": [13.5, 6, 5],
			"rotation": {"angle": 0, "axis": "y", "origin": [14, -3, 0]},
			"faces": {
				"north": {"uv": [1, 5.5, 3, 7], "texture": "#0"},
				"east": {"uv": [0, 0, 0, 3], "texture": "#missing"},
				"south": {"uv": [3, 5.5, 1, 7], "texture": "#0"},
				"west": {"uv": [0, 0, 0, 3], "texture": "#missing"},
				"up": {"uv": [0, 0, 4, 0], "texture": "#missing"},
				"down": {"uv": [0, 0, 4, 0], "texture": "#missing"}
			}
		},
		{
			"from": [2.5, 3, 5],
			"to": [6.5, 6, 5],
			"rotation": {"angle": 0, "axis": "y", "origin": [14, -3, 0]},
			"faces": {
				"north": {"uv": [3, 5.5, 1, 7], "texture": "#0"},
				"east": {"uv": [0, 0, 0, 1.5], "texture": "#missing"},
				"south": {"uv": [1, 5.5, 3, 7], "texture": "#0"},
				"west": {"uv": [0, 0, 0, 1.5], "texture": "#missing"},
				"up": {"uv": [0, 0, 2, 0], "texture": "#missing"},
				"down": {"uv": [0, 0, 2, 0], "texture": "#missing"}
			}
		}
	],
	"display": {
		"thirdperson_righthand": {
			"rotation": [66, 45, 0],
			"translation": [0, 3.25, 0.25],
			"scale": [0.38, 0.38, 0.38]
		},
		"thirdperson_lefthand": {
			"rotation": [68, 0, 0],
			"translation": [-5.5, 1.25, -6.25],
			"scale": [0.9, 0.9, 0.9]
		},
		"firstperson_righthand": {
			"rotation": [-1, 16, 0],
			"translation": [2, 0.75, 0],
			"scale": [0.31, 0.31, 0.31]
		},
		"firstperson_lefthand": {
			"translation": [-9, -6.25, 0],
			"scale": [0.62, 0.62, 0.62]
		},
		"ground": {
			"rotation": [17, 0, 0],
			"translation": [0, 2.25, 0],
			"scale": [0.26, 0.26, 0.26]
		},
		"gui": {
			"rotation": [29, 135, 0],
			"translation": [0, -1.5, 0],
			"scale": [0.53, 0.53, 0.53]
		},
		"head": {
			"rotation": [11, 0, 0],
			"translation": [0, 12.5, -0.75]
		},
		"fixed": {
			"rotation": [-97, -180, 0],
			"translation": [0, 1, -14.5],
			"scale": [2.16, 2.16, 2.16]
		}
	}
}