{
	"credit": "Made by Poloskun_ http://www.youtube.com/c/Enchig",
	"textures": {
		"0": "custom/decorations/plush/bmo",
		"particle": "custom/decorations/plush/bmo"
	},
	"elements": [
		{
			"from": [6, 0, 0.5],
			"to": [16, 23, 15.5],
			"rotation": {"angle": 0, "axis": "y", "origin": [0, -7, 0.5]},
			"faces": {
				"north": {"uv": [6.25, 2.5, 3.75, 8.25], "texture": "#0"},
				"east": {"uv": [6.25, 2.5, 10, 8.25], "texture": "#0"},
				"south": {"uv": [3.75, 2.5, 6.25, 8.25], "texture": "#0"},
				"west": {"uv": [0, 2.5, 3.75, 8.25], "texture": "#0"},
				"up": {"uv": [0, 0, 3.75, 2.5], "rotation": 90, "texture": "#0"},
				"down": {"uv": [0, 0, 3.75, 2.5], "rotation": 90, "texture": "#0"}
			}
		},
		{
			"from": [10, -2.25, 0.75],
			"to": [12, 7.75, 2.75],
			"rotation": {"angle": -45, "axis": "x", "origin": [15, 1, -5.5]},
			"faces": {
				"north": {"uv": [0, 8.75, 0.5, 11.25], "texture": "#0"},
				"east": {"uv": [0, 8.75, 0.5, 11.25], "rotation": 180, "texture": "#0"},
				"south": {"uv": [0, 8.75, 0.5, 11.25], "texture": "#0"},
				"west": {"uv": [0, 8.75, 0.5, 11.25], "rotation": 180, "texture": "#0"},
				"up": {"uv": [0, 8.75, 0.25, 9], "rotation": 270, "texture": "#0"},
				"down": {"uv": [0, 8.75, 0.25, 9], "rotation": 90, "texture": "#0"}
			}
		},
		{
			"from": [10, 17.5, 5],
			"to": [12, 19.5, 15],
			"rotation": {"angle": 45, "axis": "x", "origin": [15, 1, -5.5]},
			"faces": {
				"north": {"uv": [0, 8.75, 0.25, 9], "rotation": 270, "texture": "#0"},
				"east": {"uv": [0, 8.75, 0.5, 11.25], "rotation": 90, "texture": "#0"},
				"south": {"uv": [0, 8.75, 0.25, 9], "rotation": 270, "texture": "#0"},
				"west": {"uv": [0, 8.75, 0.5, 11.25], "rotation": 270, "texture": "#0"},
				"up": {"uv": [0, 8.75, 0.5, 11.25], "rotation": 180, "texture": "#0"},
				"down": {"uv": [0, 8.75, 0.5, 11.25], "texture": "#0"}
			}
		},
		{
			"from": [0, 0, 3.5],
			"to": [7, 2, 5.5],
			"rotation": {"angle": 0, "axis": "z", "origin": [0, 0, 0.5]},
			"faces": {
				"north": {"uv": [1, 8.75, 1.5, 10.5], "rotation": 270, "texture": "#0"},
				"south": {"uv": [1.5, 8.75, 1, 10.5], "rotation": 90, "texture": "#0"},
				"west": {"uv": [1, 8.75, 1.25, 9.25], "rotation": 90, "texture": "#0"},
				"up": {"uv": [1.5, 8.75, 1.25, 10.5], "rotation": 90, "texture": "#0"},
				"down": {"uv": [1, 8.75, 1.25, 10.5], "rotation": 90, "texture": "#0"}
			}
		},
		{
			"from": [0, 2, 3.5],
			"to": [1, 4, 5.5],
			"rotation": {"angle": 0, "axis": "z", "origin": [0, 0, 0.5]},
			"faces": {
				"north": {"uv": [1, 8.75, 1.25, 9.25], "rotation": 270, "texture": "#0"},
				"east": {"uv": [1.5, 9.5, 1.25, 9.75], "rotation": 90, "texture": "#0"},
				"south": {"uv": [1, 8.75, 1.25, 9.25], "rotation": 90, "texture": "#0"},
				"west": {"uv": [1, 8.75, 1.25, 9.25], "rotation": 90, "texture": "#0"},
				"up": {"uv": [1, 8.75, 1.25, 9.25], "rotation": 90, "texture": "#0"},
				"down": {"uv": [0, 0, 2, 1], "rotation": 90, "texture": "#missing"}
			}
		},
		{
			"from": [0, 0, 10.5],
			"to": [7, 2, 12.5],
			"rotation": {"angle": 0, "axis": "z", "origin": [0, 0, 0.5]},
			"faces": {
				"north": {"uv": [1, 8.75, 1.5, 10.5], "rotation": 270, "texture": "#0"},
				"east": {"uv": [0, 0, 2, 2], "rotation": 90, "texture": "#missing"},
				"south": {"uv": [1.5, 8.75, 1, 10.5], "rotation": 90, "texture": "#0"},
				"west": {"uv": [1, 8.75, 1.25, 9.25], "rotation": 90, "texture": "#0"},
				"up": {"uv": [1.25, 8.75, 1.5, 10.5], "rotation": 90, "texture": "#0"},
				"down": {"uv": [1, 8.75, 1.25, 10.5], "rotation": 90, "texture": "#0"}
			}
		},
		{
			"from": [0, 2, 10.5],
			"to": [1, 4, 12.5],
			"rotation": {"angle": 0, "axis": "z", "origin": [0, 0, 0.5]},
			"faces": {
				"north": {"uv": [1, 8.75, 1.25, 9.25], "rotation": 270, "texture": "#0"},
				"east": {"uv": [1.25, 9.5, 1.5, 10], "rotation": 90, "texture": "#0"},
				"south": {"uv": [1, 8.75, 1.25, 9.25], "rotation": 90, "texture": "#0"},
				"west": {"uv": [1, 8.75, 1.25, 9.25], "rotation": 90, "texture": "#0"},
				"up": {"uv": [1, 8.75, 1.25, 9.25], "rotation": 90, "texture": "#0"},
				"down": {"uv": [0, 0, 2, 1], "rotation": 90, "texture": "#missing"}
			}
		}
	],
	"display": {
		"thirdperson_righthand": {
			"rotation": [66, 45, 0],
			"translation": [0, 1.75, 1.25],
			"scale": [0.24, 0.24, 0.24]
		},
		"thirdperson_lefthand": {
			"rotation": [90, 90, 0],
			"translation": [0.5, -1.75, 13.5],
			"scale": [0.25, 0.25, 0.25]
		},
		"firstperson_righthand": {
			"rotation": [-10, 30, 0],
			"translation": [0.25, 1.25, 0],
			"scale": [0.18, 0.18, 0.18]
		},
		"firstperson_lefthand": {
			"translation": [80, 80, 80],
			"scale": [0, 0, 0]
		},
		"ground": {
			"translation": [0, 2.25, 0],
			"scale": [0.17, 0.17, 0.17]
		},
		"gui": {
			"rotation": [29, 131, 0],
			"translation": [1, -2, 0],
			"scale": [0.5, 0.5, 0.5]
		},
		"head": {
			"rotation": [0, 90, 0],
			"translation": [0, -23.75, 0],
			"scale": [1.15, 1.15, 1.15]
		},
		"fixed": {
			"rotation": [-90, 0, 0],
			"translation": [-3, 0, -7.75]
		}
	},
	"groups": [
		{
			"name": "group",
			"origin": [0, 0, 0],
			"color": 0,
			"children": [0, 1, 2, 3, 4, 5, 6]
		}
	]
}