{
	"credit": "Made by Poloskun_ http://www.youtube.com/c/Enchig",
	"textures": {
		"0": "custom/decorations/plush/bear",
		"particle": "custom/decorations/plush/bear"
	},
	"elements": [
		{
			"from": [4.05, 0, 7],
			"to": [12.05, 7, 11],
			"rotation": {"angle": 0, "axis": "y", "origin": [1.05, -1, 0]},
			"faces": {
				"north": {"uv": [0, 2, 4, 5.5], "texture": "#0"},
				"east": {"uv": [6, 2, 4, 5.5], "texture": "#0"},
				"south": {"uv": [6, 2, 10, 5.5], "texture": "#0"},
				"west": {"uv": [4, 2, 6, 5.5], "texture": "#0"},
				"up": {"uv": [0, 0, 4, 2], "texture": "#0"},
				"down": {"uv": [0, 5.5, 4, 7.5], "texture": "#0"}
			}
		},
		{
			"from": [2.15, 0.2, 12.4],
			"to": [4.15, 2.2, 14.4],
			"rotation": {"angle": 22.5, "axis": "y", "origin": [1.05, -1, 0]},
			"faces": {
				"north": {"uv": [4.5, 0.5, 5.5, 1.5], "texture": "#0"},
				"east": {"uv": [5.5, 0.5, 4.5, 1.5], "texture": "#0"},
				"south": {"uv": [4.5, 0.5, 5.5, 1.5], "texture": "#0"},
				"west": {"uv": [5.5, 0.5, 4.5, 1.5], "texture": "#0"},
				"up": {"uv": [5.5, 1.5, 4.5, 0.5], "texture": "#0"},
				"down": {"uv": [4.5, 0.5, 5.5, 1.5], "texture": "#0"}
			}
		},
		{
			"from": [7.8, 3, 6],
			"to": [13.8, 9, 12],
			"rotation": {"angle": 22.5, "axis": "z", "origin": [1.05, -1, 0]},
			"faces": {
				"north": {"uv": [13, 10, 16, 13], "texture": "#0"},
				"east": {"uv": [13, 10, 10, 13], "texture": "#0"},
				"south": {"uv": [13, 10, 10, 13], "texture": "#0"},
				"west": {"uv": [13, 10, 10, 13], "texture": "#0"},
				"up": {"uv": [16, 7, 13, 10], "texture": "#0"},
				"down": {"uv": [16, 13, 13, 16], "texture": "#0"}
			}
		},
		{
			"from": [7.8, 3, 5],
			"to": [13.8, 6, 6],
			"rotation": {"angle": 22.5, "axis": "z", "origin": [1.05, -1, 0]},
			"faces": {
				"north": {"uv": [13, 11.5, 16, 13], "texture": "#0"},
				"east": {"uv": [13, 11.5, 13.5, 13], "texture": "#0"},
				"west": {"uv": [15.5, 11.5, 16, 13], "texture": "#0"},
				"up": {"uv": [13, 11.5, 16, 12], "texture": "#0"},
				"down": {"uv": [13, 12.5, 16, 13], "texture": "#0"}
			}
		},
		{
			"from": [5.8, 6.5, 8],
			"to": [9.8, 10.5, 10],
			"rotation": {"angle": 22.5, "axis": "z", "origin": [1.05, -1, 0]},
			"faces": {
				"north": {"uv": [12.5, 7.5, 10.5, 9.5], "texture": "#0"},
				"east": {"uv": [9.5, 7.5, 10.5, 9.5], "texture": "#0"},
				"south": {"uv": [8.5, 7.5, 10.5, 9.5], "texture": "#0"},
				"west": {"uv": [8.5, 7.5, 9.5, 9.5], "texture": "#0"},
				"up": {"uv": [8.5, 7.5, 10.5, 8.5], "texture": "#0"},
				"down": {"uv": [8.5, 9.5, 10.5, 8.5], "texture": "#0"}
			}
		},
		{
			"from": [7.8, 10.5, 8],
			"to": [11.8, 14.5, 10],
			"rotation": {"angle": 0, "axis": "y", "origin": [1.05, -1, 0]},
			"faces": {
				"north": {"uv": [10.5, 7.5, 12.5, 9.5], "texture": "#0"},
				"east": {"uv": [9.5, 7.5, 8.5, 9.5], "texture": "#0"},
				"south": {"uv": [10.5, 7.5, 8.5, 9.5], "texture": "#0"},
				"west": {"uv": [10.5, 7.5, 9.5, 9.5], "texture": "#0"},
				"up": {"uv": [10.5, 7.5, 8.5, 8.5], "texture": "#0"},
				"down": {"uv": [10.5, 9.5, 8.5, 8.5], "texture": "#0"}
			}
		},
		{
			"from": [11.3, -0.1, -0.75],
			"to": [14.3, 2.9, 4.25],
			"rotation": {"angle": -22.5, "axis": "y", "origin": [1.05, 0, 0]},
			"faces": {
				"north": {"uv": [2, 13, 3.5, 14.5], "texture": "#0"},
				"east": {"uv": [0, 13, 2.5, 14.5], "texture": "#0"},
				"south": {"uv": [2, 13, 3.5, 14.5], "texture": "#0"},
				"west": {"uv": [2.5, 13, 0, 14.5], "texture": "#0"},
				"up": {"uv": [2, 13, 0, 11.5], "rotation": 90, "texture": "#0"},
				"down": {"uv": [0, 14.5, 2, 16], "rotation": 90, "texture": "#0"}
			}
		},
		{
			"from": [0.8, -0.1, 4.5],
			"to": [3.8, 2.9, 9.5],
			"rotation": {"angle": 22.5, "axis": "y", "origin": [1.05, 0, 0]},
			"faces": {
				"north": {"uv": [2, 13, 3.5, 14.5], "texture": "#0"},
				"east": {"uv": [0, 13, 2.5, 14.5], "texture": "#0"},
				"south": {"uv": [2, 13, 3.5, 14.5], "texture": "#0"},
				"west": {"uv": [2.5, 13, 0, 14.5], "texture": "#0"},
				"up": {"uv": [2, 13, 0, 11.5], "rotation": 90, "texture": "#0"},
				"down": {"uv": [0, 14.5, 2, 16], "rotation": 90, "texture": "#0"}
			}
		},
		{
			"from": [3.3, 1.95, 7.5],
			"to": [7.3, 4.95, 10.5],
			"rotation": {"angle": 22.5, "axis": "z", "origin": [1.05, -2.05, 0]},
			"faces": {
				"north": {"uv": [2, 14.5, 0, 13], "rotation": 180, "texture": "#0"},
				"east": {"uv": [2, 13, 3.5, 14.5], "texture": "#0"},
				"south": {"uv": [0, 14.5, 2, 13], "rotation": 180, "texture": "#0"},
				"west": {"uv": [2, 13, 3.5, 14.5], "texture": "#0"},
				"up": {"uv": [2, 11.5, 0, 13], "texture": "#0"},
				"down": {"uv": [0, 16, 2, 14.5], "rotation": 180, "texture": "#0"}
			}
		},
		{
			"from": [7.55, 7.2, 7.5],
			"to": [11.55, 10.2, 10.5],
			"rotation": {"angle": -22.5, "axis": "z", "origin": [1.05, -2.05, 0]},
			"faces": {
				"north": {"uv": [0, 14.5, 2, 13], "rotation": 180, "texture": "#0"},
				"east": {"uv": [2, 13, 3.5, 14.5], "texture": "#0"},
				"south": {"uv": [2, 14.5, 0, 13], "rotation": 180, "texture": "#0"},
				"west": {"uv": [2, 13, 3.5, 14.5], "texture": "#0"},
				"up": {"uv": [0, 11.5, 2, 13], "texture": "#0"},
				"down": {"uv": [2, 16, 0, 14.5], "rotation": 180, "texture": "#0"}
			}
		}
	],
	"display": {
		"thirdperson_righthand": {
			"rotation": [66, 0, 0],
			"translation": [-4.25, 0.5, 3]
		},
		"thirdperson_lefthand": {
			"rotation": [89, 0, 0],
			"translation": [-0.5, -2, 15],
			"scale": [0.43, 0.43, 0.43]
		},
		"firstperson_righthand": {
			"translation": [-8, 0, 0],
			"scale": [0.49, 0.49, 0.49]
		},
		"firstperson_lefthand": {
			"translation": [80, 80, 80],
			"scale": [0, 0, 0]
		},
		"ground": {
			"translation": [0, 2.25, 0],
			"scale": [0.32, 0.32, 0.32]
		},
		"gui": {
			"rotation": [30, 139, 0],
			"translation": [0, 1, 0],
			"scale": [0.77, 0.77, 0.77]
		},
		"head": {
			"rotation": [0, -180, 0],
			"translation": [0, -16, 0],
			"scale": [2.1, 2.1, 2.1]
		},
		"fixed": {
			"rotation": [-90, 0, 0],
			"translation": [0, 0, -15.75],
			"scale": [2, 2, 2]
		}
	}
}