{
	"credit": "Made by Poloskun_ http://www.youtube.com/c/Enchig",
	"texture_size": [64, 32],
	"textures": {
		"0": "custom/decorations/plush/racoon",
		"particle": "custom/decorations/plush/racoon"
	},
	"elements": [
		{
			"name": "right_arm",
			"from": [11.5, 0.01, 6],
			"to": [14.5, 3.01, 9],
			"rotation": {"angle": 22.5, "axis": "y", "origin": [0, 0, 1]},
			"faces": {
				"north": {"uv": [0.75, 1.5, 1.5, 3], "texture": "#0"},
				"east": {"uv": [0, 1.5, 0.75, 3], "texture": "#0"},
				"south": {"uv": [1.5, 1.5, 0.75, 3], "texture": "#0"},
				"west": {"uv": [1.5, 1.5, 2.25, 3], "texture": "#0"},
				"up": {"uv": [1.5, 0, 0.75, 1.5], "texture": "#0"},
				"down": {"uv": [1.5, 3, 0.75, 4.5], "texture": "#0"}
			}
		},
		{
			"name": "right_leg",
			"from": [17.9, 0.02, 5.9],
			"to": [20.9, 3.02, 8.9],
			"rotation": {"angle": -22.5, "axis": "y", "origin": [0, 0, -1]},
			"faces": {
				"north": {"uv": [3, 1.5, 2.25, 3], "texture": "#0"},
				"east": {"uv": [0, 1.5, 0.75, 3], "texture": "#0"},
				"south": {"uv": [1.5, 1.5, 0.75, 3], "texture": "#0"},
				"west": {"uv": [1.5, 1.5, 2.25, 3], "texture": "#0"},
				"up": {"uv": [1.5, 0, 0.75, 1.5], "texture": "#0"},
				"down": {"uv": [1.5, 3, 0.75, 4.5], "texture": "#0"}
			}
		},
		{
			"name": "left_arm",
			"from": [0.3, 0.01, -0.1],
			"to": [3.3, 3.01, 2.9],
			"rotation": {"angle": -22.5, "axis": "y", "origin": [0, 0, 1]},
			"faces": {
				"north": {"uv": [2.25, 1.5, 3, 3], "texture": "#0"},
				"east": {"uv": [1.5, 1.5, 2.25, 3], "texture": "#0"},
				"south": {"uv": [0.75, 1.5, 1.5, 3], "texture": "#0"},
				"west": {"uv": [0, 1.5, 0.75, 3], "texture": "#0"},
				"up": {"uv": [0.75, 0, 1.5, 1.5], "texture": "#0"},
				"down": {"uv": [0.75, 3, 1.5, 4.5], "texture": "#0"}
			}
		},
		{
			"name": "left_leg",
			"from": [-6, 0.01, 12],
			"to": [-3, 3.01, 15],
			"rotation": {"angle": 22.5, "axis": "y", "origin": [0, 0, -1]},
			"faces": {
				"north": {"uv": [2.25, 1.5, 3, 3], "texture": "#0"},
				"east": {"uv": [1.5, 1.5, 2.25, 3], "texture": "#0"},
				"south": {"uv": [0.75, 1.5, 1.5, 3], "texture": "#0"},
				"west": {"uv": [0, 1.5, 0.75, 3], "texture": "#0"},
				"up": {"uv": [0.75, 0, 1.5, 1.5], "texture": "#0"},
				"down": {"uv": [0.75, 3, 1.5, 4.5], "texture": "#0"}
			}
		},
		{
			"name": "tail",
			"from": [1.5, 0.01, 17],
			"to": [10.5, 4.01, 21],
			"rotation": {"angle": 22.5, "axis": "y", "origin": [0, 0, -1]},
			"faces": {
				"north": {"uv": [8.5, 14, 6.25, 16], "texture": "#0"},
				"east": {"uv": [8.5, 14, 9.5, 16], "texture": "#0"},
				"south": {"uv": [6.25, 14, 8.5, 16], "texture": "#0"},
				"west": {"uv": [5.25, 14, 6.25, 16], "texture": "#0"},
				"up": {"uv": [6.25, 14, 8.5, 16], "texture": "#0"},
				"down": {"uv": [6.25, 14, 8.5, 16], "texture": "#0"}
			}
		},
		{
			"name": "body",
			"from": [2, 0, 1],
			"to": [14, 8, 15],
			"faces": {
				"north": {"uv": [6.5, 6, 9.5, 10], "texture": "#0"},
				"east": {"uv": [13, 6, 9.5, 10], "texture": "#0"},
				"south": {"uv": [13, 6, 16, 10], "texture": "#0"},
				"west": {"uv": [9.5, 6, 13, 10], "texture": "#0"},
				"up": {"uv": [9.5, 0, 13, 6], "rotation": 90, "texture": "#0"},
				"down": {"uv": [13, 10, 9.5, 16], "rotation": 90, "texture": "#0"}
			}
		},
		{
			"name": "head",
			"from": [4, 0, -3],
			"to": [12, 5, 1],
			"rotation": {"angle": 0, "axis": "y", "origin": [0, 0, 11]},
			"faces": {
				"north": {"uv": [1, 7, 3, 9.5], "texture": "#0"},
				"east": {"uv": [0, 7, 1, 9.5], "texture": "#0"},
				"south": {"uv": [4, 7, 6, 9.5], "texture": "#0"},
				"west": {"uv": [3, 7, 4, 9.5], "texture": "#0"},
				"up": {"uv": [1, 7, 3, 5], "texture": "#0"},
				"down": {"uv": [1, 9.5, 3, 11.5], "texture": "#0"}
			}
		},
		{
			"name": "nose",
			"from": [6, 0, -5],
			"to": [10, 3, -3],
			"rotation": {"angle": 0, "axis": "y", "origin": [0, 0, 11]},
			"faces": {
				"north": {"uv": [1.5, 8, 2.5, 9.5], "texture": "#0"},
				"east": {"uv": [3, 12.5, 3.5, 11], "texture": "#0"},
				"south": {"uv": [1.5, 9, 2.5, 9.5], "texture": "#0"},
				"west": {"uv": [3.5, 12.5, 3, 11], "texture": "#0"},
				"up": {"uv": [1.5, 8, 2.5, 9.5], "texture": "#0"},
				"down": {"uv": [1.5, 11.5, 2.5, 12.5], "texture": "#0"}
			}
		},
		{
			"from": [10, 0, -6],
			"to": [12, 3, -6],
			"rotation": {"angle": -22.5, "axis": "y", "origin": [0, 0, 1]},
			"faces": {
				"north": {"uv": [4.25, 1, 4.75, 2.5], "texture": "#0"},
				"east": {"uv": [0, 0, 1, 1], "texture": "#missing"},
				"south": {"uv": [4.75, 1, 4.25, 2.5], "texture": "#0"},
				"west": {"uv": [0, 0, 1, 1], "texture": "#missing"},
				"up": {"uv": [0, 0, 1, 1], "texture": "#missing"},
				"down": {"uv": [0, 0, 1, 1], "texture": "#missing"}
			}
		},
		{
			"from": [2.75, 0, 0],
			"to": [4.75, 3, 0],
			"rotation": {"angle": 22.5, "axis": "y", "origin": [0, 0, 1]},
			"faces": {
				"north": {"uv": [4.75, 1, 4.25, 2.5], "texture": "#0"},
				"east": {"uv": [0, 0, 1, 1], "texture": "#missing"},
				"south": {"uv": [4.25, 1, 4.75, 2.5], "texture": "#0"},
				"west": {"uv": [0, 0, 1, 1], "texture": "#missing"},
				"up": {"uv": [0, 0, 1, 1], "texture": "#missing"},
				"down": {"uv": [0, 0, 1, 1], "texture": "#missing"}
			}
		},
		{
			"from": [7, 10, -0.5],
			"to": [10, 12, -0.5],
			"rotation": {"angle": -22.5, "axis": "z", "origin": [0, 0, 12]},
			"faces": {
				"north": {"uv": [3.25, 0, 4, 1], "texture": "#0"},
				"south": {"uv": [3.25, 0, 4, 1], "texture": "#0"}
			}
		},
		{
			"from": [7, 7, -1],
			"to": [10, 10, 0],
			"rotation": {"angle": -22.5, "axis": "z", "origin": [0, 0, 12]},
			"faces": {
				"north": {"uv": [3.25, 1, 4, 2.5], "texture": "#0"},
				"east": {"uv": [3.25, 1, 3.5, 2.5], "texture": "#0"},
				"south": {"uv": [4, 1, 3.25, 2.5], "texture": "#0"},
				"west": {"uv": [3.75, 1, 4, 2.5], "texture": "#0"},
				"up": {"uv": [3.25, 1, 4, 1.5], "texture": "#0"},
				"down": {"uv": [4, 2, 3.25, 2.5], "texture": "#0"}
			}
		},
		{
			"from": [-3.25, 4.75, -0.5],
			"to": [-1.25, 7.75, -0.5],
			"rotation": {"angle": -45, "axis": "z", "origin": [0, 0, 12]},
			"faces": {
				"north": {"uv": [3.25, 0, 4, 1], "rotation": 90, "texture": "#0"},
				"south": {"uv": [3.25, 1, 4, 0], "rotation": 90, "texture": "#0"}
			}
		},
		{
			"from": [-1.25, 4.75, -1],
			"to": [1.75, 7.75, 0],
			"rotation": {"angle": -45, "axis": "z", "origin": [0, 0, 12]},
			"faces": {
				"north": {"uv": [4, 1, 3.25, 2.5], "rotation": 90, "texture": "#0"},
				"east": {"uv": [4, 2, 3.25, 2.5], "rotation": 90, "texture": "#0"},
				"south": {"uv": [4, 2.5, 3.25, 1], "rotation": 90, "texture": "#0"},
				"west": {"uv": [3.25, 1, 4, 1.5], "rotation": 90, "texture": "#0"},
				"up": {"uv": [3.75, 2.5, 4, 1], "rotation": 90, "texture": "#0"},
				"down": {"uv": [3.25, 2.5, 3.5, 1], "rotation": 90, "texture": "#0"}
			}
		}
	],
	"display": {
		"thirdperson_righthand": {
			"rotation": [63, 30, 0],
			"translation": [0, 3.75, 2],
			"scale": [0.42, 0.42, 0.42]
		},
		"thirdperson_lefthand": {
			"rotation": [91, 0, 0],
			"translation": [-5.75, -3.5, 2.75]
		},
		"firstperson_righthand": {
			"rotation": [0, 108, 0],
			"translation": [2.75, 5, 0],
			"scale": [0.4, 0.4, 0.4]
		},
		"firstperson_lefthand": {
			"rotation": [19, 0, 0],
			"translation": [-9.5, -5, 0]
		},
		"ground": {
			"translation": [0, 2.25, 0],
			"scale": [0.35, 0.35, 0.35]
		},
		"gui": {
			"rotation": [29, -137, 0],
			"translation": [0.5, 2.25, 0],
			"scale": [0.64, 0.64, 0.64]
		},
		"head": {
			"rotation": [16, 0, 0],
			"translation": [0, 12, 1.75],
			"scale": [1.21, 1.21, 1.21]
		},
		"fixed": {
			"rotation": [-90, -180, 0],
			"translation": [0, 0, -25.8],
			"scale": [3.26, 3.26, 3.26]
		}
	},
	"groups": [
		0,
		1,
		2,
		3,
		4,
		5,
		{
			"name": "head",
			"origin": [0, 0, 0],
			"color": 0,
			"children": [
				6,
				7,
				8,
				9,
				{
					"name": "right_ear",
					"origin": [0, 0, 0],
					"color": 0,
					"children": [10, 11]
				},
				{
					"name": "left_ear",
					"origin": [0, 0, 0],
					"color": 0,
					"children": [12, 13]
				}
			]
		}
	]
}