{
	"credit": "Made by Poloskun_ http://www.youtube.com/c/Enchig",
	"parent": "block/block",
	"textures": {
		"0": "custom/decorations/piggy_bank/pb",
		"particle": "custom/decorations/piggy_bank/pb"
	},
	"elements": [
		{
			"from": [5, 2, 4],
			"to": [12, 9, 14],
			"rotation": {"angle": 0, "axis": "y", "origin": [8, 7, 9.5]},
			"faces": {
				"north": {"uv": [12.5, 4.5, 16, 8], "texture": "#0"},
				"east": {"uv": [12.5, 4.5, 8, 8], "texture": "#0"},
				"south": {"uv": [4.5, 4.5, 8, 8], "texture": "#0"},
				"west": {"uv": [8, 4.5, 12.5, 8], "texture": "#0"},
				"up": {"uv": [12.5, 4.5, 16, 0], "texture": "#0"},
				"down": {"uv": [12.5, 8, 8, 11.5], "rotation": 90, "texture": "#0"}
			}
		},
		{
			"from": [6.5, 2.5, 2],
			"to": [10.5, 5.5, 4],
			"rotation": {"angle": 0, "axis": "y", "origin": [8, 7, 9.5]},
			"faces": {
				"north": {"uv": [4, 1, 6, 2.5], "texture": "#0"},
				"east": {"uv": [3, 1, 4, 2.5], "texture": "#0"},
				"west": {"uv": [6, 1, 7, 2.5], "texture": "#0"},
				"up": {"uv": [4, 1, 6, 0], "texture": "#0"},
				"down": {"uv": [4, 2.5, 6, 3.5], "rotation": 180, "texture": "#0"}
			}
		},
		{
			"from": [5.5, 0.5, 5],
			"to": [7.5, 2.5, 7],
			"rotation": {"angle": 0, "axis": "y", "origin": [5.5, 1, 6.5]},
			"faces": {
				"north": {"uv": [4.5, 9.5, 5.5, 10.5], "texture": "#0"},
				"east": {"uv": [5.5, 10, 6.5, 11], "texture": "#0"},
				"south": {"uv": [6.5, 9.5, 7.5, 10.5], "texture": "#0"},
				"west": {"uv": [5.5, 9.5, 6.5, 10.5], "texture": "#0"},
				"down": {"uv": [5.5, 10.5, 6.5, 11.5], "texture": "#0"}
			}
		},
		{
			"from": [9.5, 0.5, 5],
			"to": [11.5, 2.5, 7],
			"rotation": {"angle": 0, "axis": "y", "origin": [5.5, 1, 6.5]},
			"faces": {
				"north": {"uv": [5.5, 9.5, 4.5, 10.5], "texture": "#0"},
				"east": {"uv": [5.5, 9.5, 6.5, 10.5], "texture": "#0"},
				"south": {"uv": [7.5, 9.5, 6.5, 10.5], "texture": "#0"},
				"west": {"uv": [5.5, 10, 6.5, 11], "texture": "#0"},
				"down": {"uv": [5.5, 10.5, 6.5, 11.5], "texture": "#0"}
			}
		},
		{
			"from": [5.5, 0.5, 11],
			"to": [7.5, 2.5, 13],
			"rotation": {"angle": 0, "axis": "y", "origin": [5.5, 1, 6.5]},
			"faces": {
				"north": {"uv": [4.5, 9.5, 5.5, 10.5], "texture": "#0"},
				"east": {"uv": [5.5, 10, 6.5, 11], "texture": "#0"},
				"south": {"uv": [6.5, 9.5, 7.5, 10.5], "texture": "#0"},
				"west": {"uv": [5.5, 9.5, 6.5, 10.5], "texture": "#0"},
				"down": {"uv": [5.5, 10.5, 6.5, 11.5], "texture": "#0"}
			}
		},
		{
			"from": [9.5, 0.5, 11],
			"to": [11.5, 2.5, 13],
			"rotation": {"angle": 0, "axis": "y", "origin": [5.5, 1, 6.5]},
			"faces": {
				"north": {"uv": [5.5, 9.5, 4.5, 10.5], "texture": "#0"},
				"east": {"uv": [5.5, 9.5, 6.5, 10.5], "texture": "#0"},
				"south": {"uv": [7.5, 9.5, 6.5, 10.5], "texture": "#0"},
				"west": {"uv": [5.5, 10, 6.5, 11], "texture": "#0"},
				"down": {"uv": [5.5, 10.5, 6.5, 11.5], "texture": "#0"}
			}
		},
		{
			"from": [1, 6, 5],
			"to": [4, 10, 6],
			"rotation": {"angle": 45, "axis": "z", "origin": [3, 12, 6]},
			"faces": {
				"north": {"uv": [2, 0.5, 0.5, 2.5], "texture": "#0"},
				"east": {"uv": [2.5, 2.5, 2, 0.5], "rotation": 180, "texture": "#0"},
				"south": {"uv": [2, 5, 0.5, 3], "rotation": 180, "texture": "#0"},
				"west": {"uv": [0.5, 2.5, 0, 0.5], "rotation": 180, "texture": "#0"},
				"up": {"uv": [2, 0, 0.5, 0.5], "rotation": 180, "texture": "#0"}
			}
		},
		{
			"from": [10, 14, 5],
			"to": [13, 18, 6],
			"rotation": {"angle": -45, "axis": "z", "origin": [3, 12, 6]},
			"faces": {
				"north": {"uv": [0.5, 0.5, 2, 2.5], "texture": "#0"},
				"east": {"uv": [0.5, 2.5, 0, 0.5], "rotation": 180, "texture": "#0"},
				"south": {"uv": [0.5, 5, 2, 3], "rotation": 180, "texture": "#0"},
				"west": {"uv": [2.5, 2.5, 2, 0.5], "rotation": 180, "texture": "#0"},
				"up": {"uv": [2, 0, 0.5, 0.5], "rotation": 180, "texture": "#0"}
			}
		},
		{
			"from": [8.5, 3, 14],
			"to": [8.5, 7, 18],
			"faces": {
				"north": {"uv": [0, 0, 0, 4], "texture": "#missing"},
				"east": {"uv": [2.5, 5, 4.5, 7], "texture": "#0"},
				"west": {"uv": [4.5, 5, 2.5, 7], "texture": "#0"},
				"up": {"uv": [0, 0, 0, 3], "texture": "#missing"},
				"down": {"uv": [0, 0, 0, 3], "texture": "#missing"}
			}
		}
	],
	"display": {
		"thirdperson_righthand": {
			"rotation": [66, 45, 0],
			"translation": [-0.75, 2.25, 1],
			"scale": [0.38, 0.38, 0.38]
		},
		"thirdperson_lefthand": {
			"rotation": [66, 45, 0],
			"translation": [-0.75, 2.25, 1],
			"scale": [0.38, 0.38, 0.38]
		},
		"firstperson_righthand": {
			"rotation": [-10, 115, 0],
			"translation": [0.25, 2, 0],
			"scale": [0.37, 0.37, 0.37]
		},
		"firstperson_lefthand": {
			"rotation": [-10, 115, 0],
			"translation": [0.25, 2, 0],
			"scale": [0.37, 0.37, 0.37]
		},
		"ground": {
			"translation": [0, 2.25, 0],
			"scale": [0.41, 0.41, 0.41]
		},
		"gui": {
			"rotation": [24, 140, 0],
			"translation": [-0.25, 2, 0]
		},
		"head": {
			"rotation": [0, -180, 0],
			"translation": [0, -17, 3],
			"scale": [2.2, 2.2, 2.2]
		},
		"fixed": {
			"rotation": [-90, 0, 0],
			"translation": [-1, -2, -14.25],
			"scale": [2.07, 2.07, 2.07]
		}
	}
}