{
	"credit": "Made by Poloskun_ http://www.youtube.com/c/Enchig",
	"parent": "block/block",
	"textures": {
		"0": "custom/decorations/piggy_bank/emerald_pb",
		"1": "custom/decorations/piggy_bank/emerald_pb_back",
		"2": "custom/decorations/piggy_bank/emerald_pb_side",
		"3": "custom/decorations/piggy_bank/emerald_pb_top",
		"particle": "custom/decorations/piggy_bank/emerald_pb"
	},
	"elements": [
		{
			"from": [3, 2, 3],
			"to": [13, 12, 16],
			"rotation": {"angle": 0, "axis": "y", "origin": [8, 7, 9.5]},
			"faces": {
				"north": {"uv": [3, 4, 13, 14], "texture": "#0"},
				"east": {"uv": [1, 3, 14, 13], "texture": "#2"},
				"south": {"uv": [3, 4, 13, 14], "texture": "#1"},
				"west": {"uv": [1, 3, 14, 13], "texture": "#2"},
				"up": {"uv": [1, 3, 14, 13], "rotation": 90, "texture": "#3"},
				"down": {"uv": [1, 3, 14, 13], "rotation": 90, "texture": "#2"}
			}
		},
		{
			"from": [5, 3, 1],
			"to": [11, 7, 3],
			"rotation": {"angle": 0, "axis": "y", "origin": [8, 5, 2]},
			"faces": {
				"north": {"uv": [5, 9, 11, 13], "texture": "#0"},
				"east": {"uv": [6, 9, 8, 13], "texture": "#1"},
				"south": {"uv": [5, 8, 11, 12], "texture": "#1"},
				"west": {"uv": [8, 9, 10, 13], "texture": "#1"},
				"up": {"uv": [5, 9, 11, 11], "texture": "#1"},
				"down": {"uv": [5, 11, 11, 13], "texture": "#1"}
			}
		},
		{
			"from": [9, 0, 5],
			"to": [12, 2, 8],
			"rotation": {"angle": 0, "axis": "y", "origin": [10.5, 1, 6.5]},
			"faces": {
				"north": {"uv": [4, 14, 7, 16], "texture": "#0"},
				"east": {"uv": [9, 14, 12, 16], "texture": "#1"},
				"south": {"uv": [9, 14, 12, 16], "texture": "#1"},
				"west": {"uv": [9, 14, 12, 16], "texture": "#1"},
				"up": {"uv": [9, 5, 12, 8], "texture": "#1"},
				"down": {"uv": [4, 10, 7, 13], "texture": "#1"}
			}
		},
		{
			"from": [4, 0, 5],
			"to": [7, 2, 8],
			"rotation": {"angle": 0, "axis": "y", "origin": [5.5, 1, 6.5]},
			"faces": {
				"north": {"uv": [9, 14, 12, 16], "texture": "#0"},
				"east": {"uv": [4, 14, 7, 16], "texture": "#1"},
				"south": {"uv": [4, 14, 7, 16], "texture": "#1"},
				"west": {"uv": [4, 14, 7, 16], "texture": "#1"},
				"up": {"uv": [9, 5, 12, 8], "texture": "#1"},
				"down": {"uv": [4, 10, 7, 13], "texture": "#1"}
			}
		},
		{
			"from": [9, 0, 12],
			"to": [12, 2, 15],
			"rotation": {"angle": 0, "axis": "y", "origin": [10.5, 1, 13.5]},
			"faces": {
				"north": {"uv": [4, 14, 7, 16], "texture": "#0"},
				"east": {"uv": [9, 14, 12, 16], "texture": "#1"},
				"south": {"uv": [9, 14, 12, 16], "texture": "#1"},
				"west": {"uv": [9, 14, 12, 16], "texture": "#1"},
				"up": {"uv": [9, 5, 12, 8], "texture": "#1"},
				"down": {"uv": [4, 10, 7, 13], "texture": "#1"}
			}
		},
		{
			"from": [4, 0, 12],
			"to": [7, 2, 15],
			"rotation": {"angle": 0, "axis": "y", "origin": [5.5, 1, 13.5]},
			"faces": {
				"north": {"uv": [9, 14, 12, 16], "texture": "#0"},
				"east": {"uv": [4, 14, 7, 16], "texture": "#1"},
				"south": {"uv": [4, 14, 7, 16], "texture": "#1"},
				"west": {"uv": [4, 14, 7, 16], "texture": "#1"},
				"up": {"uv": [9, 5, 12, 8], "texture": "#1"},
				"down": {"uv": [4, 10, 7, 13], "texture": "#1"}
			}
		},
		{
			"from": [1.5, 10.5, 5],
			"to": [4.5, 13.5, 7],
			"rotation": {"angle": -45, "axis": "z", "origin": [3, 12, 6]},
			"faces": {
				"north": {"uv": [13, 1, 16, 4], "texture": "#0"},
				"east": {"uv": [13, 2, 16, 4], "rotation": 270, "texture": "#0"},
				"south": {"uv": [13, 1, 16, 4], "rotation": 270, "texture": "#0"},
				"west": {"uv": [13, 0, 16, 2], "rotation": 90, "texture": "#0"},
				"up": {"uv": [0, 0, 3, 2], "texture": "#0"},
				"down": {"uv": [0, 2, 3, 4], "texture": "#0"}
			}
		},
		{
			"from": [11.5, 10.5, 5],
			"to": [14.5, 13.5, 7],
			"rotation": {"angle": 45, "axis": "z", "origin": [13, 12, 6]},
			"faces": {
				"north": {"uv": [0, 1, 3, 4], "texture": "#0"},
				"east": {"uv": [0, 0, 3, 2], "rotation": 90, "texture": "#0"},
				"south": {"uv": [0, 1, 3, 4], "rotation": 90, "texture": "#0"},
				"west": {"uv": [0, 2, 3, 4], "rotation": 90, "texture": "#0"},
				"up": {"uv": [0, 0, 3, 2], "texture": "#0"},
				"down": {"uv": [0, 2, 3, 4], "rotation": 180, "texture": "#0"}
			}
		}
	],
	"display": {
		"thirdperson_righthand": {
			"rotation": [66, 45, 0],
			"translation": [-0.75, 3.25, 1],
			"scale": [0.38, 0.38, 0.38]
		},
		"thirdperson_lefthand": {
			"rotation": [66, 45, 0],
			"translation": [-0.75, 3.25, 1],
			"scale": [0.38, 0.38, 0.38]
		},
		"firstperson_righthand": {
			"rotation": [-10, 115, 0],
			"translation": [0.25, 2, 0],
			"scale": [0.37, 0.37, 0.37]
		},
		"firstperson_lefthand": {
			"rotation": [-10, 115, 0],
			"translation": [0.25, 2, 0],
			"scale": [0.37, 0.37, 0.37]
		},
		"ground": {
			"translation": [0, 2.25, 0],
			"scale": [0.33, 0.33, 0.33]
		},
		"gui": {
			"rotation": [24, 140, 0],
			"translation": [-0.75, 0.5, 0],
			"scale": [0.77, 0.77, 0.77]
		},
		"head": {
			"rotation": [0, -180, 0],
			"translation": [0, -20.25, 3],
			"scale": [1.58, 1.58, 1.58]
		},
		"fixed": {
			"rotation": [-90, 0, 0],
			"translation": [0, -2, -12.25],
			"scale": [1.53, 1.53, 1.53]
		}
	}
}