{
	"credit": "Made by Poloskun_ http://www.youtube.com/c/Enchig",
	"texture_size": [16, 32],
	"textures": {
		"0": "custom/furniture/chairs/bar",
		"1": "custom/furniture/chairs/padding",
		"particle": "custom/furniture/chairs/bar"
	},
	"elements": [
		{
			"from": [4, 0, 4],
			"to": [12, 1, 12],
			"faces": {
				"north": {"uv": [3, 3.5, 7, 4], "texture": "#0"},
				"east": {"uv": [3, 3.5, 7, 4], "texture": "#0"},
				"south": {"uv": [3, 3.5, 7, 4], "texture": "#0"},
				"west": {"uv": [3, 3.5, 7, 4], "texture": "#0"},
				"up": {"uv": [3, 0, 7, 4], "texture": "#0"},
				"down": {"uv": [3, 0, 7, 4], "texture": "#0"}
			}
		},
		{
			"from": [7, 1, 7],
			"to": [9, 14, 9],
			"faces": {
				"north": {"uv": [0, 0, 1, 6.5], "texture": "#0"},
				"east": {"uv": [1, 0, 0, 6.5], "texture": "#0"},
				"south": {"uv": [0, 0, 1, 6.5], "texture": "#0"},
				"west": {"uv": [1, 0, 0, 6.5], "texture": "#0"},
				"up": {"uv": [0, 2, 1, 3], "texture": "#0"},
				"down": {"uv": [0, 2, 1, 3], "texture": "#0"}
			}
		},
		{
			"from": [3, 13, 7.5],
			"to": [9, 13, 9.5],
			"rotation": {"angle": -22.5, "axis": "z", "origin": [0, 0, 0]},
			"faces": {
				"up": {"uv": [1.5, 0, 2.5, 3], "rotation": 270, "texture": "#0"},
				"down": {"uv": [2.5, 0, 1.5, 3], "rotation": 270, "texture": "#0"}
			}
		},
		{
			"from": [2, 13, 2],
			"to": [14, 15, 14],
			"faces": {
				"north": {"uv": [7, 6, 13, 7], "texture": "#0"},
				"east": {"uv": [7, 6, 13, 7], "texture": "#0"},
				"south": {"uv": [7, 6, 13, 7], "texture": "#0"},
				"west": {"uv": [7, 6, 13, 7], "texture": "#0"},
				"down": {"uv": [7, 0, 13, 6], "texture": "#0"}
			}
		},
		{
			"from": [2, 15, 2],
			"to": [14, 17, 14],
			"faces": {
				"north": {"uv": [0, 15, 14, 16], "texture": "#1", "tintindex": 0},
				"east": {"uv": [0, 15, 14, 16], "texture": "#1", "tintindex": 0},
				"south": {"uv": [0, 15, 14, 16], "texture": "#1", "tintindex": 0},
				"west": {"uv": [0, 15, 14, 16], "texture": "#1", "tintindex": 0},
				"up": {"uv": [0, 9, 14, 16], "texture": "#1", "tintindex": 0}
			}
		}
	],
	"display": {
		"thirdperson_righthand": {
			"rotation": [53, 45, 0],
			"translation": [0, 2.25, 1.5],
			"scale": [0.38, 0.38, 0.38]
		},
		"thirdperson_lefthand": {
			"rotation": [76, 0, 0],
			"translation": [-5.5, 1, -5],
			"scale": [0.75, 0.75, 0.75]
		},
		"firstperson_righthand": {
			"rotation": [-10, -144, 0],
			"translation": [0.25, 0.5, 0],
			"scale": [0.37, 0.37, 0.37]
		},
		"firstperson_lefthand": {
			"rotation": [-23, 0, 0],
			"translation": [-9.25, -3, -0.75],
			"scale": [0.5, 0.5, 0.5]
		},
		"ground": {
			"translation": [0, 2.25, 0],
			"scale": [0.26, 0.26, 0.26]
		},
		"gui": {
			"rotation": [29, -45, 0],
			"translation": [0, -1, 0],
			"scale": [0.68, 0.68, 0.68]
		},
		"head": {
			"translation": [0, 15.5, 0],
			"scale": [1.16, 1.16, 1.16]
		},
		"fixed": {
			"rotation": [-90, 0, 0],
			"translation": [0, 0, -15.75],
			"scale": [2, 2, 2]
		}
	}
}