{
	"credit": "Made by Poloskun_ http://www.youtube.com/c/Enchig",
	"parent": "block/cube_column",
	"texture_size": [64, 32],
	"textures": {
		"0": "custom/furniture/chairs/cool_armchair",
		"1": "custom/furniture/chairs/bar",
		"particle": "custom/furniture/chairs/cool_armchair"
	},
	"elements": [
		{
			"from": [11, 0, 3],
			"to": [13, 6, 5],
			"rotation": {"angle": 0, "axis": "y", "origin": [8, 9, 7.5]},
			"faces": {
				"north": {"uv": [1, 3, 0, 6], "texture": "#1"},
				"east": {"uv": [0, 3, 1, 6], "texture": "#1"},
				"south": {"uv": [1, 3, 0, 6], "texture": "#1"},
				"west": {"uv": [0, 3, 1, 6], "texture": "#1"},
				"down": {"uv": [0, 5.5, 1, 6.5], "rotation": 180, "texture": "#1"}
			}
		},
		{
			"from": [3, 0, 11],
			"to": [5, 6, 13],
			"rotation": {"angle": 0, "axis": "y", "origin": [8, 9, 7.5]},
			"faces": {
				"north": {"uv": [1, 3.5, 0, 6.5], "texture": "#1"},
				"east": {"uv": [0, 3.5, 1, 6.5], "texture": "#1"},
				"south": {"uv": [1, 3, 0, 6], "texture": "#1"},
				"west": {"uv": [0, 3, 1, 6], "texture": "#1"},
				"down": {"uv": [0, 5.5, 1, 6.5], "rotation": 180, "texture": "#1"}
			}
		},
		{
			"from": [3, 0, 3],
			"to": [5, 6, 5],
			"rotation": {"angle": 0, "axis": "y", "origin": [8, 9, 7.5]},
			"faces": {
				"north": {"uv": [0, 3, 1, 6], "texture": "#1"},
				"east": {"uv": [1, 3, 0, 6], "texture": "#1"},
				"south": {"uv": [0, 3, 1, 6], "texture": "#1"},
				"west": {"uv": [1, 3, 0, 6], "texture": "#1"},
				"down": {"uv": [0, 5.5, 1, 6.5], "rotation": 180, "texture": "#1"}
			}
		},
		{
			"from": [11, 0, 11],
			"to": [13, 6, 13],
			"rotation": {"angle": 0, "axis": "y", "origin": [8, 9, 7.5]},
			"faces": {
				"north": {"uv": [0, 3, 1, 6], "texture": "#1"},
				"east": {"uv": [1, 3, 0, 6], "texture": "#1"},
				"south": {"uv": [0, 3, 1, 6], "texture": "#1"},
				"west": {"uv": [1, 3, 0, 6], "texture": "#1"},
				"down": {"uv": [0, 5.5, 1, 6.5], "rotation": 180, "texture": "#1"}
			}
		},
		{
			"from": [2, 2, 2],
			"to": [14, 10, 14],
			"rotation": {"angle": 0, "axis": "y", "origin": [8, 9, 7.5]},
			"faces": {
				"north": {"uv": [5, 15.5, 7, 9.5], "rotation": 90, "texture": "#0", "tintindex": 0},
				"east": {"uv": [5, 15.5, 7, 9.5], "rotation": 90, "texture": "#0", "tintindex": 0},
				"south": {"uv": [5, 15.5, 7, 9.5], "rotation": 90, "texture": "#0", "tintindex": 0},
				"west": {"uv": [5, 15.5, 7, 9.5], "rotation": 90, "texture": "#0", "tintindex": 0},
				"up": {"uv": [0.25, 9.5, 3.25, 15.5], "texture": "#0", "tintindex": 0},
				"down": {"uv": [7.5, 1.5, 10.25, 7], "texture": "#0", "tintindex": 0}
			}
		}
	],
	"display": {
		"thirdperson_righthand": {
			"rotation": [66, -135, 0],
			"translation": [0, 3.25, 0.25],
			"scale": [0.38, 0.38, 0.38]
		},
		"thirdperson_lefthand": {
			"rotation": [56, -180, 0],
			"translation": [-5.5, 2.5, -1.25],
			"scale": [0.77, 0.77, 0.77]
		},
		"firstperson_righthand": {
			"rotation": [-10, -66, 0],
			"translation": [0.25, 1.25, 0],
			"scale": [0.37, 0.37, 0.37]
		},
		"firstperson_lefthand": {
			"rotation": [-7, -180, 0],
			"translation": [-9.25, -1.25, -0.5],
			"scale": [0.46, 0.46, 0.46]
		},
		"ground": {
			"translation": [0, 2.25, 0],
			"scale": [0.26, 0.26, 0.26]
		},
		"gui": {
			"rotation": [29, -45, 0],
			"translation": [0, 1.25, 0],
			"scale": [0.71, 0.71, 0.71]
		},
		"head": {
			"translation": [0, 15.75, 0],
			"scale": [1.18, 1.18, 1.18]
		},
		"fixed": {
			"rotation": [-90, 0, 0],
			"translation": [0, 0, -15.75],
			"scale": [2, 2, 2]
		}
	}
}