{
    "parent":"block/cube_all",
    "textures":{"all":"block/warped_planks"},
    "elements":[{
        "faces":{
            "down":{"cullface":"down","rotation":90,"texture":"#down"},
            "east":{"cullface":"east","rotation":90,"texture":"#east"},
            "north":{"cullface":"north","rotation":270,"texture":"#north"},
            "south":{"cullface":"south","rotation":90,"texture":"#south"},
            "up":{"cullface":"up","rotation":90,"texture":"#up"},
            "west":{"cullface":"west","rotation":90,"texture":"#west"}
        },
        "from":[0,0,0],
        "to":[16,16,16]
    }]
}