{
	"credit": "Made by Poloskun_ http://www.youtube.com/c/Enchig",
	"textures": {
		"0": "custom/christmas/ball",
		"particle": "custom/christmas/ball"
	},
	"elements": [
		{
			"from": [5, 6, 5],
			"to": [11, 12, 11],
			"faces": {
				"north": {"uv": [0, 5, 5, 10], "texture": "#0", "tintindex": 0},
				"east": {"uv": [0, 5, 5, 10], "texture": "#0", "tintindex": 0},
				"south": {"uv": [0, 5, 5, 10], "texture": "#0", "tintindex": 0},
				"west": {"uv": [0, 5, 5, 10], "texture": "#0", "tintindex": 0},
				"up": {"uv": [0, 0, 5, 5], "texture": "#0", "tintindex": 0},
				"down": {"uv": [0, 10, 5, 15], "texture": "#0", "tintindex": 0}
			}
		},
		{
			"from": [5.75, 6.75, 11.25],
			"to": [10.25, 11.25, 11.25],
			"faces": {
				"north": {"uv": [0.5, 5.5, 4.5, 9.5], "texture": "#0", "tintindex": 0},
				"east": {"uv": [0.5, 5.5, 4.5, 9.5], "texture": "#0", "tintindex": 0},
				"south": {"uv": [0.5, 5.5, 4.5, 9.5], "texture": "#0", "tintindex": 0},
				"west": {"uv": [0.5, 5.5, 4.5, 9.5], "texture": "#0", "tintindex": 0}
			}
		},
		{
			"from": [5.75, 6.75, 4.75],
			"to": [10.25, 11.25, 4.75],
			"faces": {
				"north": {"uv": [0.5, 5.5, 4.5, 9.5], "texture": "#0", "tintindex": 0},
				"east": {"uv": [0.5, 5.5, 4.5, 9.5], "texture": "#0", "tintindex": 0},
				"south": {"uv": [0.5, 5.5, 4.5, 9.5], "texture": "#0", "tintindex": 0},
				"west": {"uv": [0.5, 5.5, 4.5, 9.5], "texture": "#0", "tintindex": 0}
			}
		},
		{
			"from": [11.25, 6.75, 5.75],
			"to": [11.25, 11.25, 10.25],
			"faces": {
				"north": {"uv": [0.5, 5.5, 4.5, 9.5], "texture": "#0", "tintindex": 0},
				"east": {"uv": [0.5, 5.5, 4.5, 9.5], "texture": "#0", "tintindex": 0},
				"south": {"uv": [0.5, 5.5, 4.5, 9.5], "texture": "#0", "tintindex": 0},
				"west": {"uv": [0.5, 5.5, 4.5, 9.5], "texture": "#0", "tintindex": 0}
			}
		},
		{
			"from": [4.75, 6.75, 5.75],
			"to": [4.75, 11.25, 10.25],
			"faces": {
				"north": {"uv": [0.5, 5.5, 4.5, 9.5], "texture": "#0", "tintindex": 0},
				"east": {"uv": [0.5, 5.5, 4.5, 9.5], "texture": "#0", "tintindex": 0},
				"south": {"uv": [0.5, 5.5, 4.5, 9.5], "texture": "#0", "tintindex": 0},
				"west": {"uv": [0.5, 5.5, 4.5, 9.5], "texture": "#0", "tintindex": 0}
			}
		},
		{
			"from": [5.75, 5.75, 5.75],
			"to": [10.25, 5.75, 10.25],
			"faces": {
				"north": {"uv": [0.5, 5.5, 4.5, 9.5], "rotation": 90, "texture": "#0", "tintindex": 0},
				"south": {"uv": [0.5, 5.5, 4.5, 9.5], "rotation": 270, "texture": "#0", "tintindex": 0},
				"up": {"uv": [0.5, 10.5, 4.5, 14.5], "rotation": 270, "texture": "#0", "tintindex": 0},
				"down": {"uv": [0.5, 10.5, 4.5, 14.5], "rotation": 270, "texture": "#0", "tintindex": 0}
			}
		},
		{
			"from": [5.75, 12.25, 5.75],
			"to": [10.25, 12.25, 10.25],
			"faces": {
				"north": {"uv": [0.5, 5.5, 4.5, 9.5], "rotation": 90, "texture": "#0", "tintindex": 0},
				"south": {"uv": [0.5, 5.5, 4.5, 9.5], "rotation": 270, "texture": "#0", "tintindex": 0},
				"up": {"uv": [0.5, 0.5, 4.5, 4.5], "rotation": 270, "texture": "#0", "tintindex": 0},
				"down": {"uv": [0.5, 0.5, 4.5, 4.5], "rotation": 270, "texture": "#0"}
			}
		},
		{
			"from": [6.75, 11.75, 6.75],
			"to": [9.25, 13.25, 9.25],
			"faces": {
				"north": {"uv": [12, 15, 14, 16], "texture": "#0"},
				"east": {"uv": [12, 15, 14, 16], "texture": "#0"},
				"south": {"uv": [12, 15, 14, 16], "texture": "#0"},
				"west": {"uv": [12, 15, 14, 16], "texture": "#0"},
				"up": {"uv": [12, 13, 14, 15], "texture": "#0"},
				"down": {"uv": [0, 0, 1, 1], "texture": "#missing"}
			}
		},
		{
			"from": [6.75, 13.25, 8],
			"to": [9.25, 16.25, 8],
			"faces": {
				"north": {"uv": [14, 13, 16, 15.5], "texture": "#0"},
				"east": {"uv": [0, 0, 1, 1], "texture": "#missing"},
				"south": {"uv": [14, 13, 16, 15.5], "texture": "#0"},
				"west": {"uv": [0, 0, 1, 1], "texture": "#missing"},
				"up": {"uv": [0, 0, 1, 1], "texture": "#missing"},
				"down": {"uv": [0, 0, 1, 1], "texture": "#missing"}
			}
		},
		{
			"from": [6.75, 16.25, 8],
			"to": [9.25, 18.65, 8],
			"faces": {
				"north": {"uv": [14, 15, 16, 13], "texture": "#0"},
				"east": {"uv": [0, 0, 1, 1], "texture": "#missing"},
				"south": {"uv": [14, 15, 16, 13], "texture": "#0"},
				"west": {"uv": [0, 0, 1, 1], "texture": "#missing"},
				"up": {"uv": [0, 0, 1, 1], "texture": "#missing"},
				"down": {"uv": [0, 0, 1, 1], "texture": "#missing"}
			}
		}
	],
	"display": {
		"thirdperson_righthand": {
			"rotation": [64, 0, 0],
			"translation": [0, -3.5, -4.75],
			"scale": [0.58, 0.58, 0.58]
		},
		"thirdperson_lefthand": {
			"rotation": [64, 0, 0],
			"translation": [0, -3.5, -4.75],
			"scale": [0.58, 0.58, 0.58]
		},
		"firstperson_righthand": {
			"translation": [4.75, 0.5, 0],
			"scale": [0.42, 0.42, 0.42]
		},
		"firstperson_lefthand": {
			"translation": [4.75, 0.5, 0],
			"scale": [0.42, 0.42, 0.42]
		},
		"ground": {
			"translation": [0, 0.25, 0],
			"scale": [0.46, 0.46, 0.46]
		},
		"gui": {
			"rotation": [25, 135, 0],
			"translation": [0, -3.25, 0],
			"scale": [1.19, 1.19, 1.19]
		},
		"head": {
			"translation": [0, -17, 0],
			"scale": [2.285, 2.285, 2.285]
		},
		"fixed": {
			"rotation": [19, 0, 0],
			"translation": [0, -4.75, -4.5],
			"scale": [1.74, 1.74, 1.74]
		}
	}
}