{
	"credit": "Made by Poloskun_ http://www.youtube.com/c/Enchig",
	"texture_size": [32, 16],
	"textures": {
		"0": "custom/christmas/santa_socks",
		"particle": "custom/christmas/santa_socks"
	},
	"elements": [
		{
			"from": [4, 11, -1],
			"to": [11, 14, 4],
			"faces": {
				"north": {"uv": [0, 8, 3.5, 5], "texture": "#0"},
				"east": {"uv": [5, 0, 3.5, 5], "rotation": 90, "texture": "#0"},
				"south": {"uv": [0, 8, 3.5, 5], "texture": "#0"},
				"west": {"uv": [5, 0, 3.5, 5], "rotation": 90, "texture": "#0"},
				"up": {"uv": [0, 0, 3.5, 5], "texture": "#0"},
				"down": {"uv": [0, 0, 3.5, 5], "texture": "#0"}
			}
		},
		{
			"from": [5, 3, -0.5],
			"to": [10, 11, 3.5],
			"faces": {
				"north": {"uv": [14, 12, 11.5, 4], "texture": "#0", "tintindex": 0},
				"east": {"uv": [11.5, 0, 13.5, 8], "texture": "#0", "tintindex": 0},
				"south": {"uv": [11.5, 12, 14, 4], "texture": "#0", "tintindex": 0},
				"west": {"uv": [14, 4, 16, 12], "texture": "#0", "tintindex": 0},
				"down": {"uv": [14, 12, 11.5, 16], "texture": "#0", "tintindex": 0}
			}
		},
		{
			"from": [10, 3, -0.5],
			"to": [13, 7, 3.5],
			"faces": {
				"north": {"uv": [10, 8, 11.5, 12], "texture": "#0", "tintindex": 0},
				"east": {"uv": [8, 8, 10, 12], "texture": "#0", "tintindex": 0},
				"south": {"uv": [11.5, 8, 10, 12], "texture": "#0", "tintindex": 0},
				"up": {"uv": [11.5, 4, 10, 8], "texture": "#0", "tintindex": 0},
				"down": {"uv": [11.5, 12, 10, 16], "texture": "#0", "tintindex": 0}
			}
		}
	],
	"display": {
		"thirdperson_righthand": {
			"rotation": [60, 90, 0],
			"translation": [6.25, -2, -5],
			"scale": [0.94, 0.94, 0.94]
		},
		"thirdperson_lefthand": {
			"rotation": [60, -90, 0],
			"translation": [-5.75, -2, -5],
			"scale": [0.94, 0.94, 0.94]
		},
		"firstperson_righthand": {
			"rotation": [10, 115, -10],
			"translation": [6.5, 2.25, 0],
			"scale": [0.57, 0.57, 0.57]
		},
		"firstperson_lefthand": {
			"rotation": [-4, -80, -10],
			"translation": [0.5, 2.25, 1.75],
			"scale": [0.57, 0.57, 0.57]
		},
		"ground": {
			"translation": [0, 1.75, 3.5],
			"scale": [0.51, 0.51, 0.51]
		},
		"gui": {
			"rotation": [32, -45, 0],
			"translation": [-5.25, -3.25, 0],
			"scale": [1.07, 1.07, 1.07]
		},
		"head": {
			"rotation": [-180, 35, 23],
			"translation": [14.25, 12, -5.25],
			"scale": [1.58, 1.58, 1.58]
		},
		"fixed": {
			"rotation": [0, -180, 11],
			"translation": [0, 0, -14],
			"scale": [1.91, 1.91, 1.91]
		}
	}
}