{
	"credit": "Made by Poloskun_ http://www.youtube.com/c/Enchig",
	"textures": {
		"0": "./enchanter",
		"particle": "./enchanter"
	},
	"elements": [
		{
			"from": [3, 0, 3],
			"to": [13, 8, 13],
			"faces": {
				"north": {"uv": [0, 5, 5, 9], "texture": "#0"},
				"east": {"uv": [10, 5, 5, 9], "texture": "#0"},
				"south": {"uv": [10, 5, 15, 9], "texture": "#0"},
				"west": {"uv": [5, 5, 10, 9], "texture": "#0"},
				"up": {"uv": [0, 0, 5, 5], "texture": "#0"},
				"down": {"uv": [0, 0, 5, 5], "texture": "#0"}
			}
		}
	],
	"display": {
		"thirdperson_righthand": {
			"rotation": [32, 0, 0],
			"translation": [0, 0.75, -1.5],
			"scale": [0.66, 0.66, 0.66]
		},
		"thirdperson_lefthand": {
			"rotation": [32, 0, 0],
			"translation": [0, 0.75, -1.5],
			"scale": [0.66, 0.66, 0.66]
		},
		"firstperson_righthand": {
			"rotation": [-19, 130, 0],
			"translation": [4.25, 1.75, -3.25],
			"scale": [0.65, 0.65, 0.65]
		},
		"firstperson_lefthand": {
			"rotation": [-19, 130, 0],
			"translation": [4.25, 1.75, -3.25],
			"scale": [0.65, 0.65, 0.65]
		},
		"ground": {
			"translation": [0, 4.5, 0],
			"scale": [0.37, 0.37, 0.37]
		},
		"gui": {
			"rotation": [40, -134, 0],
			"translation": [0, 3, 0],
			"scale": [0.92, 0.92, 0.92]
		},
		"head": {
			"translation": [0, 14, 0],
			"scale": [1.57, 1.57, 1.57]
		},
		"fixed": {
			"rotation": [-90, 0, 0],
			"translation": [0, 0, -12.75],
			"scale": [1.65, 1.65, 1.65]
		}
	}
}