{
	"credit": "Made by Poloskun_ http://www.youtube.com/c/Enchig",
	"parent": "minecraft:block/cube_all",
	"textures": {
		"1": "block/moss_block_1",
		"particle": "block/moss_block_1",
		"all": "block/moss_block"
	},
	"elements": [
		{
			"from": [0, 0, 0],
			"to": [16, 1, 16],
			"faces": {
				"north": {"uv": [0, 0, 16, 1], "texture": "#all"},
				"east": {"uv": [0, 0, 16, 1], "texture": "#all"},
				"south": {"uv": [0, 0, 16, 1], "texture": "#all"},
				"west": {"uv": [0, 0, 16, 1], "texture": "#all"},
				"up": {"uv": [0, 0, 16, 16], "texture": "#all"},
				"down": {"uv": [0, 0, 16, 16], "texture": "#all"}
			}
		},
		{
			"from": [-0.01, -13.98, -0.01],
			"to": [16.01, 0.02, 16.01],
			"rotation": {"angle": 0, "axis": "y", "origin": [8.1, 7, 24]},
			"faces": {
				"north": {"uv": [0, 0, 16, 14], "texture": "#1"},
				"east": {"uv": [16, 0, 0, 14], "texture": "#1"},
				"south": {"uv": [0, 0, 16, 14], "texture": "#1"},
				"west": {"uv": [0, 0, 16, 14], "texture": "#1"}
			}
		},
		{
			"from": [16, 0.02, 16],
			"to": [0, -13.98, 0],
			"rotation": {"angle": 0, "axis": "y", "origin": [8.1, 7, 24]},
			"faces": {
				"north": {"uv": [0, 14, 16, 0], "texture": "#1"},
				"east": {"uv": [0, 14, 16, 0], "texture": "#1"},
				"south": {"uv": [0, 14, 16, 0], "texture": "#1"},
				"west": {"uv": [16, 14, 0, 0], "texture": "#1"}
			}
		}
	],
	"display": {
		"thirdperson_righthand": {
			"rotation": [75, 45, 0],
			"translation": [0, 2.5, 3.75],
			"scale": [0.375, 0.375, 0.375]
		},
		"thirdperson_lefthand": {
			"rotation": [75, 45, 0],
			"translation": [0, 2.5, 3.75],
			"scale": [0.375, 0.375, 0.375]
		},
		"firstperson_righthand": {
			"rotation": [0, 45, 0],
			"translation": [0, 4.25, 0],
			"scale": [0.4, 0.4, 0.4]
		},
		"firstperson_lefthand": {
			"rotation": [0, 45, 0],
			"translation": [0, 4.25, 0],
			"scale": [0.4, 0.4, 0.4]
		},
		"ground": {
			"translation": [0, 3, 0],
			"scale": [0.25, 0.25, 0.25]
		},
		"gui": {
			"rotation": [30, 225, 0],
			"translation": [0, 7.25, 0],
			"scale": [0.625, 0.625, 0.625]
		},
		"head": {
			"translation": [0, 15.75, 0]
		},
		"fixed": {
			"translation": [0, 5.75, 0],
			"scale": [0.5, 0.5, 0.5]
		}
	}
}