{
	"credit": "Made by Poloskun_ http://www.youtube.com/c/Enchig",
	"parent": "block/cube_column",
	"texture_size": [64, 32],
	"textures": {
		"0": "custom/furniture/chairs/cool_armchair",
		"1": "custom/furniture/chairs/bar",
		"particle": "custom/furniture/chairs/cool_armchair"
	},
	"elements": [
		{
			"from": [-2, 2, -0.48],
			"to": [2, 15, 16.52],
			"rotation": {"angle": 0, "axis": "y", "origin": [16, 17, 6.5]},
			"faces": {
				"north": {"uv": [7.25, 10.5, 10.5, 8.5], "rotation": 90, "texture": "#0", "tintindex": 0},
				"east": {"uv": [7.25, 8.5, 10.5, 0], "rotation": 90, "texture": "#0", "tintindex": 0},
				"south": {"uv": [7.25, 10.5, 10.5, 8.5], "rotation": 90, "texture": "#0", "tintindex": 0},
				"west": {"uv": [7.25, 8.5, 10.5, 0], "rotation": 90, "texture": "#0", "tintindex": 0},
				"up": {"uv": [6.25, 0, 7.25, 8.5], "rotation": 180, "texture": "#0", "tintindex": 0},
				"down": {"uv": [5.25, 8.5, 6.25, 0], "rotation": 180, "texture": "#0", "tintindex": 0}
			}
		},
		{
			"from": [2, 0, 13.5],
			"to": [4, 6, 15.5],
			"rotation": {"angle": 0, "axis": "y", "origin": [8, 9, 7.5]},
			"faces": {
				"north": {"uv": [1, 3.5, 0, 6.5], "texture": "#1"},
				"east": {"uv": [0, 3.5, 1, 6.5], "texture": "#1"},
				"south": {"uv": [1, 3, 0, 6], "texture": "#1"},
				"west": {"uv": [0, 3, 1, 6], "texture": "#1"},
				"down": {"uv": [0, 5.5, 1, 6.5], "rotation": 180, "texture": "#1"}
			}
		},
		{
			"from": [2, 0, 0.5],
			"to": [4, 6, 2.5],
			"rotation": {"angle": 0, "axis": "y", "origin": [8, 9, 7.5]},
			"faces": {
				"north": {"uv": [0, 3, 1, 6], "texture": "#1"},
				"east": {"uv": [1, 3, 0, 6], "texture": "#1"},
				"south": {"uv": [0, 3, 1, 6], "texture": "#1"},
				"west": {"uv": [1, 3, 0, 6], "texture": "#1"},
				"down": {"uv": [0, 5.5, 1, 6.5], "rotation": 180, "texture": "#1"}
			}
		},
		{
			"from": [2, 6.75, -0.75],
			"to": [15.99, 23.75, 5.25],
			"rotation": {"angle": -22.5, "axis": "x", "origin": [9, 9, 7.5]},
			"faces": {
				"north": {"uv": [0, 0, 3.5, 8.5], "texture": "#0", "tintindex": 0},
				"east": {"uv": [3.5, 0, 5, 8.5], "texture": "#0", "tintindex": 0},
				"south": {"uv": [0, 0, 3.5, 8.5], "texture": "#0", "tintindex": 0},
				"west": {"uv": [3.5, 0, 5, 8.5], "texture": "#0", "tintindex": 0},
				"up": {"uv": [3.75, 9, 5, 16], "rotation": 90, "texture": "#0", "tintindex": 0},
				"down": {"uv": [1, 8.5, 8, 6.5], "rotation": 180, "texture": "#0", "tintindex": 0}
			}
		},
		{
			"from": [2, 2, -0.5],
			"to": [16, 10, 16.5],
			"rotation": {"angle": 0, "axis": "y", "origin": [9, 9, 7.5]},
			"faces": {
				"north": {"uv": [0, 4, 3.5, 8], "texture": "#0", "tintindex": 0},
				"east": {"uv": [5, 15.5, 7, 9.5], "rotation": 90, "texture": "#0", "tintindex": 0},
				"south": {"uv": [5, 15.5, 7, 9.5], "rotation": 90, "texture": "#0", "tintindex": 0},
				"west": {"uv": [5, 15.5, 7, 9.5], "rotation": 90, "texture": "#0", "tintindex": 0},
				"up": {"uv": [0, 7.5, 3.5, 16], "texture": "#0", "tintindex": 0},
				"down": {"uv": [7.5, 0, 10.25, 8.5], "texture": "#0", "tintindex": 0}
			}
		}
	],
	"display": {
		"thirdperson_righthand": {
			"rotation": [66, -135, 0],
			"translation": [0, 3.25, 0.25],
			"scale": [0.38, 0.38, 0.38]
		},
		"thirdperson_lefthand": {
			"rotation": [70, -180, 0],
			"translation": [-5.5, 3.5, -6.5],
			"scale": [0.72, 0.72, 0.72]
		},
		"firstperson_righthand": {
			"rotation": [-10, -66, 0],
			"translation": [0.25, 1.25, 0],
			"scale": [0.37, 0.37, 0.37]
		},
		"firstperson_lefthand": {
			"rotation": [-23, -180, 0],
			"translation": [-9.25, -6, -0.75],
			"scale": [0.5, 0.5, 0.5]
		},
		"ground": {
			"translation": [0, 2.25, 0],
			"scale": [0.26, 0.26, 0.26]
		},
		"gui": {
			"rotation": [29, -45, 0],
			"translation": [0, -1.5, 0],
			"scale": [0.47, 0.47, 0.47]
		},
		"head": {
			"rotation": [0, -180, 0],
			"translation": [0, 14.25, 0]
		},
		"fixed": {
			"rotation": [-90, 0, 0],
			"translation": [0, 0, -15.75],
			"scale": [2, 2, 2]
		}
	}
}