{
	"credit": "Made by Poloskun_ http://www.youtube.com/c/Enchig",
	"texture_size": [32, 16],
	"textures": {
		"0": "./chef_hat",
		"particle": "./chef_hat"
	},
	"elements": [
		{
			"from": [12, 8, 12],
			"to": [4, 0, 4],
			"faces": {
				"north": {"uv": [0, 16, 4, 7], "texture": "#0", "tintindex": 0},
				"east": {"uv": [4, 16, 0, 7], "texture": "#0", "tintindex": 0},
				"south": {"uv": [0, 16, 4, 7], "texture": "#0", "tintindex": 0},
				"west": {"uv": [4, 16, 0, 7], "texture": "#0", "tintindex": 0}
			}
		},
		{
			"from": [4, 0, 4],
			"to": [12, 8, 12],
			"faces": {
				"north": {"uv": [0, 7, 4, 16], "texture": "#0", "tintindex": 0},
				"east": {"uv": [4, 7, 0, 16], "texture": "#0", "tintindex": 0},
				"south": {"uv": [0, 7, 4, 16], "texture": "#0", "tintindex": 0},
				"west": {"uv": [4, 7, 0, 16], "texture": "#0", "tintindex": 0}
			}
		},
		{
			"from": [3.5, 7.1, 3.5],
			"to": [12.5, 9.1, 12.5],
			"faces": {
				"north": {"uv": [0, 0, 4.5, 2], "texture": "#0", "tintindex": 0},
				"east": {"uv": [0, 0, 4.5, 2], "texture": "#0", "tintindex": 0},
				"south": {"uv": [0, 0, 4.5, 2], "texture": "#0", "tintindex": 0},
				"west": {"uv": [0, 0, 4.5, 2], "texture": "#0", "tintindex": 0},
				"up": {"uv": [11.5, 7, 16, 16], "texture": "#0", "tintindex": 0},
				"down": {"uv": [11.5, 7, 16, 16], "texture": "#0", "tintindex": 0}
			}
		}
	],
	"display": {
		"thirdperson_righthand": {
			"rotation": [-52, 0, 0],
			"translation": [0, 0, -5],
			"scale": [0.7, 0.7, 0.7]
		},
		"thirdperson_lefthand": {
			"rotation": [-52, 0, 0],
			"translation": [0, 0, -5],
			"scale": [0.7, 0.7, 0.7]
		},
		"firstperson_righthand": {
			"rotation": [-108, 0, 0],
			"translation": [2.5, -2.25, -2],
			"scale": [0.62, 0.62, 0.62]
		},
		"firstperson_lefthand": {
			"rotation": [-108, 0, 0],
			"translation": [2.5, -2.25, -2],
			"scale": [0.62, 0.62, 0.62]
		},
		"ground": {
			"translation": [0, 5.25, 0],
			"scale": [0.42, 0.42, 0.42]
		},
		"gui": {
			"rotation": [30, 135, 0],
			"translation": [0, 2.5, 0]
		},
		"head": {
			"translation": [0, 17, 0],
			"scale": [1.61, 1.61, 1.61]
		},
		"fixed": {
			"rotation": [-90, 0, 0],
			"translation": [0, 0, -15.75],
			"scale": [2, 2, 2]
		}
	},
	"groups": [
		{
			"name": "group",
			"origin": [0, 0, 0],
			"color": 0,
			"children": [0, 1, 2]
		}
	]
}