{
	"credit": "Made by Poloskun_ http://www.youtube.com/c/Enchig",
	"texture_size": [32, 16],
	"textures": {
		"0": "./chef_hat",
		"particle": "./chef_hat"
	},
	"elements": [
		{
			"from": [4, 0, 4],
			"to": [12, 5, 12],
			"faces": {
				"north": {"uv": [4, 9, 0, 14], "texture": "#0"},
				"east": {"uv": [0, 9, 4, 14], "texture": "#0"},
				"south": {"uv": [4, 9, 0, 14], "texture": "#0", "tintindex": 0},
				"west": {"uv": [0, 9, 4, 14], "texture": "#0"},
				"up": {"uv": [4.5, 8, 8.5, 16], "texture": "#0", "tintindex": 0}
			}
		},
		{
			"from": [12, 5, 12],
			"to": [4, 0, 4],
			"faces": {
				"north": {"uv": [4, 14, 0, 9], "texture": "#0"},
				"east": {"uv": [0, 14, 4, 9], "texture": "#0"},
				"south": {"uv": [4, 14, 0, 9], "texture": "#0", "tintindex": 0},
				"west": {"uv": [0, 14, 4, 9], "texture": "#0"},
				"down": {"uv": [8.5, 8, 4.5, 16], "texture": "#0", "tintindex": 0}
			}
		}
	],
	"display": {
		"thirdperson_righthand": {
			"rotation": [-52, 0, 0],
			"translation": [0, 0, -5],
			"scale": [0.7, 0.7, 0.7]
		},
		"thirdperson_lefthand": {
			"rotation": [-52, 0, 0],
			"translation": [0, 0, -5],
			"scale": [0.7, 0.7, 0.7]
		},
		"firstperson_righthand": {
			"rotation": [-76, 0, 0],
			"translation": [1.25, -0.25, -2],
			"scale": [0.63, 0.63, 0.63]
		},
		"firstperson_lefthand": {
			"rotation": [-76, 0, 0],
			"translation": [1.25, -0.25, -2],
			"scale": [0.63, 0.63, 0.63]
		},
		"ground": {
			"translation": [0, 5.25, 0],
			"scale": [0.39, 0.39, 0.39]
		},
		"gui": {
			"rotation": [30, 135, 0],
			"translation": [0, 5, 0],
			"scale": [1.1, 1.1, 1.1]
		},
		"head": {
			"translation": [0, 17, 0],
			"scale": [1.61, 1.61, 1.61]
		},
		"fixed": {
			"rotation": [-90, 0, 0],
			"translation": [0, 0, -15.75],
			"scale": [2, 2, 2]
		}
	}
}