{
	"credit": "Made by Poloskun_ http://www.youtube.com/c/Enchig",
	"texture_size": [32, 32],
	"textures": {
		"0": "custom/furniture/nightstand/warped",
		"particle": "custom/furniture/nightstand/warped"
	},
	"elements": [
		{
			"from": [0, 14, 0],
			"to": [16, 16, 16],
			"faces": {
				"north": {"uv": [0, 0, 8, 1], "texture": "#0"},
				"east": {"uv": [8, 0, 9, 8], "rotation": 90, "texture": "#0"},
				"south": {"uv": [0, 8, 8, 7], "texture": "#0"},
				"west": {"uv": [8, 8, 9, 0], "rotation": 90, "texture": "#0"},
				"up": {"uv": [0, 0, 8, 8], "texture": "#0"},
				"down": {"uv": [0, 0, 8, 8], "texture": "#0"}
			}
		},
		{
			"from": [0, 1, 1],
			"to": [16, 14, 15],
			"faces": {
				"north": {"uv": [9, 9, 16, 15.5], "texture": "#0"},
				"east": {"uv": [9, 9, 16, 15.5], "texture": "#0"},
				"south": {"uv": [2, 9, 9, 15.5], "texture": "#0"},
				"west": {"uv": [9, 9, 16, 15.5], "texture": "#0"},
				"down": {"uv": [9, 0.5, 16, 7.5], "rotation": 180, "texture": "#0"}
			}
		}
	],
	"display": {
		"thirdperson_righthand": {
			"rotation": [66, -135, 0],
			"translation": [0, 3.25, 0.25],
			"scale": [0.38, 0.38, 0.38]
		},
		"thirdperson_lefthand": {
			"rotation": [66, -180, 0],
			"translation": [-5.5, 0, -3.25],
			"scale": [0.66, 0.66, 0.66]
		},
		"firstperson_righthand": {
			"rotation": [-11, -66, 0],
			"translation": [0.75, 1.25, 0],
			"scale": [0.37, 0.37, 0.37]
		},
		"firstperson_lefthand": {
			"rotation": [-6, 0, 0],
			"translation": [-9, 1, 2.5],
			"scale": [0.33, 0.33, 0.33]
		},
		"ground": {
			"translation": [0, 2.25, 0],
			"scale": [0.26, 0.26, 0.26]
		},
		"gui": {
			"rotation": [29, 45, 0],
			"translation": [0, -0.25, 0],
			"scale": [0.6, 0.6, 0.6]
		},
		"head": {
			"rotation": [0, -180, 0],
			"translation": [0, -0.5, 0]
		},
		"fixed": {
			"rotation": [-90, 0, 0],
			"translation": [0, 0, -15.75],
			"scale": [2, 2, 2]
		}
	}
}