{
	"credit": "Made by Poloskun_ http://www.youtube.com/c/Enchig",
	"texture_size": [32, 48],
	"textures": {
		"0": "./sun_hat",
		"particle": "./sun_hat"
	},
	"elements": [
		{
			"from": [-6, 0, -6],
			"to": [22, 0, 22],
			"rotation": {"angle": 0, "axis": "z", "origin": [8, -9.8, 8]},
			"faces": {
				"up": {"uv": [0, 3.66667, 14, 13], "texture": "#0"},
				"down": {"uv": [14, 3.66667, 0, 13], "texture": "#0"}
			}
		},
		{
			"from": [3, 0, 3],
			"to": [13, 5, 13],
			"rotation": {"angle": 0, "axis": "z", "origin": [8, -9.8, 8]},
			"faces": {
				"north": {"uv": [0, 0, 5, 1.66667], "texture": "#0"},
				"east": {"uv": [0, 0, 5, 1.66667], "texture": "#0"},
				"south": {"uv": [0, 0, 5, 1.66667], "texture": "#0"},
				"west": {"uv": [0, 0, 5, 1.66667], "texture": "#0"},
				"up": {"uv": [4.5, 6.66667, 9.5, 10], "texture": "#0"}
			}
		},
		{
			"from": [2.75, 1, 2.75],
			"to": [13.25, 6, 13.25],
			"rotation": {"angle": 0, "axis": "z", "origin": [8, -9.8, 8]},
			"faces": {
				"north": {"uv": [0, 1.66667, 5, 3.33333], "texture": "#0", "tintindex": 0},
				"east": {"uv": [0, 1.66667, 5, 3.33333], "texture": "#0", "tintindex": 0},
				"south": {"uv": [0, 1.66667, 5, 3.33333], "texture": "#0", "tintindex": 0},
				"west": {"uv": [0, 1.66667, 5, 3.33333], "texture": "#0", "tintindex": 0}
			}
		}
	],
	"display": {
		"thirdperson_righthand": {
			"rotation": [38, 0, 0],
			"translation": [0, 3.25, 1.25],
			"scale": [0.4, 0.4, 0.4]
		},
		"thirdperson_lefthand": {
			"rotation": [44, 0, 0],
			"translation": [-5.25, 6, 2.25],
			"scale": [0.7, 0.7, 0.7]
		},
		"firstperson_righthand": {
			"translation": [17.25, -0.75, -13.5]
		},
		"firstperson_lefthand": {
			"translation": [-9.75, 3, -13.5],
			"scale": [1.2, 1.2, 1.2]
		},
		"ground": {
			"translation": [0, 6, 0],
			"scale": [0.28, 0.28, 0.28]
		},
		"gui": {
			"rotation": [25, 45, 0],
			"translation": [0, 3.25, 0],
			"scale": [0.51, 0.51, 0.51]
		},
		"head": {
			"rotation": [12, 0, 0],
			"translation": [0, 14.5, 2.25],
			"scale": [1.5, 1.5, 1.5]
		},
		"fixed": {
			"rotation": [-90, 0, 0],
			"translation": [0, 0, -16.03],
			"scale": [2, 2, 2]
		}
	},
	"groups": [
		{
			"name": "group",
			"origin": [8, 13, 8],
			"color": 0,
			"children": [0, 1, 2]
		}
	]
}